/* Throne of Thunder */
SET FOREIGN_KEY_CHECKS = 0;


DELETE FROM creature WHERE map = 1098;
DELETE FROM gameobject WHERE map = 1098;

-- GUID RANGES
-- Gameobjects
SET @OGUID := (SELECT MAX(guid) FROM gameobject) + 1;
-- Creatures 
SET @CGUID := (SELECT MAX(guid) FROM creature) + 1;

-- Instance Script
DELETE FROM `instance_template` WHERE `map` = 1098;
INSERT INTO `instance_template` (map, parent, script, allowMount) VALUES
(1098, 1064, 'instance_throne_of_thunder', 0);

SET @RAID_DIFF_10N := 3100000;
SET @RAID_DIFF_10H := 3200000;
SET @RAID_DIFF_25N := 3300000;
SET @RAID_DIFF_25H := 3400000;
SET @RAID_DIFF_25R := 3500000;


-- Difficulty Data
SET @HP_MOD_93 := (SELECT basehp4 FROM creature_classlevelstats WHERE class = 1 AND LEVEL = 93);
SET @HP_MOD_92 := (SELECT basehp4 FROM creature_classlevelstats WHERE class = 1 AND LEVEL = 92);
SET @HP_MOD_91 := (SELECT basehp4 FROM creature_classlevelstats WHERE class = 1 AND LEVEL = 91);
SET @HP_MOD_90 := (SELECT basehp4 FROM creature_classlevelstats WHERE class = 1 AND LEVEL = 90);
SET @HP_MOD_1  := (SELECT basehp0 FROM creature_classlevelstats WHERE class = 1 AND LEVEL = 0);

UPDATE creature_template SET flags_extra = flags_extra | 1, mechanic_immune_mask = 667893759 WHERE entry IN 
(69465);
UPDATE creature_template SET difficulty_entry_3 = @RAID_DIFF_10N + entry, difficulty_entry_4 = @RAID_DIFF_25N + entry, difficulty_entry_5 = @RAID_DIFF_10H + entry, difficulty_entry_6 = @RAID_DIFF_25H + entry, difficulty_entry_7 = @RAID_DIFF_25R + entry WHERE entry IN 
(54020,59394,69176,69177,69388,69390,69455,69465,69469,69593,69609,69676,69753,70174,70230,70236,70245,70246,70341,70441,73400);

-- Creature templates
REPLACE INTO `creature_template` (`entry`, `difficulty_entry_1`, `difficulty_entry_2`, `difficulty_entry_3`, `KillCredit1`, `KillCredit2`, `modelid1`, `modelid2`, `modelid3`, `modelid4`, `name`, `subname`, `IconName`, `gossip_menu_id`, `minlevel`, `maxlevel`, `exp`, `faction_A`, `faction_H`, `npcflag`, `speed_walk`, `speed_run`, `scale`, `rank`, `mindmg`, `maxdmg`, `dmgschool`, `attackpower`, `dmg_multiplier`, `baseattacktime`, `rangeattacktime`, `unit_class`, `unit_flags`, `unit_flags2`, `dynamicflags`, `family`, `trainer_type`, `trainer_spell`, `trainer_class`, `trainer_race`, `minrangedmg`, `maxrangedmg`, `rangedattackpower`, `type`, `type_flags`, `lootid`, `pickpocketloot`, `skinloot`, `resistance1`, `resistance2`, `resistance3`, `resistance4`, `resistance5`, `resistance6`, `spell1`, `spell2`, `spell3`, `spell4`, `spell5`, `spell6`, `spell7`, `spell8`, `PetSpellDataId`, `VehicleId`, `mingold`, `maxgold`, `AIName`, `MovementType`, `InhabitType`, `HoverHeight`, `Health_mod`, `Mana_mod`, `Armor_mod`, `RacialLeader`, `questItem1`, `questItem2`, `questItem3`, `questItem4`, `questItem5`, `questItem6`, `movementId`, `RegenHealth`, `mechanic_immune_mask`, `flags_extra`, `ScriptName`, `WDBVerified`,`equipment_id`) VALUES 
(70245, 0, 0, 0, 0, 0, 27510, 0, 0, 0, 'Training Dummy', '', '', 0, 1, 1, 4, 14, 14, 0, 1, 1.14286, 1, 3, 17839, 24339, 0, 51299, 1, 2000, 2000, 1, 131076, 0, 0, 0, 0, 0, 0, 0, 0, 0, 0, 9, 4, 0, 0, 0, 0, 0, 0, 0, 0, 0, 0, 0, 0, 0, 0, 0, 0, 0, 0, 0, 0, 0, '', 0, 3, 1, 900, 1, 1, 0, 0, 0, 0, 0, 0, 0, 0, 1, 0, 2, 'npc_training_dummy', 17614,0),
(70246, 0, 0, 0, 0, 0, 47951, 0, 0, 0, 'Spirit Flayer', '', '', 0, 90, 90, 4, 14, 14, 0, 0.5, 1.14286, 1, 1, 11839, 17339, 0, 45299, 1, 2000, 2000, 1, 655362, 0, 0, 0, 0, 0, 0, 0, 0, 0, 0, 6, 0, 0, 0, 0, 0, 0, 0, 0, 0, 0, 0, 0, 0, 0, 0, 0, 0, 0, 0, 0, 0, 0, '', 2, 4, 1, 1, 1, 1, 0, 0, 0, 0, 0, 0, 0, 0, 1, 0, 2, '', 17614,70246);

REPLACE INTO `creature_template` (`entry`, `difficulty_entry_1`, `difficulty_entry_2`, `difficulty_entry_3`, `KillCredit1`, `KillCredit2`, `modelid1`, `modelid2`, `modelid3`, `modelid4`, `name`, `subname`, `IconName`, `gossip_menu_id`, `minlevel`, `maxlevel`, `exp`, `faction_A`, `faction_H`, `npcflag`, `speed_walk`, `speed_run`, `scale`, `rank`, `mindmg`, `maxdmg`, `dmgschool`, `attackpower`, `dmg_multiplier`, `baseattacktime`, `rangeattacktime`, `unit_class`, `unit_flags`, `unit_flags2`, `dynamicflags`, `family`, `trainer_type`, `trainer_spell`, `trainer_class`, `trainer_race`, `minrangedmg`, `maxrangedmg`, `rangedattackpower`, `type`, `type_flags`, `lootid`, `pickpocketloot`, `skinloot`, `resistance1`, `resistance2`, `resistance3`, `resistance4`, `resistance5`, `resistance6`, `spell1`, `spell2`, `spell3`, `spell4`, `spell5`, `spell6`, `spell7`, `spell8`, `PetSpellDataId`, `VehicleId`, `mingold`, `maxgold`, `AIName`, `MovementType`, `InhabitType`, `HoverHeight`, `Armor_mod`, `RacialLeader`, `questItem1`, `questItem2`, `questItem3`, `questItem4`, `questItem5`, `questItem6`, `movementId`, `RegenHealth`, `mechanic_immune_mask`, `flags_extra`, `ScriptName`, `WDBVerified`,`equipment_id`) VALUES
(54020, 0, 0, 0, 0, 0, 11686, 0, 0, 0, 'General Purpose Bunny JMF (Look 2 - Flying, Huge AOI)', '', '', 0, 1, 1, 4, 35, 35, 0, 1, 1.14286, 1, 0, 1, 2, 0, 0, 4, 2000, 2000, 1, 0, 37750784, 0, 0, 0, 0, 0, 0, 1, 2, 0, 10, 1024, 0, 0, 0, 0, 0, 0, 0, 0, 0, 0, 0, 0, 0, 0, 0, 0, 0, 0, 0, 0, 0, '', 0, 3, 1, 1, 0, 0, 0, 0, 0, 0, 0, 0, 1, 0, 128, '', 16048,0),
(59394, 0, 0, 0, 0, 0, 11686, 0, 0, 0, 'General Purpose Bunny JMF (Ground)', '', '', 0, 1, 1, 4, 35, 35, 0, 1, 1.14286, 1, 0, 1, 2, 0, 1, 1, 2000, 2000, 1, 33554432, 33556480, 0, 0, 0, 0, 0, 0, 1, 2, 1, 10, 1024, 0, 0, 0, 0, 0, 0, 0, 0, 0, 0, 0, 0, 0, 0, 0, 0, 0, 0, 0, 0, 0, '', 0, 3, 1, 1, 0, 0, 0, 0, 0, 0, 0, 0, 1, 0, 128, '', 16048,0),
(69176, 0, 0, 0, 0, 0, 47331, 47332, 47333, 47334, 'Amani\'shi Beast Shaman', '', '', 0, 92, 92, 4, 16, 16, 0, 1, 1.14286, 1, 1, 11839, 17339, 0, 45299, 1, 2000, 2000, 1, 0, 0, 0, 0, 0, 0, 0, 0, 0, 0, 0, 7, 2097256, 0, 0, 0, 0, 0, 0, 0, 0, 0, 0, 0, 0, 0, 0, 0, 0, 0, 0, 0, 0, 0, '', 0, 3, 1, 1, 0, 0, 0, 0, 0, 0, 0, 0, 1, 0, 0, '', 17614,69176),
(69177, 0, 0, 0, 0, 0, 47341, 0, 0, 0, 'Amani Warbear', '', '', 0, 92, 92, 4, 16, 16, 0, 1, 0.9920629, 1, 1, 11839, 17339, 0, 45299, 1, 2000, 2000, 1, 0, 0, 0, 4, 0, 0, 0, 0, 0, 0, 0, 1, 2097256, 0, 0, 0, 0, 0, 0, 0, 0, 0, 0, 0, 0, 0, 0, 0, 0, 0, 0, 2666, 0, 0, '', 0, 3, 1, 1, 0, 0, 0, 0, 0, 0, 0, 0, 1, 0, 0, '', 17614,0),
(69388, 0, 0, 0, 0, 0, 47507, 0, 0, 0, 'Zandalari Spear-Shaper', '', '', 0, 92, 92, 4, 16, 16, 0, 1, 1.14286, 1, 1, 11839, 17339, 0, 45299, 1, 2000, 2000, 1, 0, 0, 0, 0, 0, 0, 0, 0, 0, 0, 0, 7, 2097224, 0, 0, 0, 0, 0, 0, 0, 0, 0, 0, 0, 0, 0, 0, 0, 0, 0, 0, 0, 11000, 12000, '', 0, 3, 1, 1, 0, 0, 0, 0, 0, 0, 0, 184, 1, 0, 0, '', 17614,69388),
(69390, 0, 0, 0, 0, 0, 47528, 0, 0, 0, 'Zandalari Storm-Caller', '', '', 0, 92, 92, 4, 16, 16, 0, 1, 1.14286, 1, 1, 11839, 17339, 0, 45299, 1, 2000, 2000, 1, 0, 0, 0, 0, 0, 0, 0, 0, 0, 0, 0, 7, 270532680, 0, 0, 0, 0, 0, 0, 0, 0, 0, 0, 0, 0, 0, 0, 0, 0, 0, 0, 0, 10000, 11000, '', 0, 3, 1, 1, 0, 0, 0, 0, 0, 0, 0, 167, 1, 0, 0, '', 17614,69390),
(69455, 0, 0, 0, 0, 0, 47536, 0, 0, 0, 'Zandalari Water-Binder', '', '', 0, 92, 92, 4, 16, 16, 0, 1, 1.14286, 1, 1, 11839, 17339, 0, 45299, 1, 2000, 2000, 2, 0, 0, 0, 0, 0, 0, 0, 0, 0, 0, 0, 7, 2097224, 0, 0, 0, 0, 0, 0, 0, 0, 0, 0, 0, 0, 0, 0, 0, 0, 0, 0, 0, 10000, 11000, '', 0, 3, 2, 1, 0, 0, 0, 0, 0, 0, 0, 167, 1, 0, 0, '', 17614,0),
(69465, 0, 0, 0, 0, 0, 47552, 0, 0, 0, 'Jin\'rokh the Breaker', '', '', 0, 93, 93, 4, 14, 14, 0, 1, 1.14286, 1, 3, 17839, 24339, 0, 51299, 1, 2000, 2000, 1, 0, 0, 0, 0, 0, 0, 0, 0, 0, 0, 0, 7, 2097260, 0, 0, 0, 0, 0, 0, 0, 0, 0, 0, 0, 0, 0, 0, 0, 0, 0, 0, 0, 2900000, 3000000, '', 0, 3, 1, 1, 0, 0, 0, 0, 0, 0, 0, 180, 1, 667893759, 1, 'boss_jinrokh', 17614,0),
(69469, 0, 0, 0, 0, 0, 11686, 0, 0, 0, 'Conductive Water', '', '', 0, 1, 1, 4, 35, 35, 0, 1, 1.14286, 1, 1, 11839, 17339, 0, 45299, 1, 2000, 2000, 1, 33554438, 0, 0, 0, 0, 0, 0, 0, 0, 0, 0, 15, 17826816, 0, 0, 0, 0, 0, 0, 0, 0, 0, 0, 0, 0, 0, 0, 0, 0, 0, 0, 0, 0, 0, '', 0, 3, 1, 1, 0, 0, 0, 0, 0, 0, 0, 0, 1, 0, 130, '', 17614,0),
(69593, 0, 0, 0, 0, 0, 47698, 0, 0, 0, 'Focused Lightning', '', '', 0, 1, 1, 4, 35, 35, 0, 1, 1.14286, 1, 1, 11839, 17339, 0, 45299, 1, 2000, 2000, 1, 0, 0, 0, 0, 0, 0, 0, 0, 0, 0, 0, 15, 17826816, 0, 0, 0, 0, 0, 0, 0, 0, 0, 0, 0, 0, 0, 0, 0, 0, 0, 0, 0, 0, 0, '', 0, 3, 1, 1, 0, 0, 0, 0, 0, 0, 0, 94, 1, 0, 0, '', 17614,0),
(69609, 0, 0, 0, 0, 0, 39633, 0, 0, 0, 'Lightning Fissure', '', '', 0, 1, 1, 4, 35, 35, 0, 1, 1.14286, 1, 1, 11839, 17339, 0, 45299, 1, 2000, 2000, 1, 33554438, 0, 0, 0, 0, 0, 0, 0, 0, 0, 0, 15, 17826816, 0, 0, 0, 0, 0, 0, 0, 0, 0, 0, 0, 0, 0, 0, 0, 0, 0, 0, 0, 0, 0, '', 0, 3, 1, 1, 0, 0, 0, 0, 0, 0, 0, 0, 1, 0, 130, '', 17614,0),
(69676, 0, 0, 0, 0, 0, 39633, 0, 0, 0, 'Call Da Storm Stalker', '', '', 0, 1, 1, 4, 35, 35, 0, 1, 1.14286, 1, 1, 11839, 17339, 0, 45299, 1, 2000, 2000, 1, 0, 0, 0, 0, 0, 0, 0, 0, 0, 0, 0, 15, 17826816, 0, 0, 0, 0, 0, 0, 0, 0, 0, 0, 0, 0, 0, 0, 0, 0, 0, 0, 0, 0, 0, '', 0, 3, 1, 1, 0, 0, 0, 0, 0, 0, 0, 0, 1, 0, 0, '', 17614,0),
(69753, 0, 0, 0, 0, 0, 15294, 0, 0, 0, 'Lightning Strike', '', '', 0, 1, 1, 4, 35, 35, 0, 1, 1.14286, 1, 0, 9839, 14339, 0, 42299, 1, 2000, 2000, 1, 33554438, 0, 0, 0, 0, 0, 0, 0, 0, 0, 0, 10, 17826816, 0, 0, 0, 0, 0, 0, 0, 0, 0, 0, 0, 0, 0, 0, 0, 0, 0, 0, 0, 0, 0, '', 0, 3, 1, 1, 0, 0, 0, 0, 0, 0, 0, 100, 1, 0, 130, '', 17614,0),
(70174, 0, 0, 0, 0, 0, 47698, 0, 0, 0, 'Focused Lightning', '', '', 0, 1, 1, 4, 35, 35, 0, 1, 1.14286, 1, 1, 11839, 17339, 0, 45299, 1, 2000, 2000, 1, 33554438, 0, 0, 0, 0, 0, 0, 0, 0, 0, 0, 15, 17826816, 0, 0, 0, 0, 0, 0, 0, 0, 0, 0, 0, 0, 0, 0, 0, 0, 0, 0, 0, 0, 0, '', 0, 3, 1, 1, 0, 0, 0, 0, 0, 0, 0, 94, 1, 0, 130, '', 17614,0),
(70230, 0, 0, 0, 0, 0, 47941, 47942, 47943, 47944, 'Zandalari Blade Initiate', '', '', 0, 92, 92, 4, 16, 16, 0, 1, 1.14286, 1, 1, 11839, 17339, 0, 45299, 1, 2000, 2000, 1, 0, 0, 0, 0, 0, 0, 0, 0, 0, 0, 0, 7, 2097224, 0, 0, 0, 0, 0, 0, 0, 0, 0, 0, 0, 0, 0, 0, 0, 0, 0, 0, 0, 11000, 12000, '', 0, 3, 1, 1, 0, 0, 0, 0, 0, 0, 0, 184, 1, 0, 0, '', 17614,70230),
(70236, 0, 0, 0, 0, 0, 47528, 0, 0, 0, 'Zandalari Storm-Caller', '', '', 0, 92, 92, 4, 16, 16, 0, 1, 1.14286, 1, 1, 11839, 17339, 0, 45299, 1, 2000, 2000, 1, 0, 0, 0, 0, 0, 0, 0, 0, 0, 0, 0, 7, 270532680, 0, 0, 0, 0, 0, 0, 0, 0, 0, 0, 0, 0, 0, 0, 0, 0, 0, 0, 0, 11000, 12000, '', 0, 3, 1, 1, 0, 0, 0, 0, 0, 0, 0, 167, 1, 0, 0, '', 17614,70236),
(70341, 0, 0, 0, 0, 0, 48048, 0, 0, 0, 'Tormented Spirit', '', '', 0, 91, 91, 4, 16, 16, 0, 1, 0.992063, 1, 1, 11839, 17339, 0, 45299, 1, 2000, 2000, 1, 0, 0, 0, 0, 0, 0, 0, 0, 0, 0, 0, 6, 2097224, 0, 0, 0, 0, 0, 0, 0, 0, 0, 0, 0, 0, 0, 0, 0, 0, 0, 0, 0, 0, 0, '', 0, 4, 1, 1, 0, 0, 0, 0, 0, 0, 0, 0, 1, 0, 0, '', 17614,0),
(70441, 0, 0, 0, 0, 0, 47693, 0, 0, 0, 'Lost Soul', '', '', 0, 91, 91, 4, 16, 16, 0, 1, 0.992063, 1, 1, 11839, 17339, 0, 45299, 1, 2000, 2000, 1, 768, 2048, 0, 0, 0, 0, 0, 0, 0, 0, 0, 6, 2097224, 0, 0, 0, 0, 0, 0, 0, 0, 0, 0, 0, 0, 0, 0, 0, 0, 0, 0, 0, 0, 0, '', 0, 4, 1, 1, 0, 0, 0, 0, 0, 0, 0, 0, 1, 0, 0, '', 17614,0),
(73400, 0, 0, 0, 0, 0, 11686, 0, 0, 0, 'Healing Ran Invisible Stalker DND', '', '', 0, 90, 90, 4, 35, 35, 0, 3.2, 2, 1, 0, 9839, 14339, 0, 42299, 1, 2000, 2000, 2, 33570816, 2048, 0, 0, 0, 0, 0, 0, 0, 0, 0, 10, 1024, 0, 0, 0, 0, 0, 0, 0, 0, 0, 0, 0, 0, 0, 0, 0, 0, 0, 0, 0, 0, 0, '', 0, 3, 1, 1, 0, 0, 0, 0, 0, 0, 0, 187, 1, 0, 0, '', 17614,0),

(@RAID_DIFF_10N + 69176, 0, 0, 0, 0, 0, 47331, 47332, 47333, 47334, 'Amani\'shi Beast Shaman', '', '', 0, 92, 92, 4, 16, 16, 0, 1, 1.14286, 1, 1, 11839, 17339, 0, 45299, 1, 2000, 2000, 1, 0, 0, 0, 0, 0, 0, 0, 0, 0, 0, 0, 7, 2097256, 0, 0, 0, 0, 0, 0, 0, 0, 0, 0, 0, 0, 0, 0, 0, 0, 0, 0, 0, 0, 0, '', 0, 3, 1, 1, 0, 0, 0, 0, 0, 0, 0, 0, 1, 0, 0, '', 17614,69176),
(@RAID_DIFF_10N + 69177, 0, 0, 0, 0, 0, 47341, 0, 0, 0, 'Amani Warbear', '', '', 0, 92, 92, 4, 16, 16, 0, 1, 0.9920629, 1, 1, 11839, 17339, 0, 45299, 1, 2000, 2000, 1, 0, 0, 0, 4, 0, 0, 0, 0, 0, 0, 0, 1, 2097256, 0, 0, 0, 0, 0, 0, 0, 0, 0, 0, 0, 0, 0, 0, 0, 0, 0, 0, 2666, 0, 0, '', 0, 3, 1, 1, 0, 0, 0, 0, 0, 0, 0, 0, 1, 0, 0, '', 17614,0),
(@RAID_DIFF_10N + 69388, 0, 0, 0, 0, 0, 47507, 0, 0, 0, 'Zandalari Spear-Shaper', '', '', 0, 92, 92, 4, 16, 16, 0, 1, 1.14286, 1, 1, 11839, 17339, 0, 45299, 1, 2000, 2000, 1, 0, 0, 0, 0, 0, 0, 0, 0, 0, 0, 0, 7, 2097224, 0, 0, 0, 0, 0, 0, 0, 0, 0, 0, 0, 0, 0, 0, 0, 0, 0, 0, 0, 11000, 12000, '', 0, 3, 1, 1, 0, 0, 0, 0, 0, 0, 0, 184, 1, 0, 0, '', 17614,69388),
(@RAID_DIFF_10N + 69390, 0, 0, 0, 0, 0, 47528, 0, 0, 0, 'Zandalari Storm-Caller', '', '', 0, 92, 92, 4, 16, 16, 0, 1, 1.14286, 1, 1, 11839, 17339, 0, 45299, 1, 2000, 2000, 1, 0, 0, 0, 0, 0, 0, 0, 0, 0, 0, 0, 7, 270532680, 0, 0, 0, 0, 0, 0, 0, 0, 0, 0, 0, 0, 0, 0, 0, 0, 0, 0, 0, 10000, 11000, '', 0, 3, 1, 1, 0, 0, 0, 0, 0, 0, 0, 167, 1, 0, 0, '', 17614,69390),
(@RAID_DIFF_10N + 69455, 0, 0, 0, 0, 0, 47536, 0, 0, 0, 'Zandalari Water-Binder', '', '', 0, 92, 92, 4, 16, 16, 0, 1, 1.14286, 1, 1, 11839, 17339, 0, 45299, 1, 2000, 2000, 1, 0, 0, 0, 0, 0, 0, 0, 0, 0, 0, 0, 7, 2097224, 0, 0, 0, 0, 0, 0, 0, 0, 0, 0, 0, 0, 0, 0, 0, 0, 0, 0, 0, 10000, 11000, '', 0, 3, 1, 1, 0, 0, 0, 0, 0, 0, 0, 167, 1, 0, 0, '', 17614,0),
(@RAID_DIFF_10N + 69465, 0, 0, 0, 0, 0, 47552, 0, 0, 0, 'Jin\'rokh the Breaker', '', '', 0, 93, 93, 4, 14, 14, 0, 1, 1.14286, 1, 3, 17839, 24339, 0, 51299, 1, 2000, 2000, 1, 0, 0, 0, 0, 0, 0, 0, 0, 0, 0, 0, 7, 2097260, 0, 0, 0, 0, 0, 0, 0, 0, 0, 0, 0, 0, 0, 0, 0, 0, 0, 0, 0, 2900000, 3000000, '', 0, 3, 1, 1, 0, 0, 0, 0, 0, 0, 0, 180, 1, 667893759, 1, 'boss_jinrokh', 17614,0),
(@RAID_DIFF_10N + 70230, 0, 0, 0, 0, 0, 47941, 47942, 47943, 47944, 'Zandalari Blade Initiate', '', '', 0, 92, 92, 4, 16, 16, 0, 1, 1.14286, 1, 1, 11839, 17339, 0, 45299, 1, 2000, 2000, 1, 0, 0, 0, 0, 0, 0, 0, 0, 0, 0, 0, 7, 2097224, 0, 0, 0, 0, 0, 0, 0, 0, 0, 0, 0, 0, 0, 0, 0, 0, 0, 0, 0, 11000, 12000, '', 0, 3, 1, 1, 0, 0, 0, 0, 0, 0, 0, 184, 1, 0, 0, '', 17614,70230),
(@RAID_DIFF_10N + 70236, 0, 0, 0, 0, 0, 47528, 0, 0, 0, 'Zandalari Storm-Caller', '', '', 0, 92, 92, 4, 16, 16, 0, 1, 1.14286, 1, 1, 11839, 17339, 0, 45299, 1, 2000, 2000, 1, 0, 0, 0, 0, 0, 0, 0, 0, 0, 0, 0, 7, 270532680, 0, 0, 0, 0, 0, 0, 0, 0, 0, 0, 0, 0, 0, 0, 0, 0, 0, 0, 0, 11000, 12000, '', 0, 3, 1, 1, 0, 0, 0, 0, 0, 0, 0, 167, 1, 0, 0, '', 17614,70236),
(@RAID_DIFF_10N + 70341, 0, 0, 0, 0, 0, 48048, 0, 0, 0, 'Tormented Spirit', '', '', 0, 91, 91, 4, 16, 16, 0, 1, 0.992063, 1, 1, 11839, 17339, 0, 45299, 1, 2000, 2000, 1, 0, 0, 0, 0, 0, 0, 0, 0, 0, 0, 0, 6, 2097224, 0, 0, 0, 0, 0, 0, 0, 0, 0, 0, 0, 0, 0, 0, 0, 0, 0, 0, 0, 0, 0, '', 0, 4, 1, 1, 0, 0, 0, 0, 0, 0, 0, 0, 1, 0, 0, '', 17614,0),
(@RAID_DIFF_10N + 70441, 0, 0, 0, 0, 0, 47693, 0, 0, 0, 'Lost Soul', '', '', 0, 91, 91, 4, 16, 16, 0, 1, 0.992063, 1, 1, 11839, 17339, 0, 45299, 1, 2000, 2000, 1, 768, 2048, 0, 0, 0, 0, 0, 0, 0, 0, 0, 6, 2097224, 0, 0, 0, 0, 0, 0, 0, 0, 0, 0, 0, 0, 0, 0, 0, 0, 0, 0, 0, 0, 0, '', 0, 4, 1, 1, 0, 0, 0, 0, 0, 0, 0, 0, 1, 0, 0, '', 17614,0),

(@RAID_DIFF_25N + 69176, 0, 0, 0, 0, 0, 47331, 47332, 47333, 47334, 'Amani\'shi Beast Shaman', '', '', 0, 92, 92, 4, 16, 16, 0, 1, 1.14286, 1, 1, 11839, 17339, 0, 45299, 1, 2000, 2000, 1, 0, 0, 0, 0, 0, 0, 0, 0, 0, 0, 0, 7, 2097256, 0, 0, 0, 0, 0, 0, 0, 0, 0, 0, 0, 0, 0, 0, 0, 0, 0, 0, 0, 0, 0, '', 0, 3, 1, 1, 0, 0, 0, 0, 0, 0, 0, 0, 1, 0, 0, '', 17614,69176),
(@RAID_DIFF_25N + 69177, 0, 0, 0, 0, 0, 47341, 0, 0, 0, 'Amani Warbear', '', '', 0, 92, 92, 4, 16, 16, 0, 1, 0.9920629, 1, 1, 11839, 17339, 0, 45299, 1, 2000, 2000, 1, 0, 0, 0, 4, 0, 0, 0, 0, 0, 0, 0, 1, 2097256, 0, 0, 0, 0, 0, 0, 0, 0, 0, 0, 0, 0, 0, 0, 0, 0, 0, 0, 2666, 0, 0, '', 0, 3, 1, 1, 0, 0, 0, 0, 0, 0, 0, 0, 1, 0, 0, '', 17614,0),
(@RAID_DIFF_25N + 69388, 0, 0, 0, 0, 0, 47507, 0, 0, 0, 'Zandalari Spear-Shaper', '', '', 0, 92, 92, 4, 16, 16, 0, 1, 1.14286, 1, 1, 11839, 17339, 0, 45299, 1, 2000, 2000, 1, 0, 0, 0, 0, 0, 0, 0, 0, 0, 0, 0, 7, 2097224, 0, 0, 0, 0, 0, 0, 0, 0, 0, 0, 0, 0, 0, 0, 0, 0, 0, 0, 0, 11000, 12000, '', 0, 3, 1, 1, 0, 0, 0, 0, 0, 0, 0, 184, 1, 0, 0, '', 17614,69388),
(@RAID_DIFF_25N + 69390, 0, 0, 0, 0, 0, 47528, 0, 0, 0, 'Zandalari Storm-Caller', '', '', 0, 92, 92, 4, 16, 16, 0, 1, 1.14286, 1, 1, 11839, 17339, 0, 45299, 1, 2000, 2000, 1, 0, 0, 0, 0, 0, 0, 0, 0, 0, 0, 0, 7, 270532680, 0, 0, 0, 0, 0, 0, 0, 0, 0, 0, 0, 0, 0, 0, 0, 0, 0, 0, 0, 10000, 11000, '', 0, 3, 1, 1, 0, 0, 0, 0, 0, 0, 0, 167, 1, 0, 0, '', 17614,69390),
(@RAID_DIFF_25N + 69455, 0, 0, 0, 0, 0, 47536, 0, 0, 0, 'Zandalari Water-Binder', '', '', 0, 92, 92, 4, 16, 16, 0, 1, 1.14286, 1, 1, 11839, 17339, 0, 45299, 1, 2000, 2000, 1, 0, 0, 0, 0, 0, 0, 0, 0, 0, 0, 0, 7, 2097224, 0, 0, 0, 0, 0, 0, 0, 0, 0, 0, 0, 0, 0, 0, 0, 0, 0, 0, 0, 10000, 11000, '', 0, 3, 1, 1, 0, 0, 0, 0, 0, 0, 0, 167, 1, 0, 0, '', 17614,0),
(@RAID_DIFF_25N + 69465, 0, 0, 0, 0, 0, 47552, 0, 0, 0, 'Jin\'rokh the Breaker', '', '', 0, 93, 93, 4, 14, 14, 0, 1, 1.14286, 1, 3, 17839, 24339, 0, 51299, 1, 2000, 2000, 1, 0, 0, 0, 0, 0, 0, 0, 0, 0, 0, 0, 7, 2097260, 0, 0, 0, 0, 0, 0, 0, 0, 0, 0, 0, 0, 0, 0, 0, 0, 0, 0, 0, 2900000, 3000000, '', 0, 3, 1, 1, 0, 0, 0, 0, 0, 0, 0, 180, 1, 667893759, 1, 'boss_jinrokh', 17614,0),
(@RAID_DIFF_25N + 70230, 0, 0, 0, 0, 0, 47941, 47942, 47943, 47944, 'Zandalari Blade Initiate', '', '', 0, 92, 92, 4, 16, 16, 0, 1, 1.14286, 1, 1, 11839, 17339, 0, 45299, 1, 2000, 2000, 1, 0, 0, 0, 0, 0, 0, 0, 0, 0, 0, 0, 7, 2097224, 0, 0, 0, 0, 0, 0, 0, 0, 0, 0, 0, 0, 0, 0, 0, 0, 0, 0, 0, 11000, 12000, '', 0, 3, 1, 1, 0, 0, 0, 0, 0, 0, 0, 184, 1, 0, 0, '', 17614,70230),
(@RAID_DIFF_25N + 70236, 0, 0, 0, 0, 0, 47528, 0, 0, 0, 'Zandalari Storm-Caller', '', '', 0, 92, 92, 4, 16, 16, 0, 1, 1.14286, 1, 1, 11839, 17339, 0, 45299, 1, 2000, 2000, 1, 0, 0, 0, 0, 0, 0, 0, 0, 0, 0, 0, 7, 270532680, 0, 0, 0, 0, 0, 0, 0, 0, 0, 0, 0, 0, 0, 0, 0, 0, 0, 0, 0, 11000, 12000, '', 0, 3, 1, 1, 0, 0, 0, 0, 0, 0, 0, 167, 1, 0, 0, '', 17614,70236),
(@RAID_DIFF_25N + 70341, 0, 0, 0, 0, 0, 48048, 0, 0, 0, 'Tormented Spirit', '', '', 0, 91, 91, 4, 16, 16, 0, 1, 0.992063, 1, 1, 11839, 17339, 0, 45299, 1, 2000, 2000, 1, 0, 0, 0, 0, 0, 0, 0, 0, 0, 0, 0, 6, 2097224, 0, 0, 0, 0, 0, 0, 0, 0, 0, 0, 0, 0, 0, 0, 0, 0, 0, 0, 0, 0, 0, '', 0, 4, 1, 1, 0, 0, 0, 0, 0, 0, 0, 0, 1, 0, 0, '', 17614,0),
(@RAID_DIFF_25N + 70441, 0, 0, 0, 0, 0, 47693, 0, 0, 0, 'Lost Soul', '', '', 0, 91, 91, 4, 16, 16, 0, 1, 0.992063, 1, 1, 11839, 17339, 0, 45299, 1, 2000, 2000, 1, 768, 2048, 0, 0, 0, 0, 0, 0, 0, 0, 0, 6, 2097224, 0, 0, 0, 0, 0, 0, 0, 0, 0, 0, 0, 0, 0, 0, 0, 0, 0, 0, 0, 0, 0, '', 0, 4, 1, 1, 0, 0, 0, 0, 0, 0, 0, 0, 1, 0, 0, '', 17614,0),

(@RAID_DIFF_10H + 69176, 0, 0, 0, 0, 0, 47331, 47332, 47333, 47334, 'Amani\'shi Beast Shaman', '', '', 0, 92, 92, 4, 16, 16, 0, 1, 1.14286, 1, 1, 11839, 17339, 0, 45299, 1, 2000, 2000, 1, 0, 0, 0, 0, 0, 0, 0, 0, 0, 0, 0, 7, 2097256, 0, 0, 0, 0, 0, 0, 0, 0, 0, 0, 0, 0, 0, 0, 0, 0, 0, 0, 0, 0, 0, '', 0, 3, 1, 1, 0, 0, 0, 0, 0, 0, 0, 0, 1, 0, 0, '', 17614,69176),
(@RAID_DIFF_10H + 69177, 0, 0, 0, 0, 0, 47341, 0, 0, 0, 'Amani Warbear', '', '', 0, 92, 92, 4, 16, 16, 0, 1, 0.9920629, 1, 1, 11839, 17339, 0, 45299, 1, 2000, 2000, 1, 0, 0, 0, 4, 0, 0, 0, 0, 0, 0, 0, 1, 2097256, 0, 0, 0, 0, 0, 0, 0, 0, 0, 0, 0, 0, 0, 0, 0, 0, 0, 0, 2666, 0, 0, '', 0, 3, 1, 1, 0, 0, 0, 0, 0, 0, 0, 0, 1, 0, 0, '', 17614,0),
(@RAID_DIFF_10H + 69388, 0, 0, 0, 0, 0, 47507, 0, 0, 0, 'Zandalari Spear-Shaper', '', '', 0, 92, 92, 4, 16, 16, 0, 1, 1.14286, 1, 1, 11839, 17339, 0, 45299, 1, 2000, 2000, 1, 0, 0, 0, 0, 0, 0, 0, 0, 0, 0, 0, 7, 2097224, 0, 0, 0, 0, 0, 0, 0, 0, 0, 0, 0, 0, 0, 0, 0, 0, 0, 0, 0, 11000, 12000, '', 0, 3, 1, 1, 0, 0, 0, 0, 0, 0, 0, 184, 1, 0, 0, '', 17614,69388),
(@RAID_DIFF_10H + 69390, 0, 0, 0, 0, 0, 47528, 0, 0, 0, 'Zandalari Storm-Caller', '', '', 0, 92, 92, 4, 16, 16, 0, 1, 1.14286, 1, 1, 11839, 17339, 0, 45299, 1, 2000, 2000, 1, 0, 0, 0, 0, 0, 0, 0, 0, 0, 0, 0, 7, 270532680, 0, 0, 0, 0, 0, 0, 0, 0, 0, 0, 0, 0, 0, 0, 0, 0, 0, 0, 0, 10000, 11000, '', 0, 3, 1, 1, 0, 0, 0, 0, 0, 0, 0, 167, 1, 0, 0, '', 17614,69390),
(@RAID_DIFF_10H + 69455, 0, 0, 0, 0, 0, 47536, 0, 0, 0, 'Zandalari Water-Binder', '', '', 0, 92, 92, 4, 16, 16, 0, 1, 1.14286, 1, 1, 11839, 17339, 0, 45299, 1, 2000, 2000, 1, 0, 0, 0, 0, 0, 0, 0, 0, 0, 0, 0, 7, 2097224, 0, 0, 0, 0, 0, 0, 0, 0, 0, 0, 0, 0, 0, 0, 0, 0, 0, 0, 0, 10000, 11000, '', 0, 3, 1, 1, 0, 0, 0, 0, 0, 0, 0, 167, 1, 0, 0, '', 17614,0),
(@RAID_DIFF_10H + 69465, 0, 0, 0, 0, 0, 47552, 0, 0, 0, 'Jin\'rokh the Breaker', '', '', 0, 93, 93, 4, 14, 14, 0, 1, 1.14286, 1, 3, 17839, 24339, 0, 51299, 1, 2000, 2000, 1, 0, 0, 0, 0, 0, 0, 0, 0, 0, 0, 0, 7, 2097260, 0, 0, 0, 0, 0, 0, 0, 0, 0, 0, 0, 0, 0, 0, 0, 0, 0, 0, 0, 2900000, 3000000, '', 0, 3, 1, 1, 0, 0, 0, 0, 0, 0, 0, 180, 1, 667893759, 1, 'boss_jinrokh', 17614,0),
(@RAID_DIFF_10H + 70230, 0, 0, 0, 0, 0, 47941, 47942, 47943, 47944, 'Zandalari Blade Initiate', '', '', 0, 92, 92, 4, 16, 16, 0, 1, 1.14286, 1, 1, 11839, 17339, 0, 45299, 1, 2000, 2000, 1, 0, 0, 0, 0, 0, 0, 0, 0, 0, 0, 0, 7, 2097224, 0, 0, 0, 0, 0, 0, 0, 0, 0, 0, 0, 0, 0, 0, 0, 0, 0, 0, 0, 11000, 12000, '', 0, 3, 1, 1, 0, 0, 0, 0, 0, 0, 0, 184, 1, 0, 0, '', 17614,70230),
(@RAID_DIFF_10H + 70236, 0, 0, 0, 0, 0, 47528, 0, 0, 0, 'Zandalari Storm-Caller', '', '', 0, 92, 92, 4, 16, 16, 0, 1, 1.14286, 1, 1, 11839, 17339, 0, 45299, 1, 2000, 2000, 1, 0, 0, 0, 0, 0, 0, 0, 0, 0, 0, 0, 7, 270532680, 0, 0, 0, 0, 0, 0, 0, 0, 0, 0, 0, 0, 0, 0, 0, 0, 0, 0, 0, 11000, 12000, '', 0, 3, 1, 1, 0, 0, 0, 0, 0, 0, 0, 167, 1, 0, 0, '', 17614,70236),
(@RAID_DIFF_10H + 70341, 0, 0, 0, 0, 0, 48048, 0, 0, 0, 'Tormented Spirit', '', '', 0, 91, 91, 4, 16, 16, 0, 1, 0.992063, 1, 1, 11839, 17339, 0, 45299, 1, 2000, 2000, 1, 0, 0, 0, 0, 0, 0, 0, 0, 0, 0, 0, 6, 2097224, 0, 0, 0, 0, 0, 0, 0, 0, 0, 0, 0, 0, 0, 0, 0, 0, 0, 0, 0, 0, 0, '', 0, 4, 1, 1, 0, 0, 0, 0, 0, 0, 0, 0, 1, 0, 0, '', 17614,0),
(@RAID_DIFF_10H + 70441, 0, 0, 0, 0, 0, 47693, 0, 0, 0, 'Lost Soul', '', '', 0, 91, 91, 4, 16, 16, 0, 1, 0.992063, 1, 1, 11839, 17339, 0, 45299, 1, 2000, 2000, 1, 768, 2048, 0, 0, 0, 0, 0, 0, 0, 0, 0, 6, 2097224, 0, 0, 0, 0, 0, 0, 0, 0, 0, 0, 0, 0, 0, 0, 0, 0, 0, 0, 0, 0, 0, '', 0, 4, 1, 1, 0, 0, 0, 0, 0, 0, 0, 0, 1, 0, 0, '', 17614,0),

(@RAID_DIFF_25H + 69176, 0, 0, 0, 0, 0, 47331, 47332, 47333, 47334, 'Amani\'shi Beast Shaman', '', '', 0, 92, 92, 4, 16, 16, 0, 1, 1.14286, 1, 1, 11839, 17339, 0, 45299, 1, 2000, 2000, 1, 0, 0, 0, 0, 0, 0, 0, 0, 0, 0, 0, 7, 2097256, 0, 0, 0, 0, 0, 0, 0, 0, 0, 0, 0, 0, 0, 0, 0, 0, 0, 0, 0, 0, 0, '', 0, 3, 1, 1, 0, 0, 0, 0, 0, 0, 0, 0, 1, 0, 0, '', 17614,69176),
(@RAID_DIFF_25H + 69177, 0, 0, 0, 0, 0, 47341, 0, 0, 0, 'Amani Warbear', '', '', 0, 92, 92, 4, 16, 16, 0, 1, 0.9920629, 1, 1, 11839, 17339, 0, 45299, 1, 2000, 2000, 1, 0, 0, 0, 4, 0, 0, 0, 0, 0, 0, 0, 1, 2097256, 0, 0, 0, 0, 0, 0, 0, 0, 0, 0, 0, 0, 0, 0, 0, 0, 0, 0, 2666, 0, 0, '', 0, 3, 1, 1, 0, 0, 0, 0, 0, 0, 0, 0, 1, 0, 0, '', 17614,0),
(@RAID_DIFF_25H + 69388, 0, 0, 0, 0, 0, 47507, 0, 0, 0, 'Zandalari Spear-Shaper', '', '', 0, 92, 92, 4, 16, 16, 0, 1, 1.14286, 1, 1, 11839, 17339, 0, 45299, 1, 2000, 2000, 1, 0, 0, 0, 0, 0, 0, 0, 0, 0, 0, 0, 7, 2097224, 0, 0, 0, 0, 0, 0, 0, 0, 0, 0, 0, 0, 0, 0, 0, 0, 0, 0, 0, 11000, 12000, '', 0, 3, 1, 1, 0, 0, 0, 0, 0, 0, 0, 184, 1, 0, 0, '', 17614,69388),
(@RAID_DIFF_25H + 69390, 0, 0, 0, 0, 0, 47528, 0, 0, 0, 'Zandalari Storm-Caller', '', '', 0, 92, 92, 4, 16, 16, 0, 1, 1.14286, 1, 1, 11839, 17339, 0, 45299, 1, 2000, 2000, 1, 0, 0, 0, 0, 0, 0, 0, 0, 0, 0, 0, 7, 270532680, 0, 0, 0, 0, 0, 0, 0, 0, 0, 0, 0, 0, 0, 0, 0, 0, 0, 0, 0, 10000, 11000, '', 0, 3, 1, 1, 0, 0, 0, 0, 0, 0, 0, 167, 1, 0, 0, '', 17614,69390),
(@RAID_DIFF_25H + 69455, 0, 0, 0, 0, 0, 47536, 0, 0, 0, 'Zandalari Water-Binder', '', '', 0, 92, 92, 4, 16, 16, 0, 1, 1.14286, 1, 1, 11839, 17339, 0, 45299, 1, 2000, 2000, 1, 0, 0, 0, 0, 0, 0, 0, 0, 0, 0, 0, 7, 2097224, 0, 0, 0, 0, 0, 0, 0, 0, 0, 0, 0, 0, 0, 0, 0, 0, 0, 0, 0, 10000, 11000, '', 0, 3, 1, 1, 0, 0, 0, 0, 0, 0, 0, 167, 1, 0, 0, '', 17614,0),
(@RAID_DIFF_25H + 69465, 0, 0, 0, 0, 0, 47552, 0, 0, 0, 'Jin\'rokh the Breaker', '', '', 0, 93, 93, 4, 14, 14, 0, 1, 1.14286, 1, 3, 17839, 24339, 0, 51299, 1, 2000, 2000, 1, 0, 0, 0, 0, 0, 0, 0, 0, 0, 0, 0, 7, 2097260, 0, 0, 0, 0, 0, 0, 0, 0, 0, 0, 0, 0, 0, 0, 0, 0, 0, 0, 0, 2900000, 3000000, '', 0, 3, 1, 1, 0, 0, 0, 0, 0, 0, 0, 180, 1, 667893759, 1, 'boss_jinrokh', 17614,0),
(@RAID_DIFF_25H + 70230, 0, 0, 0, 0, 0, 47941, 47942, 47943, 47944, 'Zandalari Blade Initiate', '', '', 0, 92, 92, 4, 16, 16, 0, 1, 1.14286, 1, 1, 11839, 17339, 0, 45299, 1, 2000, 2000, 1, 0, 0, 0, 0, 0, 0, 0, 0, 0, 0, 0, 7, 2097224, 0, 0, 0, 0, 0, 0, 0, 0, 0, 0, 0, 0, 0, 0, 0, 0, 0, 0, 0, 11000, 12000, '', 0, 3, 1, 1, 0, 0, 0, 0, 0, 0, 0, 184, 1, 0, 0, '', 17614,70230),
(@RAID_DIFF_25H + 70236, 0, 0, 0, 0, 0, 47528, 0, 0, 0, 'Zandalari Storm-Caller', '', '', 0, 92, 92, 4, 16, 16, 0, 1, 1.14286, 1, 1, 11839, 17339, 0, 45299, 1, 2000, 2000, 1, 0, 0, 0, 0, 0, 0, 0, 0, 0, 0, 0, 7, 270532680, 0, 0, 0, 0, 0, 0, 0, 0, 0, 0, 0, 0, 0, 0, 0, 0, 0, 0, 0, 11000, 12000, '', 0, 3, 1, 1, 0, 0, 0, 0, 0, 0, 0, 167, 1, 0, 0, '', 17614,70236),
(@RAID_DIFF_25H + 70341, 0, 0, 0, 0, 0, 48048, 0, 0, 0, 'Tormented Spirit', '', '', 0, 91, 91, 4, 16, 16, 0, 1, 0.992063, 1, 1, 11839, 17339, 0, 45299, 1, 2000, 2000, 1, 0, 0, 0, 0, 0, 0, 0, 0, 0, 0, 0, 6, 2097224, 0, 0, 0, 0, 0, 0, 0, 0, 0, 0, 0, 0, 0, 0, 0, 0, 0, 0, 0, 0, 0, '', 0, 4, 1, 1, 0, 0, 0, 0, 0, 0, 0, 0, 1, 0, 0, '', 17614,0),
(@RAID_DIFF_25H + 70441, 0, 0, 0, 0, 0, 47693, 0, 0, 0, 'Lost Soul', '', '', 0, 91, 91, 4, 16, 16, 0, 1, 0.992063, 1, 1, 11839, 17339, 0, 45299, 1, 2000, 2000, 1, 768, 2048, 0, 0, 0, 0, 0, 0, 0, 0, 0, 6, 2097224, 0, 0, 0, 0, 0, 0, 0, 0, 0, 0, 0, 0, 0, 0, 0, 0, 0, 0, 0, 0, 0, '', 0, 4, 1, 1, 0, 0, 0, 0, 0, 0, 0, 0, 1, 0, 0, '', 17614,0),

(@RAID_DIFF_25R + 69176, 0, 0, 0, 0, 0, 47331, 47332, 47333, 47334, 'Amani\'shi Beast Shaman', '', '', 0, 92, 92, 4, 16, 16, 0, 1, 1.14286, 1, 1, 11839, 17339, 0, 45299, 1, 2000, 2000, 1, 0, 0, 0, 0, 0, 0, 0, 0, 0, 0, 0, 7, 2097256, 0, 0, 0, 0, 0, 0, 0, 0, 0, 0, 0, 0, 0, 0, 0, 0, 0, 0, 0, 0, 0, '', 0, 3, 1, 1, 0, 0, 0, 0, 0, 0, 0, 0, 1, 0, 0, '', 17614,69176),
(@RAID_DIFF_25R + 69177, 0, 0, 0, 0, 0, 47341, 0, 0, 0, 'Amani Warbear', '', '', 0, 92, 92, 4, 16, 16, 0, 1, 0.9920629, 1, 1, 11839, 17339, 0, 45299, 1, 2000, 2000, 1, 0, 0, 0, 4, 0, 0, 0, 0, 0, 0, 0, 1, 2097256, 0, 0, 0, 0, 0, 0, 0, 0, 0, 0, 0, 0, 0, 0, 0, 0, 0, 0, 2666, 0, 0, '', 0, 3, 1, 1, 0, 0, 0, 0, 0, 0, 0, 0, 1, 0, 0, '', 17614,0),
(@RAID_DIFF_25R + 69388, 0, 0, 0, 0, 0, 47507, 0, 0, 0, 'Zandalari Spear-Shaper', '', '', 0, 92, 92, 4, 16, 16, 0, 1, 1.14286, 1, 1, 11839, 17339, 0, 45299, 1, 2000, 2000, 1, 0, 0, 0, 0, 0, 0, 0, 0, 0, 0, 0, 7, 2097224, 0, 0, 0, 0, 0, 0, 0, 0, 0, 0, 0, 0, 0, 0, 0, 0, 0, 0, 0, 11000, 12000, '', 0, 3, 1, 1, 0, 0, 0, 0, 0, 0, 0, 184, 1, 0, 0, '', 17614,69388),
(@RAID_DIFF_25R + 69390, 0, 0, 0, 0, 0, 47528, 0, 0, 0, 'Zandalari Storm-Caller', '', '', 0, 92, 92, 4, 16, 16, 0, 1, 1.14286, 1, 1, 11839, 17339, 0, 45299, 1, 2000, 2000, 1, 0, 0, 0, 0, 0, 0, 0, 0, 0, 0, 0, 7, 270532680, 0, 0, 0, 0, 0, 0, 0, 0, 0, 0, 0, 0, 0, 0, 0, 0, 0, 0, 0, 10000, 11000, '', 0, 3, 1, 1, 0, 0, 0, 0, 0, 0, 0, 167, 1, 0, 0, '', 17614,69390),
(@RAID_DIFF_25R + 69455, 0, 0, 0, 0, 0, 47536, 0, 0, 0, 'Zandalari Water-Binder', '', '', 0, 92, 92, 4, 16, 16, 0, 1, 1.14286, 1, 1, 11839, 17339, 0, 45299, 1, 2000, 2000, 1, 0, 0, 0, 0, 0, 0, 0, 0, 0, 0, 0, 7, 2097224, 0, 0, 0, 0, 0, 0, 0, 0, 0, 0, 0, 0, 0, 0, 0, 0, 0, 0, 0, 10000, 11000, '', 0, 3, 1, 1, 0, 0, 0, 0, 0, 0, 0, 167, 1, 0, 0, '', 17614,0),
(@RAID_DIFF_25R + 69465, 0, 0, 0, 0, 0, 47552, 0, 0, 0, 'Jin\'rokh the Breaker', '', '', 0, 93, 93, 4, 14, 14, 0, 1, 1.14286, 1, 3, 17839, 24339, 0, 51299, 1, 2000, 2000, 1, 0, 0, 0, 0, 0, 0, 0, 0, 0, 0, 0, 7, 2097260, 0, 0, 0, 0, 0, 0, 0, 0, 0, 0, 0, 0, 0, 0, 0, 0, 0, 0, 0, 2900000, 3000000, '', 0, 3, 1, 1, 0, 0, 0, 0, 0, 0, 0, 180, 1, 667893759, 1, 'boss_jinrokh', 17614,0),
(@RAID_DIFF_25R + 70230, 0, 0, 0, 0, 0, 47941, 47942, 47943, 47944, 'Zandalari Blade Initiate', '', '', 0, 92, 92, 4, 16, 16, 0, 1, 1.14286, 1, 1, 11839, 17339, 0, 45299, 1, 2000, 2000, 1, 0, 0, 0, 0, 0, 0, 0, 0, 0, 0, 0, 7, 2097224, 0, 0, 0, 0, 0, 0, 0, 0, 0, 0, 0, 0, 0, 0, 0, 0, 0, 0, 0, 11000, 12000, '', 0, 3, 1, 1, 0, 0, 0, 0, 0, 0, 0, 184, 1, 0, 0, '', 17614,70230),
(@RAID_DIFF_25R + 70236, 0, 0, 0, 0, 0, 47528, 0, 0, 0, 'Zandalari Storm-Caller', '', '', 0, 92, 92, 4, 16, 16, 0, 1, 1.14286, 1, 1, 11839, 17339, 0, 45299, 1, 2000, 2000, 1, 0, 0, 0, 0, 0, 0, 0, 0, 0, 0, 0, 7, 270532680, 0, 0, 0, 0, 0, 0, 0, 0, 0, 0, 0, 0, 0, 0, 0, 0, 0, 0, 0, 11000, 12000, '', 0, 3, 1, 1, 0, 0, 0, 0, 0, 0, 0, 167, 1, 0, 0, '', 17614,70236),
(@RAID_DIFF_25R + 70341, 0, 0, 0, 0, 0, 48048, 0, 0, 0, 'Tormented Spirit', '', '', 0, 91, 91, 4, 16, 16, 0, 1, 0.992063, 1, 1, 11839, 17339, 0, 45299, 1, 2000, 2000, 1, 0, 0, 0, 0, 0, 0, 0, 0, 0, 0, 0, 6, 2097224, 0, 0, 0, 0, 0, 0, 0, 0, 0, 0, 0, 0, 0, 0, 0, 0, 0, 0, 0, 0, 0, '', 0, 4, 1, 1, 0, 0, 0, 0, 0, 0, 0, 0, 1, 0, 0, '', 17614,0),
(@RAID_DIFF_25R + 70441, 0, 0, 0, 0, 0, 47693, 0, 0, 0, 'Lost Soul', '', '', 0, 91, 91, 4, 16, 16, 0, 1, 0.992063, 1, 1, 11839, 17339, 0, 45299, 1, 2000, 2000, 1, 768, 2048, 0, 0, 0, 0, 0, 0, 0, 0, 0, 6, 2097224, 0, 0, 0, 0, 0, 0, 0, 0, 0, 0, 0, 0, 0, 0, 0, 0, 0, 0, 0, 0, 0, '', 0, 4, 1, 1, 0, 0, 0, 0, 0, 0, 0, 0, 1, 0, 0, '', 17614,0);

-- Update Immunity, difficulty entries and bind
UPDATE creature_template SET flags_extra = flags_extra | 1, mechanic_immune_mask = 667893759 WHERE entry IN 
(68476,69465);
UPDATE `creature_template` SET `difficulty_entry_3` = @RAID_DIFF_10N + entry, `difficulty_entry_4` = @RAID_DIFF_25N + entry, `difficulty_entry_5` = @RAID_DIFF_10H + entry, `difficulty_entry_6` = @RAID_DIFF_25H + entry, `difficulty_entry_7` = @RAID_DIFF_25R + entry WHERE `entry` IN 
(68476,69176,69177,69388,69390,69455,69465,70230,70236,70341,70441);

-- Creature Trash Mobs Damage, HP, LootId
-- Base HP Gamepedia Raid 25N
-- 25R -10%
-- 25H +25%
-- 10N (BASE HP: 25 = X : 10)
-- 10H=(10N+25%)


-- Zandalari Spear-Shaper
UPDATE creature_template SET LootId = @RAID_DIFF_10N + 69388, dmg_multiplier = 5, Health_Mod = 14165200 / @HP_MOD_92 WHERE entry = @RAID_DIFF_10N + 69388;
UPDATE creature_template SET LootId = @RAID_DIFF_10H + 69388, dmg_multiplier = 6, Health_Mod = 17706500 / @HP_MOD_92 WHERE entry = @RAID_DIFF_10H + 69388;
UPDATE creature_template SET LootId = @RAID_DIFF_25N + 69388, dmg_multiplier = 8, Health_Mod = 35413000 / @HP_MOD_92 WHERE entry = @RAID_DIFF_25N + 69388;
UPDATE creature_template SET LootId = @RAID_DIFF_25H + 69388, dmg_multiplier = 9, Health_Mod = 44266250 / @HP_MOD_92 WHERE entry = @RAID_DIFF_25H + 69388;
UPDATE creature_template SET LootId = @RAID_DIFF_25R + 69388, dmg_multiplier = 7, Health_Mod = 31871700 / @HP_MOD_92 WHERE entry = @RAID_DIFF_25R + 69388;

-- Zandalari Storm-Caller
UPDATE creature_template SET LootId = @RAID_DIFF_10N + 69390, dmg_multiplier = 5, Health_Mod = 9308400  / @HP_MOD_92 WHERE entry = @RAID_DIFF_10N + 69390;
UPDATE creature_template SET LootId = @RAID_DIFF_10H + 69390, dmg_multiplier = 6, Health_Mod = 11635500 / @HP_MOD_92 WHERE entry = @RAID_DIFF_10H + 69390;
UPDATE creature_template SET LootId = @RAID_DIFF_25N + 69390, dmg_multiplier = 8, Health_Mod = 23271000 / @HP_MOD_92 WHERE entry = @RAID_DIFF_25N + 69390;
UPDATE creature_template SET LootId = @RAID_DIFF_25H + 69390, dmg_multiplier = 9, Health_Mod = 29088750 / @HP_MOD_92 WHERE entry = @RAID_DIFF_25H + 69390;
UPDATE creature_template SET LootId = @RAID_DIFF_25R + 69390, dmg_multiplier = 7, Health_Mod = 20943900 / @HP_MOD_92 WHERE entry = @RAID_DIFF_25R + 69390;

-- Zandalari Water-Binder
UPDATE creature_template SET LootId = @RAID_DIFF_10N + 69455, dmg_multiplier = 5, Health_Mod = 7446958  / @HP_MOD_92 WHERE entry = @RAID_DIFF_10N + 69455;
UPDATE creature_template SET LootId = @RAID_DIFF_10H + 69455, dmg_multiplier = 6, Health_Mod = 9308698  / @HP_MOD_92 WHERE entry = @RAID_DIFF_10H + 69455;
UPDATE creature_template SET LootId = @RAID_DIFF_25N + 69455, dmg_multiplier = 8, Health_Mod = 18617396 / @HP_MOD_92 WHERE entry = @RAID_DIFF_25N + 69455;
UPDATE creature_template SET LootId = @RAID_DIFF_25H + 69455, dmg_multiplier = 9, Health_Mod = 23271745 / @HP_MOD_92 WHERE entry = @RAID_DIFF_25H + 69455;
UPDATE creature_template SET LootId = @RAID_DIFF_25R + 69455, dmg_multiplier = 7, Health_Mod = 16755656 / @HP_MOD_92 WHERE entry = @RAID_DIFF_25R + 69455;

-- Zandalari Blade Initiate
UPDATE creature_template SET LootId = @RAID_DIFF_10N + 70230, dmg_multiplier = 3, Health_Mod = 6070800  / @HP_MOD_92 WHERE entry = @RAID_DIFF_10N + 70230;
UPDATE creature_template SET LootId = @RAID_DIFF_10H + 70230, dmg_multiplier = 4, Health_Mod = 7588500  / @HP_MOD_92 WHERE entry = @RAID_DIFF_10H + 70230;
UPDATE creature_template SET LootId = @RAID_DIFF_25N + 70230, dmg_multiplier = 6, Health_Mod = 15177000 / @HP_MOD_92 WHERE entry = @RAID_DIFF_25N + 70230;
UPDATE creature_template SET LootId = @RAID_DIFF_25H + 70230, dmg_multiplier = 7, Health_Mod = 18971250 / @HP_MOD_92 WHERE entry = @RAID_DIFF_25H + 70230;
UPDATE creature_template SET LootId = @RAID_DIFF_25R + 70230, dmg_multiplier = 5, Health_Mod = 13659300 / @HP_MOD_92 WHERE entry = @RAID_DIFF_25R + 70230;

-- Zandalari Storm-Caller (Door's Guard)
UPDATE creature_template SET LootId = @RAID_DIFF_10N + 70236, dmg_multiplier = 5, Health_Mod = 11196000 / @HP_MOD_92 WHERE entry = @RAID_DIFF_10N + 70236;
UPDATE creature_template SET LootId = @RAID_DIFF_10H + 70236, dmg_multiplier = 6, Health_Mod = 13995000 / @HP_MOD_92 WHERE entry = @RAID_DIFF_10H + 70236;
UPDATE creature_template SET LootId = @RAID_DIFF_25N + 70236, dmg_multiplier = 8, Health_Mod = 27990000 / @HP_MOD_92 WHERE entry = @RAID_DIFF_25N + 70236;
UPDATE creature_template SET LootId = @RAID_DIFF_25H + 70236, dmg_multiplier = 9, Health_Mod = 34987500 / @HP_MOD_92 WHERE entry = @RAID_DIFF_25H + 70236;
UPDATE creature_template SET LootId = @RAID_DIFF_25R + 70236, dmg_multiplier = 7, Health_Mod = 25191000 / @HP_MOD_92 WHERE entry = @RAID_DIFF_25R + 70236;

-- Boss Loots, dmg, HP for any difficult
-- Jin'rokh the Breaker
UPDATE creature_template SET LootId = @RAID_DIFF_10N + 69465, dmg_multiplier = 6, Health_Mod = 207601216 / @HP_MOD_93 WHERE entry = @RAID_DIFF_10N + 69465;
UPDATE creature_template SET LootId = @RAID_DIFF_10H + 69465, dmg_multiplier = 7, Health_Mod = 317507744 / @HP_MOD_93 WHERE entry = @RAID_DIFF_10H + 69465;
UPDATE creature_template SET LootId = @RAID_DIFF_25N + 69465, dmg_multiplier = 9, Health_Mod = 622803648 / @HP_MOD_93 WHERE entry = @RAID_DIFF_25N + 69465;
UPDATE creature_template SET LootId = @RAID_DIFF_25H + 69465, dmg_multiplier = 10,Health_Mod = 952523200 / @HP_MOD_93 WHERE entry = @RAID_DIFF_25H + 69465;
UPDATE creature_template SET LootId = @RAID_DIFF_25R + 69465, dmg_multiplier = 8, Health_Mod = 545171264 / @HP_MOD_93 WHERE entry = @RAID_DIFF_25R + 69465;


-- Trash Mobs SAI
UPDATE `creature_template` SET `AIName` = 'SmartAI' WHERE `entry` IN (69455,70230);
DELETE FROM `smart_scripts` WHERE `entryorguid`IN (69455,70230) AND `source_type`= 0;
INSERT INTO `smart_scripts` (`entryorguid`, `source_type`, `id`, `link`, `event_type`, `event_phase_mask`, `event_chance`, `event_flags`, `event_param1`, `event_param2`, `event_param3`, `event_param4`, `action_type`, `action_param1`, `action_param2`, `action_param3`, `action_param4`, `action_param5`, `action_param6`, `target_type`, `target_param1`, `target_param2`, `target_param3`, `target_x`, `target_y`, `target_z`, `target_o`, `comment`) VALUES 
(69455, 0, 0, 0, 0, 0, 100, 0, 3000, 4000, 7000, 10000, 11, 136952, 0, 0, 0, 0, 0, 2, 0, 0, 0, 0, 0, 0, 0, "Zandalari Water-Binder - Cast Frostbolt"),
(69455, 0, 1, 0, 0, 0, 100, 0, 5000, 10000, 13000, 18000, 11, 137099, 0, 0, 0, 0, 0, 2, 0, 0, 0, 0, 0, 0, 0, "Zandalari Water-Binder - Cast Bind Water"),
(70230, 0, 0, 0, 0, 0, 100, 0, 12000, 13000, 15000, 16000, 11, 140049, 2, 0, 0, 0, 0, 2, 0, 0, 0, 0, 0, 0, 0, "Zandalari Blade Initiate - Cast Wounding Strike");

-- Creature Equip
REPLACE INTO `creature_equip_template` (`entry`, `itemEntry1`, `itemEntry2`, `itemEntry3`) VALUES 
(69078, 93238, 0, 0),
(69131, 93798, 93798, 0),
(69132, 94313, 0, 0),
(69167, 19874, 0, 0),
(69168, 33983, 0, 0),
(69169, 33984, 33789, 0),
(69173, 9511, 9511, 0),
(69176, 93667, 0, 0),
(69184, 37721, 0, 0),
(69185, 49839, 0, 0),
(69221, 92358, 0, 0),
(69388, 82006, 0, 0),
(69390, 95867, 0, 0),
(69899, 93238, 0, 0),
(69905, 90001, 90007, 0),
(69906, 94134, 0, 0),
(69909, 93241, 0, 0),
(69910, 94118, 94194, 0),
(69927, 94122, 94193, 0),
(70230, 95803, 0, 0),
(70236, 95867, 0, 0),
(70246, 0, 93755, 0),
(70557, 94248, 0, 0);

-- Creature Model
REPLACE INTO `creature_model_info` (`modelid`, `bounding_radius`, `combat_reach`, `gender`) VALUES
(11686, 0.5, 1, 2),
(22307, 0.5902774, 2.55, 0),
(22308, 0.5902774, 2.55, 0),
(27056, 0.465, 1.5, 0),
(28118, 0.3672, 1.8, 1),
(28120, 0.306, 1.5, 0),
(32832, 5, 10, 2),
(39633, 0.5, 1, 2),
(47229, 3, 4.5, 0),
(47230, 1.041666, 4.5, 0),
(47331, 0.868055, 3.75, 0),
(47332, 0.868055, 3.75, 0),
(47333, 0.868055, 3.75, 0),
(47334, 0.868055, 3.75, 0),
(47335, 0.5902774, 2.55, 0),
(47336, 0.5902774, 2.55, 0),
(47338, 0.6249996, 2.7, 0),
(47341, 2.5, 1.5, 0),
(47443, 0.612, 3, 0),
(47495, 2.088, 6, 2),
(47505, 3, 4.5, 0),
(47506, 3, 4.5, 0),
(47556, 0.62, 2, 0),
(47557, 0.62, 2, 0),
(47558, 0.465, 1.5, 0),
(47559, 0.459, 2.25, 1),
(47561, 0.459, 2.25, 1),
(47693, 1.5, 1.5, 2),
(47698, 0.5, 1, 2),
(47730, 2.5, 3.75, 1),
(47761, 1.305, 3.75, 0),
(47767, 0.868055, 3.75, 0),
(47769, 0.5902774, 2.55, 0),
(47775, 0.5202, 2.55, 0),
(47781, 0.5902774, 2.55, 0),
(47782, 0.5202, 2.55, 0);
(47783, 0.4896, 2.4, 1),
(47853, 0.520833, 2.25, 0),
(47885, 1.566, 4.5, 0),
(47951, 1.224, 6, 0),
(48048, 4, 1.5, 2),
(48121, 1.566, 4.5, 0);

-- Creature Auras & Bytes
DELETE FROM `creature_template_aura` WHERE `entry` IN (32641,32642,54020,69135,69176,69184,69185,69909,69927,70056,70060,70246,70557,73400);
INSERT INTO `creature_template_aura` (`entry`, `aura`) VALUES
(32641,61424),
(32642,61424),
(54020,137126),
(69135,91218),
(69176,46598),
(69184,136709),
(69185,136709),
(69909,138432),
(69909,138610),
(69927,139212),
(70056,91218),
(70060,138719),
(70246,139364),
(70557,140115),
(73400,147490);

DELETE FROM `creature_template_bytes` WHERE `entry` IN (54020,69135,69182,69184,69185,70056,70060,70137,70246,70341,70441,73400);
INSERT INTO `creature_template_bytes` (`entry`, `index`, `bytes`) VALUES
(54020,0,0x3000000),
(69135,0,0x2000000),
(69182,0,0x3000000),
(69184,0,0x1),
(69185,0,0x1),
(70056,0,0x3000000),
(70060,0,0x3000000),
(70137,0,0x3000000),
(70246,0,0x3000000),
(70341,0,0x3000000),
(70441,0,0x3000000),
(73400,0,0x3000000);

-- Creature Spawns
INSERT INTO `creature` (`guid`,`id`,`map`,`zoneId`,`areaId`,`spawnMask`,`phaseMask`,`modelid`,`equipment_id`,`position_x`,`position_y`,`position_z`,`orientation`,`spawntimesecs`,`spawndist`,`currentwaypoint`,`curhealth`,`curmana`,`MovementType`,`npcflag`,`npcflag2`,`unit_flags`,`unit_flags2`,`dynamicflags`,`isActive`,`protec_anti_doublet`) VALUES
(@CGUID+1,  54020, 1098, 0, 0, 248, 1, 0, 0, 5536.38, 5839.95, 130.183, 0, 86400, 0, 0, 1, 0, 0, 0, 0, 0, 0, 0, 0, NULL),
(@CGUID+2,  54020, 1098, 0, 0, 248, 1, 0, 0, 5531.27, 5853.36, 130.223, 0, 86400, 0, 0, 1, 0, 0, 0, 0, 0, 0, 0, 0, NULL),
(@CGUID+3,  54020, 1098, 0, 0, 248, 1, 0, 0, 5517.09, 5858.31, 130.180, 0, 86400, 0, 0, 1, 0, 0, 0, 0, 0, 0, 0, 0, NULL),
(@CGUID+4,  54020, 1098, 0, 0, 248, 1, 0, 0, 5536.38, 5839.95, 130.183, 0, 86400, 0, 0, 1, 0, 0, 0, 0, 0, 0, 0, 0, NULL),

(@CGUID+5,  69388, 1098, 0, 0, 248, 1, 0, 69388, 5917.69, 6525.49, 112.228, 5.97571, 300, 0, 0, 16863680, 0, 0, 0, 0, 0, 2048, 0, 0, NULL),
(@CGUID+6,  69388, 1098, 0, 0, 248, 1, 0, 69388, 5860.51, 6522.21, 112.261, 4.64341, 300, 0, 0, 16863680, 0, 0, 0, 0, 0, 2048, 0, 0, NULL),
(@CGUID+7,  69388, 1098, 0, 0, 248, 1, 0, 69388, 5873.17, 6494.15, 118.106, 1.42956, 300, 0, 0, 16863680, 0, 0, 0, 0, 0, 2048, 0, 0, NULL),
(@CGUID+8,  69388, 1098, 0, 0, 248, 1, 0, 69388, 5840.67, 6482.09, 117.996, 3.21006, 300, 0, 0, 16863680, 0, 0, 0, 0, 0, 2048, 0, 0, NULL),
(@CGUID+9,  69388, 1098, 0, 0, 248, 1, 0, 69388, 5946.51, 6475.25, 118.107, 0.0849757, 300, 0, 0, 16863680, 0, 0, 0, 0, 0, 2048, 0, 0, NULL),

(@CGUID+10, 69390, 1098, 0, 0, 248, 1, 0, 69390, 5909.45, 6555.49, 112.261, 2.07639, 300, 0, 0, 13912536, 0, 0, 0, 0, 0, 2048, 0, 0, NULL),
(@CGUID+11, 69390, 1098, 0, 0, 248, 1, 0, 69390, 5882.01, 6554.81, 112.261, 3.69621, 300, 0, 0, 13912536, 0, 0, 0, 0, 0, 2048, 0, 0, NULL),
(@CGUID+12, 69390, 1098, 0, 0, 248, 1, 0, 69390, 5943.90, 6491.32, 118.107, 6.25192, 300, 0, 0, 13912536, 0, 0, 0, 0, 0, 2048, 0, 0, NULL),

(@CGUID+13, 69455, 1098, 0, 0, 248, 1, 0, 0, 5905.52, 6556.86, 112.260, 0.51738, 300, 0, 0, 9696616, 0, 0, 0, 0, 0, 2048, 0, 0, NULL),
(@CGUID+14, 69455, 1098, 0, 0, 248, 1, 0, 0, 5875.67, 6550.89, 112.261, 1.04235, 300, 0, 0, 9696616, 0, 0, 0, 0, 0, 2048, 0, 0, NULL),
(@CGUID+15, 69455, 1098, 0, 0, 248, 1, 0, 0, 5867.4, 6490.76, 118.106, 0.868784, 300, 0, 0, 9696616, 0, 0, 0, 0, 0, 2048, 0, 0, NULL),
(@CGUID+16, 69455, 1098, 0, 0, 248, 1, 0, 0, 5947.27, 6494.46, 118.107, 5.41233, 300, 0, 0, 9696616, 0, 0, 0, 0, 0, 2048, 0, 0, NULL),

(@CGUID+17, 69465, 1098, 0, 0, 248, 1, 0, 0, 5891.82, 6263.38, 124.034, 1.56886, 86400, 0, 0, 207601216, 0, 0, 0, 0, 0, 2048, 0, 0, NULL),

(@CGUID+18, 70230, 1098, 0, 0, 248, 1, 0, 70230, 5915.01, 6555.70, 112.262, 2.41254, 300, 0, 0, 5059104, 0, 0, 0, 0, 0, 2048, 0, 0, NULL),
(@CGUID+19, 70230, 1098, 0, 0, 248, 1, 0, 70230, 5929.73, 6543.16, 112.261, 3.72292, 300, 0, 0, 5059104, 0, 0, 0, 0, 0, 2048, 0, 0, NULL),
(@CGUID+20, 70230, 1098, 0, 0, 248, 1, 0, 70230, 5931.22, 6538.27, 112.261, 3.38913, 300, 0, 0, 5059104, 0, 0, 0, 0, 0, 2048, 0, 0, NULL),
(@CGUID+21, 70230, 1098, 0, 0, 248, 1, 0, 70230, 5930.63, 6529.92, 112.253, 3.03963, 300, 0, 0, 5059104, 0, 0, 0, 0, 0, 2048, 0, 0, NULL),
(@CGUID+22, 70230, 1098, 0, 0, 248, 1, 0, 70230, 5918.55, 6518.21, 112.259, 2.18511, 300, 0, 0, 5059104, 0, 0, 0, 0, 0, 2048, 0, 0, NULL),
(@CGUID+23, 70230, 1098, 0, 0, 248, 1, 0, 70230, 5925.01, 6518.61, 112.259, 2.50555, 300, 0, 0, 5059104, 0, 0, 0, 0, 0, 2048, 0, 0, NULL),
(@CGUID+24, 70230, 1098, 0, 0, 248, 1, 0, 70230, 5926.01, 6523.48, 112.258, 2.75531, 300, 0, 0, 5059104, 0, 0, 0, 0, 0, 2048, 0, 0, NULL),
(@CGUID+25, 70230, 1098, 0, 0, 248, 1, 0, 70230, 5873.91, 6558.49, 112.737, 1.24184, 300, 0, 0, 5059104, 0, 0, 0, 0, 0, 2048, 0, 0, NULL),
(@CGUID+26, 70230, 1098, 0, 0, 248, 1, 0, 70230, 5853.16, 6520.82, 112.261, 4.89002, 300, 0, 0, 5059104, 0, 0, 0, 0, 0, 2048, 0, 0, NULL),
(@CGUID+27, 70230, 1098, 0, 0, 248, 1, 0, 70230, 5878.06, 6489.66, 118.107, 1.66440, 300, 0, 0, 5059104, 0, 0, 0, 0, 0, 2048, 0, 0, NULL),
(@CGUID+28, 70230, 1098, 0, 0, 248, 1, 0, 70230, 5830.94, 6476.99, 118.107, 3.21948, 300, 0, 0, 5059104, 0, 0, 0, 0, 0, 2048, 0, 0, NULL),
(@CGUID+29, 70230, 1098, 0, 0, 248, 1, 0, 70230, 5830.65, 6493.49, 118.107, 3.17707, 300, 0, 0, 5059104, 0, 0, 0, 0, 0, 2048, 0, 0, NULL),
(@CGUID+30, 70230, 1098, 0, 0, 248, 1, 0, 70230, 5831.48, 6469.27, 118.107, 3.11220, 300, 0, 0, 5059104, 0, 0, 0, 0, 0, 2048, 0, 0, NULL),
(@CGUID+31, 70230, 1098, 0, 0, 248, 1, 0, 70230, 5830.66, 6486.52, 118.107, 3.22608, 300, 0, 0, 5059104, 0, 0, 0, 0, 0, 2048, 0, 0, NULL),
(@CGUID+32, 70230, 1098, 0, 0, 248, 1, 0, 70230, 5955.64, 6492.72, 118.107, 3.26741, 300, 0, 0, 5059104, 0, 0, 0, 0, 0, 2048, 0, 0, NULL),
(@CGUID+33, 70230, 1098, 0, 0, 248, 1, 0, 70230, 5953.43, 6489.91, 118.107, 2.62966, 300, 0, 0, 5059104, 0, 0, 0, 0, 0, 2048, 0, 0, NULL),
(@CGUID+34, 70230, 1098, 0, 0, 248, 1, 0, 70230, 5953.10, 6485.33, 118.107, 2.42625, 300, 0, 0, 5059104, 0, 0, 0, 0, 0, 2048, 0, 0, NULL),
(@CGUID+35, 70230, 1098, 0, 0, 248, 1, 0, 70230, 5948.62, 6483.84, 118.107, 2.19141, 300, 0, 0, 5059104, 0, 0, 0, 0, 0, 2048, 0, 0, NULL),
(@CGUID+36, 70230, 1098, 0, 0, 248, 1, 0, 70230, 5955.83, 6479.02, 118.107, 3.51874, 300, 0, 0, 5059104, 0, 0, 0, 0, 0, 2048, 0, 0, NULL),
(@CGUID+37, 70230, 1098, 0, 0, 248, 1, 0, 70230, 5955.42, 6472.66, 118.107, 2.79224, 300, 0, 0, 5059104, 0, 0, 0, 0, 0, 2048, 0, 0, NULL),
(@CGUID+38, 70230, 1098, 0, 0, 248, 1, 0, 70230, 5951.30, 6468.36, 118.107, 2.33750, 300, 0, 0, 5059104, 0, 0, 0, 0, 0, 2048, 0, 0, NULL),

(@CGUID+39, 70236, 1098, 0, 0, 248, 1, 0, 70236, 5892.01, 6436.98, 118.106, 1.61915, 86400, 0, 0, 21079600, 0, 0, 0, 0, 0, 2048, 0, 0, NULL),

(@CGUID+40, 70245, 1098, 0, 0, 248, 1, 0, 0, 5859.92, 6515.6, 112.261, 1.54454, 300, 0, 0, 144628, 0, 0, 0, 0, 0, 2048, 0, 0, NULL),
(@CGUID+41, 70245, 1098, 0, 0, 248, 1, 0, 0, 5852.87, 6515.65, 112.261, 1.58539, 300, 0, 0, 144628, 0, 0, 0, 0, 0, 2048, 0, 0, NULL),
(@CGUID+42, 70245, 1098, 0, 0, 248, 1, 0, 0, 5824.56, 6493.54, 118.107, 0.0295164, 300, 0, 0, 144628, 0, 0, 0, 0, 0, 2048, 0, 0, NULL),
(@CGUID+43, 70245, 1098, 0, 0, 248, 1, 0, 0, 5824.91, 6486.64, 118.107, 0.0295164, 300, 0, 0, 144628, 0, 0, 0, 0, 0, 2048, 0, 0, NULL),
(@CGUID+44, 70245, 1098, 0, 0, 248, 1, 0, 0, 5824.89, 6477.12, 118.107, 6.26951, 300, 0, 0, 144628, 0, 0, 0, 0, 0, 2048, 0, 0, NULL),
(@CGUID+45, 70245, 1098, 0, 0, 248, 1, 0, 0, 5825.11, 6469.8, 118.107, 6.26558, 300, 0, 0, 144628, 0, 0, 0, 0, 0, 2048, 0, 0, NULL),

(@CGUID+46, 69467, 1098, 0, 0, 248, 1, 0, 0, 5834.94, 6320.38, 158.822, 5.49425, 300, 0, 0, 84, 0, 0, 0, 0, 0, 2048, 0, 0, NULL),
(@CGUID+47, 69467, 1098, 0, 0, 248, 1, 0, 0, 5949.51, 6322.59, 158.822, 3.93524, 300, 0, 0, 84, 0, 0, 0, 0, 0, 2048, 0, 0, NULL),
(@CGUID+48, 69467, 1098, 0, 0, 248, 1, 0, 0, 5950.26, 6206.49, 158.822, 2.43905, 300, 0, 0, 84, 0, 0, 0, 0, 0, 2048, 0, 0, NULL),
(@CGUID+49, 69467, 1098, 0, 0, 248, 1, 0, 0, 5835.62, 6206.6, 158.822, 0.821134, 300, 0, 0, 84, 0, 0, 0, 0, 0, 2048, 0, 0, NULL);

-- Creature Emote
DELETE FROM `creature_emote` WHERE `guid` IN (@CGUID+6,@CGUID+10,@CGUID+19,@CGUID+20,@CGUID+21,@CGUID+22,@CGUID+23,@CGUID+24,@CGUID+26,@CGUID+28,@CGUID+29,@CGUID+30,@CGUID+31,@CGUID+32,@CGUID+33,@CGUID+34,@CGUID+35,@CGUID+36,@CGUID+37,@CGUID+38);
INSERT INTO `creature_emote` VALUES
(@CGUID+6,36),
(@CGUID+19,45),
(@CGUID+20,45),
(@CGUID+21,45),
(@CGUID+22,45),
(@CGUID+23,45),
(@CGUID+24,45),
(@CGUID+26,37),
(@CGUID+28,37),
(@CGUID+29,36),
(@CGUID+30,36),
(@CGUID+31,37),
(@CGUID+32,45),
(@CGUID+33,45),
(@CGUID+34,45),
(@CGUID+35,45),
(@CGUID+36,45),
(@CGUID+37,45),
(@CGUID+38,45);

DELETE FROM `creature_bytes` WHERE `guid` IN (@CGUID+18);
INSERT INTO `creature_bytes` VALUES
(@CGUID+18,0,8);

-- Creature Speeches
DELETE FROM `creature_text` WHERE `entry` IN (69465);
INSERT INTO `creature_text` (`entry`, `groupid`, `id`, `text`, `type`, `language`, `probability`, `emote`, `duration`, `sound`, `comment`) VALUES
(69465, 0,  0, 'Da Thunder King give me power! Come, I show you!', 14, 0, 100, 0, 0, 35550,'Jin''rokh the Breaker - Intro'),
(69465, 1,  0, 'I must break you.', 14, 0, 100, 0, 0, 35547,  'Jin''rokh the Breaker - Aggro'),
(69465, 2,  0, 'Smash!', 14, 0, 100, 0, 0, 35553,  'Jin''rokh the Breaker - Static Burst'),
(69465, 3,  0, 'Crush your bones!', 14, 0, 100, 0, 0, 35554,  'Jin''rokh the Breaker - Thundering Throw'),
(69465, 4,  0, 'I call da storm!', 14, 0, 100, 0, 0, 35555,  'Jin''rokh the Breaker - Lightning Storm'),
(69465, 5,  0, 'Zap!', 14, 0, 100, 0, 0, 35556,  'Jin''rokh the Breaker - Focused Lightning'),
(69465, 6,  0, '|TInterface\\Icons\\ability_warrior_throwdown:20|t%s grabs $n and readies his |cFFFF0000|Hspell:137175|h[Thundering Throw]|h|r!', 41, 0, 100, 0, 0, 0,  'Jin''rokh the Breaker'),
(69465, 7,  0, '|TInterface\\Icons\\spell_shaman_thunderstorm:20|t%s begins to channel an intense |cFFFF0000|Hspell:137313|h[Lightning Storm]|h|r!', 41, 0, 100, 0, 0, 0,  'Jin''rokh the Breaker'),
(69465, 8,  0, '|TInterface\\Icons\\spell_shaman_thunderstorm:20|t%s begins to channel an intense |cFFFF0000|Hspell:137313|h[Lightning Storm]|h|r!', 41, 0, 100, 0, 0, 0,  'Jin''rokh the Breaker'),
(69465, 9,  0, 'Weak.', 14, 0, 100, 0, 0, 35551,  'Jin''rokh the Breaker - Kill01'),
(69465, 9,  1, 'So easy to break.', 14, 0, 100, 0, 0, 35552,  'Jin''rokh the Breaker - Kill02'),
(69465, 10, 0, 'Bored. You die now.', 14, 0, 100, 0, 0, 35552,  'Jin''rokh the Breaker - Berserk'),
(69465, 11, 0, 'How you beat me?', 14, 0, 100, 0, 0, 35549,  'Jin''rokh the Breaker Death');

-- Gameobjects templates
REPLACE INTO `gameobject_template` (`entry`, `type`, `displayId`, `name`, `IconName`, `castBarCaption`, `unk1`, `faction`, `flags`, `size`, `questItem1`, `questItem2`, `questItem3`, `questItem4`, `questItem5`, `questItem6`, `data0`, `data1`, `data2`, `data3`, `data4`, `data5`, `data6`, `data7`, `data8`, `data9`, `data10`, `data11`, `data12`, `data13`, `data14`, `data15`, `data16`, `data17`, `data18`, `data19`, `data20`, `data21`, `data22`, `data23`, `AIName`, `ScriptName`, `WDBVerified`) VALUES
(218389, 0, 13679, 'Passage Door', '', '', '', 0, 32, 1, 0, 0, 0, 0, 0, 0, 0, 0, 0, 0, 0, 0, 0, 0, 0, 0, 0, 0, 0, 0, 0, 0, 0, 0, 0, 0, 0, 0, 0, 0, '', '', 17658),
(218394, 0, 13679, 'Passage Door', '', '', '', 1375, 32, 1, 0, 0, 0, 0, 0, 0, 0, 0, 0, 0, 0, 0, 0, 0, 0, 0, 0, 0, 0, 0, 0, 0, 0, 0, 0, 0, 0, 0, 0, 0, '', '', 17658),
(218397, 0, 13495, 'Charging Station', '', '', '', 1375, 32, 1, 0, 0, 0, 0, 0, 0, 0, 0, 0, 0, 0, 0, 0, 0, 0, 0, 1, 0, 0, 0, 0, 0, 0, 0, 0, 0, 0, 0, 0, 0, '', '', 17658),
(218398, 0, 13496, 'North Pillar', '', '', '', 1375, 32, 2.59985, 0, 0, 0, 0, 0, 0, 0, 0, 0, 0, 0, 0, 0, 0, 0, 0, 1, 0, 0, 0, 0, 0, 0, 0, 0, 0, 0, 0, 0, 0, '', '', 17658),
(218399, 0, 13496, 'East Pillar', '', '', '', 1375, 32, 2.59985, 0, 0, 0, 0, 0, 0, 0, 0, 0, 0, 0, 0, 0, 0, 0, 0, 1, 0, 0, 0, 0, 0, 0, 0, 0, 0, 0, 0, 0, 0, '', '', 17658),
(218400, 0, 13496, 'South Pillar', '', '', '', 1375, 32, 2.59985, 0, 0, 0, 0, 0, 0, 0, 0, 0, 0, 0, 0, 0, 0, 0, 0, 1, 0, 0, 0, 0, 0, 0, 0, 0, 0, 0, 0, 0, 0, '', '', 17658),
(218401, 0, 13496, 'West Pillar', '', '', '', 1375, 32, 2.59985, 0, 0, 0, 0, 0, 0, 0, 0, 0, 0, 0, 0, 0, 0, 0, 0, 1, 0, 0, 0, 0, 0, 0, 0, 0, 0, 0, 0, 0, 0, '', '', 17658),
(218408, 0, 13560, 'SW Window', '', '', '', 1375, 32, 1.18551, 0, 0, 0, 0, 0, 0, 0, 0, 0, 0, 0, 0, 0, 0, 0, 0, 1, 0, 0, 0, 0, 0, 0, 0, 0, 0, 0, 0, 0, 0, '', '', 17658),
(218409, 0, 13560, 'NW Window', '', '', '', 1375, 32, 1.18551, 0, 0, 0, 0, 0, 0, 0, 0, 0, 0, 0, 0, 0, 0, 0, 0, 1, 0, 0, 0, 0, 0, 0, 0, 0, 0, 0, 0, 0, 0, '', '', 17658),
(218410, 0, 13560, 'SE Window', '', '', '', 1375, 32, 1.18551, 0, 0, 0, 0, 0, 0, 0, 0, 0, 0, 0, 0, 0, 0, 0, 0, 1, 0, 0, 0, 0, 0, 0, 0, 0, 0, 0, 0, 0, 0, '', '', 17658),
(218411, 0, 13560, 'NE Window', '', '', '', 1375, 32, 1.18551, 0, 0, 0, 0, 0, 0, 0, 0, 0, 0, 0, 0, 0, 0, 0, 0, 1, 0, 0, 0, 0, 0, 0, 0, 0, 0, 0, 0, 0, 0, '', '', 17658),
(218412, 0, 13583, 'Wind FX NE', '', '', '', 0, 32, 1, 0, 0, 0, 0, 0, 0, 0, 0, 0, 0, 0, 0, 0, 0, 0, 1, 0, 0, 0, 0, 0, 0, 0, 0, 0, 0, 0, 0, 0, 0, '', '', 17658),
(218413, 0, 13583, 'Wind FX SE', '', '', '', 0, 32, 1, 0, 0, 0, 0, 0, 0, 0, 0, 0, 0, 0, 0, 0, 0, 0, 1, 0, 0, 0, 0, 0, 0, 0, 0, 0, 0, 0, 0, 0, 0, '', '', 17658),
(218414, 0, 13583, 'Wind FX SW', '', '', '', 0, 32, 1, 0, 0, 0, 0, 0, 0, 0, 0, 0, 0, 0, 0, 0, 0, 0, 1, 0, 0, 0, 0, 0, 0, 0, 0, 0, 0, 0, 0, 0, 0, '', '', 17658),
(218415, 0, 13583, 'Wind FX NW', '', '', '', 0, 32, 1, 0, 0, 0, 0, 0, 0, 0, 0, 0, 0, 0, 0, 0, 0, 0, 0, 1, 0, 0, 0, 0, 0, 0, 0, 0, 0, 0, 0, 0, 0, '', '', 17658),
(218547, 0, 13600, 'Primordius Room Grate', '', '', '', 1375, 48, 0.502185, 0, 0, 0, 0, 0, 0, 0, 0, 3000, 0, 0, 0, 0, 0, 0, 0, 0, 0, 0, 0, 0, 0, 0, 0, 0, 0, 0, 0, 0, 0, '', '', 17658),
(218548, 0, 13600, 'Primordius Room Grate', '', '', '', 1375, 48, 0.502185, 0, 0, 0, 0, 0, 0, 0, 0, 3000, 0, 0, 0, 0, 0, 0, 0, 0, 0, 0, 0, 0, 0, 0, 0, 0, 0, 0, 0, 0, 0, '', '', 17658),
(218550, 0, 13600, 'Primordius Room Grate', '', '', '', 1375, 48, 0.502184, 0, 0, 0, 0, 0, 0, 0, 0, 3000, 0, 0, 0, 0, 0, 0, 0, 0, 0, 0, 0, 0, 0, 0, 0, 0, 0, 0, 0, 0, 0, '', '', 17658),
(218551, 0, 13600, 'Primordius Room Grate', '', '', '', 1375, 48, 0.502185, 0, 0, 0, 0, 0, 0, 0, 0, 3000, 0, 0, 0, 0, 0, 0, 0, 0, 0, 0, 0, 0, 0, 0, 0, 0, 0, 0, 0, 0, 0, '', '', 17658),
(218552, 0, 13600, 'Primordius Room Grate', '', '', '', 1375, 48, 0.502185, 0, 0, 0, 0, 0, 0, 0, 0, 3000, 0, 0, 0, 0, 0, 0, 0, 0, 0, 0, 0, 0, 0, 0, 0, 0, 0, 0, 0, 0, 0, '', '', 17658),
(218554, 0, 13679, 'Massive Stone Door', '', '', '', 0, 48, 0.62886, 0, 0, 0, 0, 0, 0, 0, 0, 0, 0, 0, 0, 0, 0, 0, 0, 0, 0, 0, 0, 0, 0, 0, 0, 0, 0, 0, 0, 0, 0, '', '', 17658),
(218555, 0, 13679, 'Massive Stone Door', '', '', '', 0, 48, 0.62886, 0, 0, 0, 0, 0, 0, 0, 0, 0, 0, 0, 0, 0, 0, 0, 0, 0, 0, 0, 0, 0, 0, 0, 0, 0, 0, 0, 0, 0, 0, '', '', 17658),
(218584, 0, 13607, 'Primordius Entry Gate', '', '', '', 114, 48, 0.936571, 0, 0, 0, 0, 0, 0, 0, 0, 0, 0, 0, 0, 0, 0, 0, 0, 0, 0, 0, 0, 0, 0, 0, 0, 0, 0, 0, 0, 0, 0, '', '', 17658),
(218588, 0, 13679, 'Door to the Queens\' Chamber', '', '', '', 1375, 48, 1.07536, 0, 0, 0, 0, 0, 0, 0, 0, 0, 0, 0, 0, 0, 0, 0, 0, 0, 0, 0, 0, 0, 0, 0, 0, 0, 0, 0, 0, 0, 0, '', '', 17658),
(218662, 0, 13679, 'Wrought Iron Door', '', '', '', 0, 32, 0.9, 0, 0, 0, 0, 0, 0, 0, 0, 0, 0, 0, 0, 0, 0, 0, 0, 0, 0, 0, 0, 0, 0, 0, 0, 0, 0, 0, 0, 0, 0, '', '', 17658),
(218663, 0, 13679, 'Wrought Iron Door', '', '', '', 0, 32, 0.9, 0, 0, 0, 0, 0, 0, 0, 0, 0, 0, 0, 0, 0, 0, 0, 0, 0, 0, 0, 0, 0, 0, 0, 0, 0, 0, 0, 0, 0, 0, '', '', 17658),
(218667, 0, 13679, 'Wrought Iron Door', '', '', '', 0, 48, 0.9, 0, 0, 0, 0, 0, 0, 0, 0, 0, 0, 0, 0, 0, 0, 0, 0, 0, 0, 0, 0, 0, 0, 0, 0, 0, 0, 0, 0, 0, 0, '', '', 17658),
(218887, 0, 13676, 'Doodad_ThunderIsle_Sewer_Gate_001', '', '', '', 1375, 48, 1, 0, 0, 0, 0, 0, 0, 1, 0, 0, 0, 0, 0, 0, 0, 0, 0, 0, 0, 0, 0, 0, 0, 0, 0, 0, 0, 0, 0, 0, 0, '', '', 17658);

-- Gameobjects spawns
INSERT INTO `gameobject` (`guid`, `id`, `map`, `spawnMask`, `phaseMask`, `position_x`, `position_y`, `position_z`, `orientation`, `rotation0`, `rotation1`, `rotation2`, `rotation3`, `spawntimesecs`, `animprogress`, `state`) VALUES
(@OGUID+1,  218547, 1098, 760, 1, 5657.771, 4638.623, 55.37371, 6.021387, 0, 0, 1, -4.371139E-08, 86400, 255, 1),
(@OGUID+2,  218548, 1098, 760, 1, 5640.225, 4608.232, 55.37371, 5.497789, 0, 0, 1, -4.371139E-08, 86400, 255, 1),
(@OGUID+3,  218550, 1098, 760, 1, 5526.808, 4673.714, 55.37371, 2.879789, 0, 0, 1, -4.371139E-08, 86400, 255, 1),
(@OGUID+4,  218551, 1098, 760, 1, 5544.354, 4608.232, 55.37371, 3.926991, 0, 0, 1, -4.371139E-08, 86400, 255, 1),
(@OGUID+5,  218552, 1098, 760, 1, 5526.808, 4638.623, 55.37371, 3.403396, 0, 0, 1, -4.371139E-08, 86400, 255, 1),
(@OGUID+6,  218554, 1098, 760, 1, 5568.272, 4656.173,-2.477486, 3.141593, 0, 0, 1, -4.371139E-08, 86400, 255, 1),
(@OGUID+7,  218555, 1098, 760, 1, 5552.952, 4656.173,-2.477486, 3.141593, 0, 0, 1, -4.371139E-08, 86400, 255, 1),
(@OGUID+8,  218584, 1098, 760, 1, 5592.278, 4589.998, 55.77790, 4.712390, 0, 0, 1, -4.371139E-08, 86400, 255, 0),
(@OGUID+9,  218588, 1098, 760, 1, 6045.618, 4580.310, 146.3551, 4.712390, 0, 0, 1, -4.371139E-08, 86400, 255, 1),
(@OGUID+10, 218662, 1098, 760, 1, 5891.790, 6349.03, 124.019, 4.68584, 0, 0, 0.716431, -0.697658, 86400, 255, 1),
(@OGUID+11, 218663, 1098, 760, 1, 5745.380, 6263.50, 124.021, 3.12867, 0, 0, 0.999979, 0.00646237, 86400, 255, 1),
(@OGUID+12, 218663, 1098, 760, 1, 5891.690, 6410.15, 124.023, 4.70778, 0, 0, 0.708735, -0.705475, 86400, 255, 1),
(@OGUID+13, 218667, 1098, 760, 1, 5806.350, 6263.49, 124.021, 3.13417, 0, 0, 0.999993, 0.00371344, 86400, 255, 1),
(@OGUID+14, 218400, 1098, 760, 1, 5627.342, 4094.194, 156.4627, 3.141593, 0, 0, 1, -4.371139E-08, 86400, 255, 1),
(@OGUID+15, 218399, 1098, 760, 1, 5710.454, 4011.082, 156.4627, 4.71239, 0, 0, 1, -4.371139E-08, 86400, 255, 1),
(@OGUID+16, 218398, 1098, 760, 1, 5793.565, 4094.193, 156.4627, 1.907349E-06, 0, 0, 1, -4.371139E-08, 86400, 255, 1),
(@OGUID+17, 218401, 1098, 760, 1, 5710.57, 4177.44, 156.4627, 1.907349E-06, 0, 0, 1, -4.371139E-08, 86400, 255, 1),
(@OGUID+18, 218389, 1098, 760, 1, 6051.213, 4160.715, 150.4451, 2.356195, 0, 0, 1, -4.371139E-08, 86400, 255, 1),
(@OGUID+19, 218394, 1098, 760, 1, 6105.57, 4172.356, 146.22, 3.926991, 0, 0, 1, -4.371139E-08, 86400, 255, 1),
(@OGUID+20, 218397, 1098, 760, 1, 5710.454, 4094.193, 157.0909, 3.926996, 0, 0, 1, -4.371139E-08, 86400, 255, 1),
(@OGUID+21, 218887, 1098, 760, 1, 6071.354, 4187.366, 13.35359, 1.047198, 0, 0, 1, -4.371139E-08, 86400, 255, 0),
(@OGUID+22, 218413, 1098, 760, 1, 5710.454, 4094.193, 124.3624, 0.7853989, 0, 0, 1, -4.371139E-08, 86400, 255, 1),
(@OGUID+23, 218412, 1098, 760, 1, 5710.454, 4094.193, 124.3624, 2.356195, 0, 0, 1, -4.371139E-08, 86400, 255, 1),
(@OGUID+24, 218411, 1098, 760, 1, 5700.34, 4102.052, 140.9603, 2.356195, 0, 0, 1, -4.371139E-08, 86400, 255, 1),
(@OGUID+25, 218414, 1098, 760, 1, 5710.454, 4094.193, 124.3624, 5.497789, 0, 0, 1, -4.371139E-08, 86400, 255, 1),
(@OGUID+26, 218415, 1098, 760, 1, 5710.454, 4094.193, 124.3624, 3.926991, 0, 0, 1, -4.371139E-08, 86400, 255, 1),
(@OGUID+27, 218410, 1098, 760, 1, 5718.313, 4104.308, 140.9603, 0.7853989, 0, 0, 1, -4.371139E-08, 86400, 255, 1),
(@OGUID+28, 218409, 1098, 760, 1, 5702.594, 4084.079, 140.9602, 3.926991, 0, 0, 1, -4.371139E-08, 86400, 255, 1),
(@OGUID+29, 218408, 1098, 760, 1, 5720.568, 4086.335, 140.9603, 5.497789, 0, 0, 1, -4.371139E-08, 86400, 255, 1);

-- Gameobject SAI
UPDATE `gameobject_template` SET `AIName` = 'SmartGameObjectAI' WHERE `entry` = 218662;
DELETE FROM `smart_scripts` WHERE `entryorguid`= 218662 AND `source_type`= 1;
INSERT INTO `smart_scripts` (`entryorguid`, `source_type`, `id`, `link`, `event_type`, `event_phase_mask`, `event_chance`, `event_flags`, `event_param1`, `event_param2`, `event_param3`, `event_param4`, `action_type`, `action_param1`, `action_param2`, `action_param3`, `action_param4`, `action_param5`, `action_param6`, `target_type`, `target_param1`, `target_param2`, `target_param3`, `target_x`, `target_y`, `target_z`, `target_o`, `comment`) VALUES 
(218662, 1, 0, 0, 64, 0, 100, 0, 0, 0, 0, 0, 1, 0, 10000, 0, 0, 0, 0, 11, 69465, 200, 0, 0, 0, 0, 0, "Jin'rokh the Breaker Yell Intro on Wrought Iron Door opening");

-- Jin'rokh
-- Spell Scripts
DELETE FROM `spell_script_names` WHERE `spell_id` IN (137162,137194,137374,137389,137429,137507,138349,138389,138568,138990, 137161, 137180, 137168);
INSERT INTO `spell_script_names` (`spell_id`, `ScriptName`) VALUES
(137162, 'spell_static_burst'),
(137194, 'spell_focused_lightning_targeting'),
(137374, 'spell_focused_lightning_detonation'),
(137389, 'spell_focused_lightning_speed'),
(137429, 'spell_focused_lightning_aoe'),
(137507, 'spell_implosion'),
(138349, 'spell_static_wound'),
(138389, 'spell_static_wound_damage'),
(138568, 'spell_lightning_storm_visual'),
(138990, 'spell_focused_lightning_detonation'),
(137161, 'spell_thundering_throw_silence'),
(137180, 'spell_thundering_throw'),
(137168, 'spell_conductive_water_dummy');

-- Templates
DELETE FROM creature_template WHERE entry = 69467;
INSERT INTO creature_template
   (`entry`, `difficulty_entry_1`, `difficulty_entry_2`, `difficulty_entry_3`, `difficulty_entry_4`, `difficulty_entry_5`, `difficulty_entry_6`, `difficulty_entry_7`, `difficulty_entry_8`, `difficulty_entry_9`, `difficulty_entry_10`, `difficulty_entry_11`, `difficulty_entry_12`, `difficulty_entry_13`, `difficulty_entry_14`, `difficulty_entry_15`, `KillCredit1`, `KillCredit2`, `modelid1`, `modelid2`, `modelid3`, `modelid4`, `name`, `subname`, `IconName`, `gossip_menu_id`, `minlevel`, `maxlevel`, `exp`, `exp_unk`, `faction_A`, `faction_H`, `npcflag`, `npcflag2`, `speed_walk`, `speed_run`, `speed_fly`, `scale`, `rank`, `mindmg`, `maxdmg`, `dmgschool`, `attackpower`, `dmg_multiplier`, `baseattacktime`, `rangeattacktime`, `unit_class`, `unit_flags`, `unit_flags2`, `dynamicflags`, `family`, `trainer_type`, `trainer_spell`, `trainer_class`, `trainer_race`, `minrangedmg`, `maxrangedmg`, `rangedattackpower`, `type`, `type_flags`, `type_flags2`, `lootid`, `pickpocketloot`, `skinloot`, `resistance1`, `resistance2`, `resistance3`, `resistance4`, `resistance5`, `resistance6`, `spell1`, `spell2`, `spell3`, `spell4`, `spell5`, `spell6`, `spell7`, `spell8`, `PetSpellDataId`, `VehicleId`, `mingold`, `maxgold`, `AIName`, `MovementType`, `InhabitType`, `HoverHeight`, `Health_mod`, `Mana_mod`, `Mana_mod_extra`, `Armor_mod`, `RacialLeader`, `questItem1`, `questItem2`, `questItem3`, `questItem4`, `questItem5`, `questItem6`, `movementId`, `RegenHealth`, `equipment_id`, `mechanic_immune_mask`, `flags_extra`, `ScriptName`, `WDBVerified`)
VALUES
   (69467, 0, 0, 0, 0, 0, 0, 0, 0, 0, 0, 0, 0, 0, 0, 0, 0, 0, 169, 11686, 0, 0, 'Statue', '', '', 0, 1, 1, 4, 0, 14, 14, 0, 0, 1, 1.14286, 1.14286, 1, 1, 11839, 17339, 0, 45299, 1, 2000, 2000, 1, 0, 0, 0, 0, 0, 0, 0, 0, 0, 0, 0, 15, 0, 0, 0, 0, 0, 0, 0, 0, 0, 0, 0, 0, 0, 0, 0, 0, 0, 0, 0, 0, 0, 0, 0, '', 0, 3, 1, 1, 1, 1, 1, 0, 0, 0, 0, 0, 0, 0, 0, 1, 0, 0, 128, 'npc_jinrokh_statue', 17614);

UPDATE creature_template SET minlevel = 93, maxlevel = 93, InhabitType = 7, unit_flags = 0 | 0x00008000, HoverHeight = 15, ScriptName = 'npc_jinrokh_statue' WHERE entry = 69467;

-- Conditions
DELETE FROM `conditions` WHERE `SourceTypeOrReferenceId`=13 AND `SourceEntry` IN (137161);
/*
INSERT INTO `conditions` (`SourceTypeOrReferenceId`, `SourceGroup`, `SourceEntry`, `SourceId`, `ElseGroup`, `ConditionTypeOrReference`, `ConditionTarget`, `ConditionValue1`, `ConditionValue2`, `ConditionValue3`, `NegativeCondition`, `ErrorType`, `ErrorTextId`, `ScriptName`, `Comment`) VALUES
(13, 1, 137161, 0, 0, 31, 4, 3, 69467, 0, 0, 0, 0, '', 'Thundering Throw - Target Statue');*/
-- Jin'rokh end


SET FOREIGN_KEY_CHECKS = 1;