-- [SQL] [Gackt's report] Hunter - Beast Mastery spirit beasts spawns and AI corrected (refs #1944)
-- [SQL] Npcs - Tweaked respawn timers of all rare creatures
SET @NPC_SKOLL := 35189;
SET @NPC_ARCTURIS := 38453;
SET @NPC_GHOSTCRAWLER := 50051;
SET @NPC_ANKHA := 54318;
SET @NPC_MAGRIA := 54319;
SET @NPC_BANTHALOS := 54320;
SET @NPC_KAROMA := 50138;
SET @NPC_SAMBAS := 50159;
SET @NPC_TERRORPENE := 50058;
SET @NPC_THE_EVALCHARR := 8660;
SET @NPC_JADEFANG := 49822;
SET @NPC_EVER_CORE_THE_PUNISHER := 18698;
SET @NPC_HELLGAZER := 39186;
SET @NPC_MADEXX := 51403;
SET @NPC_THE_RAZZA := 11497;
SET @NPC_OLM_THE_WISE := 14343;
SET @NPC_THARTUK_THE_EXILE := 50053;
SET @CGUID := 400001;
SET @POOL_1 := 30001;
SET @POOL_2 := 30002;
SET @POOL_3 := 30003;
SET @POOL_4 := 30004;
SET @POOL_5 := 30005;
SET @POOL_6 := 30006;
UPDATE `creature_template` SET `faction_A` = 14, `faction_H` = 14, `mindmg` = 436, `maxdmg` = 654, `attackpower` = 163, `dmg_multiplier` = 35, `baseattacktime` = 2000, `unit_flags` = 32832, `dynamicflags` = 4, `type_flags` = 0, `WDBVerified` = 15595 WHERE `entry` = @NPC_THARTUK_THE_EXILE;
UPDATE `creature_template` SET `faction_A` = 189, `faction_H` = 189, `unit_flags` = 32840 WHERE `entry` = @NPC_OLM_THE_WISE;
UPDATE `creature_template` SET `unit_flags` = 72, `AIName` = "SmartAI", `ScriptName` = '' WHERE `entry` = @NPC_THE_RAZZA;
UPDATE `creature_template` SET `faction_A` = 14, `faction_H` = 14, `speed_walk` = 1.11111, `mindmg` = 9, `maxdmg` = 103, `attackpower` = 26, `dmg_multiplier` = 5, `baseattacktime` = 2000, `unit_flags` = 64, `type_flags` = 0, `family` = 0, `WDBVerified` = 15595 WHERE `entry` = @NPC_HELLGAZER;
UPDATE `creature_template` SET `faction_A` = 16, `faction_H` = 16, `mindmg` = 484, `maxdmg` = 726, `attackpower` = 181, `dmg_multiplier` = 35, `baseattacktime` = 2000, `WDBVerified` = 15595 WHERE `entry` = @NPC_MADEXX;
UPDATE `creature_template` SET `minlevel` = 85, `maxlevel` = 85, `exp` = 3, `faction_A` = 2200, `faction_H` = 2200, `speed_run` = 2, `rank` = 4, `mindmg` = 417, `maxdmg` = 627, `attackpower` = 157, `dmg_multiplier` = 42, `baseattacktime` = 1818, `unit_flags` = 32840, `family` = 46, `type` = 1, `WDBVerified` = 15595 WHERE `entry` = @NPC_ANKHA;
UPDATE `creature_template` SET `minlevel` = 85, `maxlevel` = 85, `exp` = 3, `faction_A` = 2200, `faction_H` = 2200, `speed_run` = 2, `rank` = 4, `mindmg` = 500, `maxdmg` = 750, `attackpower` = 187, `dmg_multiplier` = 35, `baseattacktime` = 2000, `unit_flags` = 32832, `family` = 46, `type` = 1, `WDBVerified` = 15595 WHERE `entry` = @NPC_MAGRIA;
UPDATE `creature_template` SET `minlevel` = 85, `maxlevel` = 85, `exp` = 3, `faction_A` = 2156, `faction_H` = 2156, `rank` = 4, `mindmg` = 454, `maxdmg` = 682, `attackpower` = 170, `dmg_multiplier` = 38.5, `baseattacktime` = 1672, `unit_flags` = 32848, `family` = 46, `type` = 1, `WDBVerified` = 15595 WHERE `entry` = @NPC_BANTHALOS;
UPDATE `creature_template` SET `mindmg` = 500, `maxdmg` = 750, `attackpower` = 187, `dmg_multiplier` = 35, `minlevel` = 85, `maxlevel` = 85, `exp` = 3, `ScriptName` = '', `WDBVerified` = 15595 WHERE `entry` = @NPC_GHOSTCRAWLER;
UPDATE `creature_template` SET `faction_A` = 14, `faction_H` = 14, `mindmg` = 500, `maxdmg` = 750, `attackpower` = 187, `dmg_multiplier` = 35, `WDBVerified` = 15595 WHERE `entry` IN (@NPC_KAROMA, @NPC_SAMBAS);
UPDATE `creature_template` SET `mindmg` = 436, `maxdmg` = 654, `attackpower` = 163, `dmg_multiplier` = 35, `WDBVerified` = 15595 WHERE `entry` = @NPC_TERRORPENE;
UPDATE `creature_template` SET `AIName` = "SmartAI", `ScriptName` = '' WHERE `entry` IN (@NPC_THE_EVALCHARR, @NPC_EVER_CORE_THE_PUNISHER, @NPC_ARCTURIS);
UPDATE `creature_template` SET `mindmg` = 500, `maxdmg` = 750, `attackpower` = 187, `dmg_multiplier` = 35, `WDBVerified` = 15595 WHERE `entry` = @NPC_JADEFANG;
DELETE FROM `creature` WHERE `id` IN (@NPC_SKOLL, @NPC_ARCTURIS, @NPC_GHOSTCRAWLER, @NPC_ANKHA, @NPC_MAGRIA, @NPC_BANTHALOS, @NPC_KAROMA, @NPC_TERRORPENE, @NPC_THE_EVALCHARR, @NPC_EVER_CORE_THE_PUNISHER, @NPC_HELLGAZER, @NPC_THE_RAZZA);
REPLACE INTO `creature` (`guid`, `id`, `map`, `spawnMask`, `phaseMask`, `modelid`, `equipment_id`, `position_x`, `position_y`, `position_z`, `orientation`, `spawntimesecs`, `spawndist`, `currentwaypoint`, `curhealth`, `curmana`, `MovementType`, `npcflag`, `unit_flags`, `dynamicflags`) VALUES
(@CGUID+0, @NPC_ARCTURIS, 571, 1, 65535, 0, 1, 3440.69, -4653.63, 235.185, 1.55268, 64800, 5, 0, 15423, 0, 1, 0, 0, 0),
(@CGUID+1, @NPC_ARCTURIS, 571, 1, 65535, 0, 1, 3531.9, -2675.17, 103.09, 5.11054, 64800, 5, 0, 15423, 0, 1, 0, 0, 0),
(@CGUID+2, @NPC_ARCTURIS, 571, 1, 65535, 0, 1, 3472.74, -2638.3, 87.246, 2.66795, 64800, 5, 0, 15423, 0, 1, 0, 0, 0),
(@CGUID+3, 27230, 571, 1, 1, 0, 1, 3434.1, -4676.23, 237.099, 3.60349, 64800, 5, 0, 10635, 0, 1, 0, 0, 0),
(@CGUID+4, @NPC_SKOLL, 571, 1, 1, 0, 1, 7153.92, -1446.18, 924.292, 4.10583, 64800, 20, 0, 18900, 0, 1, 0, 0, 0),
(@CGUID+5, @NPC_SKOLL, 571, 1, 1, 0, 1, 7124.52, -300.483, 783.226, 2.93167, 64800, 20, 0, 18900, 0, 1, 0, 0, 0),
(@CGUID+6, @NPC_SKOLL, 571, 1, 1, 0, 1, 7803.8, -165.557, 879.893, 1.49831, 64800, 20, 0, 18900, 0, 1, 0, 0, 0),
(@CGUID+7, 29369, 571, 1, 1, 0, 1, 7825.87, -132.721, 883.25, 0.260602, 64800, 0, 0, 11770, 0, 0, 0, 0, 0),
(@CGUID+8, @NPC_ANKHA, 1, 1, 65535, 0, 1, 4739.02, -2309.93, 1188.01, 4.11908, 64800, 3, 0, 232470, 0, 1, 0, 0, 0),
(@CGUID+9, @NPC_BANTHALOS, 1, 1, 1, 0, 1, 4407.39, -2052.17, 1319.04, 1.11615, 64800, 0, 0, 387450, 0, 2, 0, 0, 0),
(@CGUID+10, @NPC_MAGRIA, 1, 1, 65535, 0, 1, 4631.47, -2683.83, 1143.29, 3.04165, 64800, 0, 0, 232470, 0, 0, 0, 0, 0),
(@CGUID+11, 50057, 1, 1, 1, 0, 1, 4478.44, -2826.54, 1091.81, 1.99378, 64800, 0, 0, 92968, 8162, 2, 0, 0, 0),
(@CGUID+12, @NPC_TERRORPENE, 1, 1, 1, 0, 1, 4061.91, -3276.16, 956.033, 5.13661, 64800, 5, 0, 111561, 0, 1, 0, 0, 0),
(@CGUID+13, 50053, 1, 1, 1, 0, 1, 5338.79, -3164.09, 1603.52, 1.97941, 64800, 0, 0, 74374, 0, 2, 0, 0, 0),
(@CGUID+14, 50056, 1, 1, 1, 0, 1, 3901.42, -2453.93, 1060.38, 6.22298, 64800, 0, 0, 25000000, 0, 0, 0, 0, 0),
(@CGUID+15, 50009, 0, 1, 1, 0, 1, -5684.43, 5371.77, -487.693, 6.22778, 64800, 0, 0, 30000000, 0, 2, 0, 0, 0),
(@CGUID+16, @NPC_GHOSTCRAWLER, 0, 1, 1, 0, 1, -7008.09, 7062.77, -873.427, 2.58051, 64800, 0, 0, 1549800, 0, 0, 0, 0, 0),
(@CGUID+17, @NPC_GHOSTCRAWLER, 0, 1, 1, 0, 1, -6991.62, 7112.2, -875.948, 4.24555, 64800, 0, 0, 1549800, 0, 0, 0, 0, 0),
(@CGUID+18, @NPC_GHOSTCRAWLER, 0, 1, 1, 0, 1, -7272.99, 7606.19, -927.404, 0.986148, 64800, 0, 0, 1549800, 0, 0, 0, 0, 0),
(@CGUID+19, 50050, 0, 1, 1, 0, 1, -5705.71, 6342.35, -1042.76, 5.79333, 64800, 0, 0, 67018, 8338, 0, 0, 0, 0),
(@CGUID+20, 50052, 0, 1, 1, 0, 1, -7034.32, 3945.98, -462.684, 0.675664, 64800, 0, 0, 55780, 0, 0, 0, 0, 0),
(@CGUID+21, 51071, 0, 1, 1, 4693, 1, -7134.51, 4003.57, 16.438, 1.98968, 64800, 0, 0, 55780, 100, 0, 0, 0, 0),
(@CGUID+22, 51079, 0, 1, 1, 0, 1, -6946.09, 4104.47, 10.8003, 4.97419, 64800, 0, 0, 55780, 0, 0, 0, 0, 0),
(@CGUID+23, 49913, 0, 1, 1, 0, 1, -5567.61, 3480.64, -39.3783, 6.01712, 64800, 0, 0, 74374, 0, 0, 0, 0, 0),
(@CGUID+24, 50005, 0, 1, 1, 0, 1, -6965.79, 6526.27, -931.463, 1.32594, 64800, 0, 0, 55790, 0, 0, 0, 0, 0),
(@CGUID+25, @NPC_KAROMA, 0, 1, 1, 0, 1, -3624.5, -5587.19, 30.6935, 1.84004, 64800, 0, 0, 116235, 0, 0, 0, 0, 0),
(@CGUID+26, @NPC_THE_EVALCHARR, 1, 1, 1, 0, 1, 3471.88, -4415.35, 131.996, 4.74963, 64800, 8, 0, 674, 0, 1, 0, 0, 0),
(@CGUID+27, @NPC_THE_EVALCHARR, 1, 1, 1, 0, 1, 3527.01, -4122.61, 106.783, 2.18153, 64800, 8, 0, 674, 0, 1, 0, 0, 0),
(@CGUID+28, @NPC_EVER_CORE_THE_PUNISHER, 530, 1, 0, 0, 1, 3014.36, 4025.81, 144.105, 2.90805, 64800, 5, 0, 10466, 5982, 1, 0, 0, 0),
(@CGUID+29, @NPC_EVER_CORE_THE_PUNISHER, 530, 1, 0, 0, 1, 3835.65, 3835.2, 103.641, 5.80224, 64800, 5, 0, 10466, 5982, 1, 0, 0, 0),
(@CGUID+30, @NPC_EVER_CORE_THE_PUNISHER, 530, 1, 0, 0, 1, 4824.65, 2738.08, 88.9073, 0.75999, 64800, 5, 0, 10466, 5982, 1, 0, 0, 0),
(@CGUID+31, @NPC_EVER_CORE_THE_PUNISHER, 530, 1, 0, 0, 1, 4113.73, 1677.64, 130.749, 0.237701, 64800, 5, 0, 10466, 5982, 1, 0, 0, 0),
(@CGUID+32, @NPC_HELLGAZER, 1, 1, 1, 0, 1, -7746.59, -3011.1, 40.6232, 2.04204, 64800, 8, 0, 2878, 0, 1, 0, 0, 0),
(@CGUID+33, @NPC_THE_RAZZA, 1, 1, 65535, 0, 1, -3731.22, 1061.32, 132.345, 1.7815, 64800, 0, 0, 2452, 1283, 0, 0, 0, 0);
DELETE FROM `pool_creature` WHERE `pool_entry` IN (@POOL_1, @POOL_2, @POOL_3, @POOL_4, @POOL_5, @POOL_6);
INSERT INTO `pool_creature` (`guid`, `pool_entry`, `chance`, `description`) VALUES
(@CGUID+0, @POOL_1, 0, "38453 Arcturis"),
(@CGUID+1, @POOL_1, 0, "38453 Arcturis"),
(@CGUID+2, @POOL_1, 0, "38453 Arcturis"),
(@CGUID+3, @POOL_1, 85, "common spawn instead of 38453 Arcturis"),
(@CGUID+4, @POOL_2, 0, "35189 Skoll"),
(@CGUID+5, @POOL_2, 0, "35189 Skoll"),
(@CGUID+6, @POOL_2, 0, "35189 Skoll"),
(@CGUID+7, @POOL_2, 85, "common spawn instead of 35189 Skoll"),
(@CGUID+8, @POOL_3, 0, "Mount Hyjal Rare4"),
(@CGUID+9, @POOL_3, 0, "Mount Hyjal Rare4"),
(@CGUID+10, @POOL_3, 0, "Mount Hyjal Rare4"),
(@CGUID+11, @POOL_3, 0, "Mount Hyjal Rare4"),
(@CGUID+12, @POOL_3, 0, "Mount Hyjal Rare4"),
(@CGUID+13, @POOL_3, 0, "Mount Hyjal Rare4"),
(@CGUID+14, @POOL_3, 0, "Mount Hyjal Rare2"),
(@CGUID+15, @POOL_4, 0, "Vashj'ir Rare2"),
(@CGUID+16, @POOL_4, 0, "Vashj'ir Rare4"),
(@CGUID+17, @POOL_4, 0, "Vashj'ir Rare4"),
(@CGUID+18, @POOL_4, 0, "Vashj'ir Rare4"),
(@CGUID+19, @POOL_4, 0, "Vashj'ir Rare4"),
(@CGUID+20, @POOL_4, 0, "Vashj'ir Rare4"),
(@CGUID+21, @POOL_4, 0, "Vashj'ir Rare4"),
(@CGUID+22, @POOL_4, 0, "Vashj'ir Rare4"),
(@CGUID+23, @POOL_4, 0, "Vashj'ir Rare4"),
(@CGUID+24, @POOL_4, 0, "Vashj'ir Rare4"),
(@CGUID+26, @POOL_5, 0, 'The Evalcharr'),
(@CGUID+27, @POOL_5, 0, 'The Evalcharr'),
(@CGUID+28, @POOL_6, 0, "38453 Ever-Core the Punisher"),
(@CGUID+29, @POOL_6, 0, "38453 Ever-Core the Punisher"),
(@CGUID+30, @POOL_6, 0, "38453 Ever-Core the Punisher"),
(@CGUID+31, @POOL_6, 0, "38453 Ever-Core the Punisher");
DELETE FROM `pool_template` WHERE `entry` IN (@POOL_1, @POOL_2, @POOL_3, @POOL_4, @POOL_5, @POOL_6, 105, 204);
INSERT INTO `pool_template` (`entry`, `max_limit`, `description`) VALUES
(105, 1, ""),
(204, 1, ""), -- restored some data which should remain there
(@POOL_1, 1, "Arcturis"),
(@POOL_2, 1, "Skoll"),
(@POOL_3, 1, "Mount Hyjal Rare4"),
(@POOL_4, 1, "Vashj'ir Rare4"),
(@POOL_5, 1, "The Evalcharr"),
(@POOL_6, 1, "Ever-Core the Punisher");
DELETE FROM `waypoint_data` WHERE `id` IN (@CGUID+9, @CGUID+11, @CGUID+13, @CGUID+15);
INSERT INTO `waypoint_data` (`id`, `point`, `position_x`, `position_y`, `position_z`, `orientation`, `delay`, `move_flag`, `action`, `action_chance`, `wpguid`) VALUES
(@CGUID+9, 1, 4557.87, -2744.12, 1198.14, 0, 0, 0, 0, 100, 0),
(@CGUID+9, 2, 4508.36, -2872.61, 1152.78, 0, 0, 0, 0, 100, 0),
(@CGUID+9, 3, 4531.68, -2916.2, 1090.5, 0, 0, 0, 0, 100, 0),
(@CGUID+9, 4, 4577.66, -2946.31, 1082.54, 0, 0, 0, 0, 100, 0),
(@CGUID+9, 5, 4649.42, -2979.08, 1084.96, 0, 0, 0, 0, 100, 0),
(@CGUID+9, 6, 4703.94, -3045.47, 1087.33, 0, 0, 0, 0, 100, 0),
(@CGUID+9, 7, 4717, -3095.9, 1082.36, 0, 0, 0, 0, 100, 0),
(@CGUID+9, 8, 4698.29, -3180.39, 1067.92, 0, 0, 0, 0, 100, 0),
(@CGUID+9, 9, 4692.29, -3255.21, 1064.25, 0, 0, 0, 0, 100, 0),
(@CGUID+9, 10, 4678.75, -3340.71, 1051.63, 0, 0, 0, 0, 100, 0),
(@CGUID+9, 11, 4624.02, -3401.71, 1040.51, 0, 0, 0, 0, 100, 0),
(@CGUID+9, 12, 4553.87, -3471.53, 1024.9, 0, 0, 0, 0, 100, 0),
(@CGUID+9, 13, 4534.27, -3529.21, 1006.54, 0, 0, 0, 0, 100, 0),
(@CGUID+9, 14, 4536.89, -3588.41, 998.776, 0, 0, 0, 0, 100, 0),
(@CGUID+9, 15, 4592.42, -3628.83, 981.648, 0, 0, 0, 0, 100, 0),
(@CGUID+9, 16, 4622.5, -3659.12, 973.341, 0, 0, 0, 0, 100, 0),
(@CGUID+9, 17, 4646.81, -3719.39, 969.692, 0, 0, 0, 0, 100, 0),
(@CGUID+9, 18, 4642.46, -3804.07, 959.381, 0, 0, 0, 0, 100, 0),
(@CGUID+9, 19, 4615.21, -3855.86, 975.701, 0, 0, 0, 0, 100, 0),
(@CGUID+9, 20, 4617.13, -3875.92, 991.73, 0, 0, 0, 0, 100, 0),
(@CGUID+9, 21, 4665.25, -3883.02, 1009.77, 0, 0, 0, 0, 100, 0),
(@CGUID+9, 22, 4695.25, -3725.72, 1006.85, 0, 0, 0, 0, 100, 0),
(@CGUID+9, 23, 4689.43, -3681.23, 998.383, 0, 0, 0, 0, 100, 0),
(@CGUID+9, 24, 4602.04, -3626.11, 981.735, 0, 0, 0, 0, 100, 0),
(@CGUID+9, 25, 4537.42, -3526.9, 1032.38, 0, 0, 0, 0, 100, 0),
(@CGUID+9, 26, 4557.41, -3432.21, 1028.1, 0, 0, 0, 0, 100, 0),
(@CGUID+9, 27, 4570.81, -3366.28, 1021.55, 0, 0, 0, 0, 100, 0),
(@CGUID+9, 28, 4576.59, -3312.51, 1021.55, 0, 0, 0, 0, 100, 0),
(@CGUID+9, 29, 4562.29, -3207.26, 1052.7, 0, 0, 0, 0, 100, 0),
(@CGUID+9, 30, 4611.52, -3085.61, 1052.7, 0, 0, 0, 0, 100, 0),
(@CGUID+9, 31, 4579.81, -3048.7, 1108.2, 0, 0, 0, 0, 100, 0),
(@CGUID+9, 32, 4515.78, -2911.43, 1082.43, 0, 0, 0, 0, 100, 0),
(@CGUID+9, 33, 4479.07, -2827.99, 1091.58, 0, 0, 0, 0, 100, 0),
(@CGUID+9, 34, 4453.01, -2765.85, 1105.68, 0, 0, 0, 0, 100, 0),
(@CGUID+9, 35, 4509.8, -2724.82, 1140.31, 0, 0, 0, 0, 100, 0),
(@CGUID+9, 36, 4557.87, -2744.12, 1198.14, 0, 0, 0, 0, 100, 0),
(@CGUID+9, 37, 4508.36, -2872.61, 1152.78, 0, 0, 0, 0, 100, 0),
(@CGUID+9, 38, 4531.68, -2916.2, 1090.5, 0, 0, 0, 0, 100, 0),
(@CGUID+11, 1, 5346.56, -3182.87, 1608.61, 0, 0, 0, 0, 100, 0),
(@CGUID+11, 2, 5346.22, -3181.93, 1608.61, 0, 0, 0, 0, 100, 0),
(@CGUID+11, 3, 5345.37, -3179.56, 1608.14, 0, 0, 0, 0, 100, 0),
(@CGUID+11, 4, 5344.77, -3177.89, 1607.64, 0, 0, 0, 0, 100, 0),
(@CGUID+11, 5, 5343.57, -3175.14, 1607.01, 0, 0, 0, 0, 100, 0),
(@CGUID+11, 6, 5342.38, -3172.39, 1606.14, 0, 0, 0, 0, 100, 0),
(@CGUID+11, 7, 5341.59, -3170.55, 1605.51, 0, 0, 0, 0, 100, 0),
(@CGUID+11, 8, 5340.79, -3168.72, 1604.89, 0, 0, 0, 0, 100, 0),
(@CGUID+11, 9, 5339.6, -3165.96, 1604.28, 0, 0, 0, 0, 100, 0),
(@CGUID+11, 10, 5338.81, -3164.13, 1603.53, 0, 0, 0, 0, 100, 0),
(@CGUID+11, 11, 5338.01, -3162.29, 1602.78, 0, 0, 0, 0, 100, 0),
(@CGUID+11, 12, 5336.82, -3159.53, 1602.03, 0, 0, 0, 0, 100, 0),
(@CGUID+11, 13, 5336.02, -3157.7, 1601.41, 0, 0, 0, 0, 100, 0),
(@CGUID+11, 14, 5335.72, -3157, 1601.16, 0, 0, 0, 0, 100, 0),
(@CGUID+11, 15, 5335.72, -3157, 1601.16, 0, 0, 0, 0, 100, 0),
(@CGUID+13, 1, 4413.67, -2042.44, 1319.04, 0, 0, 0, 0, 100, 0),
(@CGUID+13, 2, 4447.92, -2025.37, 1319.04, 0, 0, 0, 0, 100, 0),
(@CGUID+13, 3, 4484.21, -2037.51, 1319.04, 0, 0, 0, 0, 100, 0),
(@CGUID+13, 4, 4501.29, -2071.76, 1319.04, 0, 0, 0, 0, 100, 0),
(@CGUID+13, 5, 4489.14, -2108.05, 1319.04, 0, 0, 0, 0, 100, 0),
(@CGUID+13, 6, 4454.89, -2125.13, 1319.04, 0, 0, 0, 0, 100, 0),
(@CGUID+13, 7, 4418.6, -2112.98, 1319.04, 0, 0, 0, 0, 100, 0),
(@CGUID+13, 8, 4401.53, -2078.74, 1319.04, 0, 0, 0, 0, 100, 0),
(@CGUID+13, 9, 4413.67, -2042.44, 1319.04, 0, 0, 0, 0, 100, 0),
(@CGUID+13, 10, 4447.92, -2025.37, 1319.04, 0, 0, 0, 0, 100, 0),
(@CGUID+13, 11, 4484.21, -2037.51, 1319.04, 0, 0, 0, 0, 100, 0),
(@CGUID+15, 1, -5695.9, 5372.12, -487.693, 0, 0, 0, 0, 100, 0),
(@CGUID+15, 2, -5694.9, 5372.12, -487.693, 0, 0, 0, 0, 100, 0),
(@CGUID+15, 3, -5394.9, 5372.12, -487.693, 0, 0, 0, 0, 100, 0),
(@CGUID+15, 4, -5482.76, 5584.25, -487.693, 0, 0, 0, 0, 100, 0),
(@CGUID+15, 5, -5694.9, 5672.12, -487.693, 0, 0, 0, 0, 100, 0),
(@CGUID+15, 6, -5907.03, 5584.25, -487.693, 0, 0, 0, 0, 100, 0),
(@CGUID+15, 7, -5994.9, 5372.12, -487.693, 0, 0, 0, 0, 100, 0),
(@CGUID+15, 8, -5907.03, 5159.99, -487.693, 0, 0, 0, 0, 100, 0),
(@CGUID+15, 9, -5694.9, 5072.12, -487.693, 0, 0, 0, 0, 100, 0),
(@CGUID+15, 10, -5482.76, 5159.99, -487.693, 0, 0, 0, 0, 100, 0),
(@CGUID+15, 11, -5394.9, 5372.12, -487.693, 0, 0, 0, 0, 100, 0),
(@CGUID+15, 12, -5482.76, 5584.25, -487.693, 0, 0, 0, 0, 100, 0);
DELETE FROM `creature_addon` WHERE `guid` IN (@CGUID+9, @CGUID+11, @CGUID+13, @CGUID+15);
INSERT INTO `creature_addon` (`guid`, `path_id`) VALUES
(@CGUID+9, @CGUID+9),
(@CGUID+11, @CGUID+11),
(@CGUID+13, @CGUID+13),
(@CGUID+15, @CGUID+15);
DELETE FROM `smart_scripts` WHERE `entryorguid` IN (@NPC_THE_EVALCHARR, @NPC_EVER_CORE_THE_PUNISHER, @NPC_THE_RAZZA, @NPC_ARCTURIS) AND `source_type` = 0;
INSERT INTO `smart_scripts` (`entryorguid`, `source_type`, `id`, `link`, `event_type`, `event_phase_mask`, `event_chance`, `event_flags`, `event_param1`, `event_param2`, `event_param3`, `event_param4`, `action_type`, `action_param1`, `action_param2`, `action_param3`, `action_param4`, `action_param5`, `action_param6`, `target_type`, `target_param1`, `target_param2`, `target_param3`, `target_x`, `target_y`, `target_z`, `target_o`, `comment`) VALUES 
(@NPC_THE_EVALCHARR, 0, 0, 0, 0, 0, 100, 0, 2000, 4500, 12000, 20000, 11, 15797, 0, 0, 0, 0, 0, 2, 0, 0, 0, 0, 0, 0, 0, "Nepenthe-The Evalcharr - IC - Cast Lightning Breath"),
(@NPC_EVER_CORE_THE_PUNISHER, 0, 0, 0, 4, 0, 100, 1, 0, 0, 0, 0, 1, 0, 0, 0, 0, 0, 0, 1, 0, 0, 0, 0, 0, 0, 0, "Nepenthe-Ever-Core the Punisher - On Aggro - Say Line 0 (No Repeat)"),
(@NPC_EVER_CORE_THE_PUNISHER, 0, 1, 0, 0, 0, 100, 0, 4000, 8000, 18000, 22000, 11, 35892, 0, 0, 0, 0, 0, 1, 0, 0, 0, 0, 0, 0, 0, "Nepenthe-Ever-Core the Punisher - In Combat - Cast 'Suppression' (No Repeat)"),
(@NPC_EVER_CORE_THE_PUNISHER, 0, 2, 0, 9, 0, 100, 0, 0, 8, 19000, 23000, 11, 33860, 1, 0, 0, 0, 0, 1, 0, 0, 0, 0, 0, 0, 0, "Nepenthe-Ever-Core the Punisher - Within 0-8 Range - Cast 'Arcane Explosion' (No Repeat)"),
(@NPC_THE_RAZZA, 0, 0, 0, 0, 0, 100, 0, 2000, 3000, 9000, 12000, 11, 21067, 0, 0, 0, 0, 0, 2, 0, 0, 0, 0, 0, 0, 0, "Nepenthe-The Razza - IC - Cast Poison Bolt"),
(@NPC_THE_RAZZA, 0, 1, 0, 0, 0, 100, 0, 6000, 9000, 17000, 22000, 11, 12058, 0, 0, 0, 0, 0, 2, 0, 0, 0, 0, 0, 0, 0, "Nepenthe-The Razza - IC - Cast Chain Lightning"),
(@NPC_THE_RAZZA, 0, 2, 3, 2, 0, 100, 1, 0, 30, 0, 0, 11, 8599, 0, 0, 0, 0, 0, 1, 0, 0, 0, 0, 0, 0, 0, "Nepenthe-The Razza - IC - Cast Enrage at 30% HP"),
(@NPC_THE_RAZZA, 0, 3, 0, 61, 0, 100, 1, 0, 0, 0, 0, 1, 0, 0, 0, 0, 0, 0, 1, 0, 0, 0, 0, 0, 0, 0, "Nepenthe-The Razza - IC - Say Text at 30% HP"),
(@NPC_ARCTURIS, 0, 0, 0, 4, 0, 100, 1, 0, 0, 0, 0, 11, 61184, 0, 0, 0, 0, 0, 2, 0, 0, 0, 0, 0, 0, 0, "Nepenthe-Arcturis - On Aggro - Cast Pounce");
DELETE FROM `creature_text` WHERE `entry` = @NPC_THE_RAZZA;
INSERT INTO `creature_text` (`entry`, `groupid`, `id`, `text`, `type`, `language`, `probability`, `emote`, `duration`, `sound`, `comment`) VALUES
(@NPC_THE_RAZZA, 0, 0, "%s becomes enraged!", 16, 0, 100, 0, 0, 0, "The Razza");
-- [SQL] Hunter - Crystalline Tear of Loyalty will now be lootable by all rare pets
DELETE FROM `creature_loot_template` WHERE `item` = 68055;
INSERT INTO `creature_loot_template` (`entry`, `item`, `ChanceOrQuestChance`, `lootmode`, `groupid`, `mincountOrRef`, `maxcount`) VALUES
(50058, 68055, 100, 1, 0, 1, 1),
(50138, 68055, 100, 1, 0, 1, 1),
(50154, 68055, 100, 1, 0, 1, 1),
(50159, 68055, 100, 1, 0, 1, 1),
(51401, 68055, 100, 1, 0, 1, 1),
(51402, 68055, 100, 1, 0, 1, 1),
(51403, 68055, 100, 1, 0, 1, 1),
(51404, 68055, 100, 1, 0, 1, 1),
(50815, 68055, 100, 1, 0, 1, 1),
(50959, 68055, 100, 1, 0, 1, 1),
(54318, 68055, 100, 1, 0, 1, 1),
(54319, 68055, 100, 1, 0, 1, 1),
(54320, 68055, 100, 1, 0, 1, 1),
(54321, 68055, 100, 1, 0, 1, 1),
(54322, 68055, 100, 1, 0, 1, 1),
(54324, 68055, 100, 1, 0, 1, 1),
(54338, 68055, 100, 1, 0, 1, 1);
UPDATE `creature_template` SET `lootid` = `entry` WHERE `entry` IN (50058, 50138, 50154, 50159, 50815, 50959, 51401, 51402, 51403, 51404, 54318, 54319, 54320, 54321, 54322, 54324, 54338);
DELETE FROM `creature_model_info` WHERE `modelid` = 31094;
INSERT INTO `creature_model_info` (`modelid`, `bounding_radius`, `combat_reach`, `gender`, `modelid_other_gender`) VALUES
(31094, 0.6721, 1.65, 2, 0);

-- Rare creatures respawn timers
UPDATE `creature` SET `spawntimesecs` = 7200 WHERE `id` IN (1720,2447,3872,4425,4842,
5797,5798,5799,5800,5827,5912,5916,5931,5934,6228,6488,6489,6490,6646,7057,8923,9217,
9218,9219,9596,9718,9736,10082,10119,10201,10263,10376,10393,10509,10558,10809,11467,
12237,14506,16179,16180,5789,5790,5793,5794,5795,5796,8206,9417,10080,10081,10203,
10239,11676,13977,14016,14018,14019,14346,16181,17075,22625,22631,22636,22637,22642,
10810,18699,25323,25406,25410,25411,25412,25413,26791,28280,28282,31974,31998,32054,
32111,32120,37293,37317,37375,37432,37443,50009,50056,50061,50063,50089,50091,59369,
60491,62346,65631) AND `spawntimesecs` < 7200;

UPDATE `creature` SET `spawntimesecs` = 28800 WHERE `id` IN (61,79,99,100,462,471,472
,503,506,507,519,520,521,534,572,573,574,584,596,599,616,763,771,947,1037,1063,1106,
1112,1119,1130,1132,1137,1140,1260,1398,1399,1424,1425,1531,1533,1552,1837,1838,1839,
1841,1843,1844,1847,1848,1851,1885,1910,1911,1920,1936,1944,1948,2090,2108,2162,2172,
2175,2184,2186,2191,2192,2258,2283,2452,2453,2476,2541,2598,2600,2601,2602,2603,2604,
2605,2606,2609,2744,2749,2751,2752,2753,2754,2779,2850,2931,3058,3068,3253,3270,3295,
3398,3470,3535,3581,3652,3672,3735,3736,3773,3792,4015,4030,4066,4132,4339,4380,5343,
5345,5346,5347,5349,5350,5352,5354,5356,5399,5400,5785,5786,5787,5807,5808,5809,5822,
5823,5824,5826,5828,5829,5830,5831,5832,5834,5835,5836,5837,5838,5841,5842,5847,5848,
5849,5851,5859,5863,5864,5865,5915,5930,5932,5933,5935,5937,6118,6581,6582,6583,6584,
6585,6647,6648,6649,6650,6651,6652,7015,7016,7017,7104,7137,7846,7895,8199,8200,8201,
8202,8203,8204,8205,8207,8208,8210,8211,8212,8213,8214,8215,8216,8217,8218,8219,8277,
8278,8279,8280,8281,8282,8283,8296,8297,8298,8299,8300,8301,8302,8303,8304,8503,8660,
8924,8976,8978,8979,8981,9602,9604,10077,10078,10196,10197,10198,10199,10200,10202,
10356,10357,10358,10359,10559,10639,10640,10641,10642,10643,10644,10647,10741,10817,
10821,10823,10824,10825,10826,10827,10828,11383,11447,11497,11498,11688,12037,12431,
12432,12433,12902,13896,14221,14222,14223,14224,14225,14226,14227,14228,14229,14230,
14231,14232,14233,14234,14235,14236,14237,14266,14267,14268,14269,14270,14271,14272,
14273,14275,14276,14277,14278,14279,14280,14281,14339,14340,14342,14343,14344,14345,
14424,14425,14426,14427,14428,14429,14430,14431,14432,14433,14445,14446,14447,14448,
14471,14472,14473,14474,14475,14476,14477,14478,14479,14487,14488,14490,14491,14492,
16379,16380,16854,16855,17144,18677,18678,18680,18681,18682,18683,18685,18686,18690,
18693,18694,18696,18698,20932,21724,22060,22062,62,1849,5348,5367,5928,10236,10237,
10238,10818,10819,10820,11580,14341,14697,16184,18241,18679,18684,18689,18692,18695,
18697,1850,3718,32517,31086,32357,32358,32361,32377,32386,32398,32400,32409,32417,
32422,32429,32435,32438,32447,32471,32475,32481,32485,32487,32491,32495,32500,32501,
32630,33776,35189,38453,39019,39183,39185,39186,43488,43613,43720,44224,44225,44226,
44227,44714,44722,44750,44759,44761,44767,45257,45258,45260,45262,45369,45380,45384,
45398,45399,45401,45402,45404,45739,45740,45771,45785,45801,45811,46981,46992,47003,
47008,47009,47010,47012,47015,47023,47386,47387,49822,49913,50005,50050,50051,50052,
50053,50057,50058,50059,50060,50062,50064,50065,50085,50086,50138,50154,50159,50327,
50328,50329,50330,50331,50332,50333,50334,50335,50336,50337,50338,50339,50340,50341,
50342,50343,50344,50345,50346,50347,50348,50349,50350,50351,50352,50353,50354,50355,
50356,50357,50358,50359,50361,50362,50363,50364,50370,50388,50724,50725,50726,50727,
50728,50730,50731,50733,50734,50735,50736,50737,50738,50739,50741,50742,50743,50744,
50745,50746,50747,50748,50749,50750,50752,50759,50763,50764,50765,50766,50768,50769,
50770,50772,50775,50776,50777,50778,50779,50780,50782,50783,50784,50785,50786,50787,
50788,50789,50790,50791,50792,50797,50803,50804,50805,50806,50807,50808,50809,50810,
50811,50812,50813,50814,50815,50816,50817,50818,50819,50820,50821,50822,50823,50825,
50828,50829,50830,50831,50832,50833,50836,50837,50838,50839,50840,50842,50844,50845,
50846,50847,50849,50853,50855,50856,50858,50860,50861,50863,50864,50865,50867,50868,
50870,50871,50872,50874,50875,50876,50877,50879,50882,50883,50884,50886,50887,50889,
50890,50891,50892,50895,50897,50899,50900,50901,50903,50905,50906,50908,50909,50911,
50912,50914,50915,50916,50917,50918,50919,50920,50921,50922,50925,50926,50927,50928,
50929,50930,50931,50932,50933,50935,50936,50937,50938,50940,50941,50942,50943,50945,
50946,50947,50948,50949,50950,50952,50953,50954,50955,50956,50957,50959,50961,50963,
50964,50965,50967,50968,50969,50972,50976,50979,50981,50985,50986,50990,50992,50993,
50995,50997,50999,51000,51001,51002,51004,51007,51008,51010,51012,51014,51015,51016,
51017,51018,51019,51020,51021,51022,51024,51025,51026,51027,51028,51029,51030,51031,
51032,51037,51040,51042,51043,51044,51045,51046,51048,51049,51050,51051,51052,51053,
51054,51055,51056,51057,51058,51059,51061,51062,51063,51064,51066,51067,51069,51071,
51072,51074,51076,51077,51078,51079,51267,51401,51402,51403,51404,51658,51661,51662,
51663,52146,54318,54319,54320,54321,54322,54323,54324,54338,54533,56079,56080,56081,
59071,64403) AND `spawntimesecs` < 28800;