/*---------------------------------------------------------------------------------------------------------------*/
/*                                                DEAD MINES                                                     */
/*---------------------------------------------------------------------------------------------------------------*/
DELETE FROM `gameobject_template` WHERE `entry` IN
(
    16397,16400,16399,13965,17154,17153,207079,123207,123208,123209,123210,123211,123213,123212,16398,
    207290,208002
);
INSERT INTO `gameobject_template` (`entry`,`type`,`displayId`,`name`,`IconName`,`castBarCaption`,`unk1`,`faction`,`flags`,`size`,`questItem1`,`questItem2`,`questItem3`,`questItem4`,`questItem5`,`questItem6`,`currencyId`,`currencyCnt`,`data0`,`data1`,`data2`,`data3`,`data4`,`data5`,`data6`,`data7`,`data8`,`data9`,`data10`,`data11`,`data12`,`data13`,`data14`,`data15`,`data16`,`data17`,`data18`,`data19`,`data20`,`data21`,`data22`,`data23`,`data24`,`data25`,`data26`,`data27`,`data28`,`data29`,`data30`,`data31`,`unkInt32`,`AIName`,`ScriptName`,`WDBVerified`) VALUES
(13965,0,394,"Factory Door","","","",114,0,1,0,0,0,0,0,0,0,0,0,85,0,0,0,0,0,0,0,0,0,0,0,0,0,0,0,0,0,0,0,0,0,0,0,0,0,0,0,0,0,0,0,"","",13329),
(16397,0,394,"Iron Clad Door","","","",0,16,1,0,0,0,0,0,0,0,0,0,202,0,0,0,0,0,0,0,0,0,0,0,0,0,0,0,0,0,0,0,0,0,0,0,0,0,0,0,0,0,0,0,"","",13329),
(16398,10,245,"Defias Cannon","","","",0,0,1,0,0,0,0,0,0,0,0,1634,0,0,0,1,0,0,0,0,0,0,0,0,0,0,0,0,0,0,0,0,0,0,0,0,0,0,0,0,0,0,0,0,"","go_defias_cannon",13329),
(16399,0,394,"Foundry Door","","","",114,0,1,0,0,0,0,0,0,0,0,0,85,0,0,0,0,0,0,0,0,0,0,0,0,0,0,0,0,0,0,0,0,0,0,0,0,0,0,0,0,0,0,0,"","",13329),
(16400,0,394,"Mast Room Door","","","",114,0,1,0,0,0,0,0,0,0,0,0,85,0,0,0,0,0,0,0,0,0,0,0,0,0,0,0,0,0,0,0,0,0,0,0,0,0,0,0,0,0,0,0,"","",13329),
(17153,0,400,"Heavy Door","","","",0,16,1,0,0,0,0,0,0,0,0,0,86,0,0,0,0,0,0,0,0,0,0,0,0,0,0,0,0,0,0,0,0,0,0,0,0,0,0,0,0,0,0,0,"","",13329),
(17154,0,400,"Heavy Door","","","",0,16,1,0,0,0,0,0,0,0,0,0,86,0,0,0,0,0,0,0,0,0,0,0,0,0,0,0,0,0,0,0,0,0,0,0,0,0,0,0,0,0,0,0,"","go_deadmines_heavy_door",13329),
(123207,8,1467,"Goblin Smelting Pot","","","",0,0,1,0,0,0,0,0,0,0,0,3,10,0,0,0,0,0,0,0,0,0,0,0,0,0,0,0,0,0,0,0,0,0,0,0,0,0,0,0,0,0,0,0,"","",13329),
(123208,8,1467,"Goblin Smelting Pot","","","",0,0,1,0,0,0,0,0,0,0,0,3,10,0,0,0,0,0,0,0,0,0,0,0,0,0,0,0,0,0,0,0,0,0,0,0,0,0,0,0,0,0,0,0,"","",13329),
(123209,8,1467,"Goblin Smelting Pot","","","",0,0,1,0,0,0,0,0,0,0,0,3,10,0,0,0,0,0,0,0,0,0,0,0,0,0,0,0,0,0,0,0,0,0,0,0,0,0,0,0,0,0,0,0,"","",13329),
(123210,8,1467,"Goblin Smelting Pot","","","",0,0,1,0,0,0,0,0,0,0,0,3,10,0,0,0,0,0,0,0,0,0,0,0,0,0,0,0,0,0,0,0,0,0,0,0,0,0,0,0,0,0,0,0,"","",13329),
(123211,8,273,"Foundry Anvil","","","",0,0,1,0,0,0,0,0,0,0,0,1,10,0,0,0,0,0,0,0,0,0,0,0,0,0,0,0,0,0,0,0,0,0,0,0,0,0,0,0,0,0,0,0,"","",13329),
(123212,8,273,"Foundry Anvil","","","",0,0,1,0,0,0,0,0,0,0,0,1,10,0,0,0,0,0,0,0,0,0,0,0,0,0,0,0,0,0,0,0,0,0,0,0,0,0,0,0,0,0,0,0,"","",13329),
(123213,8,273,"Foundry Anvil","","","",0,0,1,0,0,0,0,0,0,0,0,1,10,0,0,0,0,0,0,0,0,0,0,0,0,0,0,0,0,0,0,0,0,0,0,0,0,0,0,0,0,0,0,0,"","",13329),
(207079,10,181,"Ball and Chain","","","",0,0,1,0,0,0,0,0,0,0,0,86,0,0,3000,0,1,0,0,0,0,90094,0,0,0,0,0,0,0,0,0,0,0,0,0,0,0,0,0,0,0,0,0,0,"","go_deadmines_ball_and_chain",1),
(207290,9,3011,"Prototype Reaper Instruction Manual","","","",0,0,6,0,0,0,0,0,0,0,0,3744,0,5,1,0,0,0,0,0,0,0,0,0,0,0,0,0,0,0,0,0,0,0,0,0,0,0,0,0,0,0,0,0,"","",1),
(208002,10,2047,"Goblin Teleporter","","","",0,0,1,0,0,0,0,0,0,0,0,0,0,0,0,0,0,0,0,0,0,0,0,0,1,0,0,0,1,0,12691,1,0,0,0,0,0,0,0,0,0,0,0,0,"","go_deadmines_teleporter",1);

DELETE FROM `gameobject` WHERE `map` = 36;
SET @GUID = (SELECT MAX(`guid`) FROM `gameobject`);
INSERT INTO `gameobject` (`guid`,`id`,`map`,`spawnMask`,`phaseMask`,`position_x`,`position_y`,`position_z`,`orientation`,`rotation0`,`rotation1`,`rotation2`,`rotation3`,`spawntimesecs`,`animprogress`,`state`) VALUES
(@GUID + 1, 16397, 36, 3, 4094, -100.5015, -668.7706, 7.410492, 1.815142, 0, 0, 0.7880106, 0.6156617, 7200, 255, 1),
(@GUID + 2, 16399, 36, 3, 4094, -168.514, -579.8608, 19.31593, 3.124123, 0, 0, 0.9999619, 0.008734641, 7200, 255, 1),
(@GUID + 3, 17154, 36, 3, 4094, -242.9652, -578.561, 51.1366, 3.124123, 0, 0, 0.9999619, 0.008734641, 7200, 255, 1),
(@GUID + 4, 16397, 36, 3, 1, -100.5015, -668.7706, 7.410492, 1.815142, 0, 0, 0.7880106, 0.6156617, 7200, 255, 1),
(@GUID + 5, 16400, 36, 3, 1, -290.2941, -536.9603, 49.43531, 1.553341, 0, 0, 0.7009087, 0.7132511, 7200, 255, 1),
(@GUID + 6, 16399, 36, 3, 1, -168.514, -579.8608, 19.31593, 3.124123, 0, 0, 0.9999619, 0.008734641, 7200, 255, 1),
(@GUID + 7, 13965, 36, 3, 1, -191.4146, -457.4458, 54.43914, 1.692966, 0, 0, 0.7489548, 0.6626211, 7200, 255, 1),
(@GUID + 8, 17154, 36, 3, 1, -242.9652, -578.561, 51.1366, 3.124123, 0, 0, 0.9999619, 0.008734641, 7200, 255, 1),
(@GUID + 9, 17153, 36, 3, 1, -262.7137, -482.3611, 49.43531, -0.01745246, 0, 0, -0.00872612, 0.9999619, 7200, 255, 1),
(@GUID + 10, 16398, 36, 3, 1, -107.5617, -659.6737, 7.212111, -0.8902923, -0.002223492, 0.01109982, -0.4305067, 0.9025164, 7200, 255, 1),
(@GUID + 11, 207079, 36, 3, 1, -197.436, -490.266, 53.8617, -1.902409, 0, 0, -0.8141155, 0.580703, 7200, 255, 1),
(@GUID + 12, 207079, 36, 3, 1, -179.665, -492.655, 54.3416, 0, 0, 0, 0, 1, 7200, 255, 1),
(@GUID + 13, 207079, 36, 3, 1, -182.196, -502.55, 53.5372, 2.967041, 0, 0, 0.9961939, 0.08716504, 7200, 255, 1),
(@GUID + 14, 207079, 36, 3, 1, -221.563, -485.286, 48.9329, -1.274091, 0, 0, -0.5948229, 0.8038568, 7200, 255, 1),
(@GUID + 15, 207079, 36, 3, 1, -169.604, -509.63, 53.5638, -1.221729, 0, 0, -0.573576, 0.8191524, 7200, 255, 1),
(@GUID + 16, 207079, 36, 3, 1, -158.422, -508.253, 53.4218, 0, 0, 0, 0, 1, 7200, 255, 1),
(@GUID + 17, 207079, 36, 3, 1, -205.415, -502.424, 52.0631, -0.1047193, 0, 0, -0.05233574, 0.9986296, 7200, 255, 1),
(@GUID + 18, 207079, 36, 3, 1, -219.762, -504.585, 50.4594, 0, 0, 0, 0, 1, 7200, 255, 1),
(@GUID + 19, 207079, 36, 3, 1, -236.092, -488.552, 49.4053, 3.001947, 0, 0, 0.9975634, 0.06976615, 7200, 255, 1),
(@GUID + 20, 207079, 36, 3, 1, -192.778, -505.63, 53.1919, 3.036838, 0, 0, 0.9986286, 0.05235322, 7200, 255, 1),
(@GUID + 21, 207079, 36, 3, 1, -210.984, -511.063, 50.8982, -3.001947, 0, 0, -0.9975634, 0.06976615, 7200, 255, 1),
(@GUID + 22, 207079, 36, 3, 1, -150.311, -519.649, 52.8737, 0.6981315, 0, 0, 0.34202, 0.9396927, 7200, 255, 1),
(@GUID + 23, 207079, 36, 3, 1, -156.175, -520.281, 52.3784, 2.042035, 0, 0, 0.8526402, 0.5224986, 7200, 255, 1),
(@GUID + 24, 207079, 36, 3, 1, -158.554, -530.83, 52.3817, 1.221729, 0, 0, 0.573576, 0.8191524, 7200, 255, 1),
(@GUID + 25, 207079, 36, 3, 1, -154.227, -529.694, 49.7548, -2.268925, 0, 0, -0.9063072, 0.4226195, 7200, 255, 1),
(@GUID + 26, 207079, 36, 3, 1, -149.149, -532.719, 49.8969, -1.274091, 0, 0, -0.5948229, 0.8038568, 7200, 255, 1),
(@GUID + 27, 123207, 36, 3, 4095, -205.6642, -574.5812, 20.99874, 1.553341, 0, 0, 0.7009087, 0.7132511, 7200, 255, 1),
(@GUID + 28, 123208, 36, 3, 4095, -210.4285, -579.2006, 20.99874, 3.124123, 0, 0, 0.9999619, 0.008734641, 7200, 255, 1),
(@GUID + 29, 123209, 36, 3, 4095, -201.0433, -579.3741, 20.99874, -0.01745246, 0, 0, -0.00872612, 0.9999619, 7200, 255, 1),
(@GUID + 30, 123210, 36, 3, 4095, -205.8048, -583.9644, 20.99874, -1.588249, 0, 0, -0.7132502, 0.7009096, 7200, 255, 1),
(@GUID + 31, 123211, 36, 3, 4095, -205.9727, -613.2621, 19.40043, -0.1047174, 0, 0, -0.05233479, 0.9986296, 7200, 255, 1),
(@GUID + 32, 123213, 36, 3, 4095, -196.4913, -605.381, 19.40043, 1.640607, 0, 0, 0.7313528, 0.6819993, 7200, 255, 1),
(@GUID + 33, 123212, 36, 3, 4095, -196.4172, -610.9805, 19.40043, -2.024579, 0, 0, -0.8480473, 0.5299206, 7200, 255, 1),
(@GUID + 34, 207290, 36, 3, 4095, -205.1858, -544.9375, 54.5354, -1.570796, 0, 0, -0.7071066, 0.7071069, 7200, 255, 1),
(@GUID + 35, 208002, 36, 3, 1, -201.0955, -606.0504, 19.3022, 2.740162, 0, 0, 0.9799242, 0.1993704, 7200, 255, 1),
(@GUID + 36, 208002, 36, 3, 1, -64.15278, -385.9896, 53.19195, 1.850049, 0, 0, 0.7986355, 0.601815, 7200, 255, 1),
(@GUID + 37, 208002, 36, 3, 1, -305.3212, -491.2917, 49.232, 0.4886912, 0, 0, 0.2419214, 0.9702958, 7200, 255, 1),
(@GUID + 38, 208002, 36, 3, 1, -129.9149, -788.8976, 17.34092, 0.3665176, 0, 0, 0.1822348, 0.983255, 7200, 255, 1);

DELETE FROM `creature_template_mount` WHERE `entry` IN
(
    49454,49493,49494,49495,49520,49534,49535,49536,51594,51624,47282,47284,48280,48284,48439,48447,
    48450,48451,48421,48522,48521,48502,48505,48417,48420,48419,48418,48445,48279,48338,48351,48278,
    48440,48441,48442,48230,48262,48229,48266,47162,47296,47297,43778,47626,47739,48779,48781,48782,
    48914,48777,48778,48787,48791,48792,48810,48811,48812,48814,48819,48820,48821,48823,48824,48826,
    48827,48829,48830,48834,48913,48936,48940,48939,48941,48943,48944,47404,47403,48803,48804,45979,
    47242,47282,47284,47314,47468,47714,47754,48006,48276,48293,48294,48295,48296,48297,48298,48299,
    48300,48301,48302,48672,48974,48975,48976,49039,49040,49041,49042,49136,49137,49138,49139,49208,
    49229,49429,49457,49481,49493,49532,49539,49541,49550,49552,49670,49671,49674,49681,49682,49850,
    49852,49854,48957,48958,51462,49853,49855
);

DELETE FROM `creature_template_path` WHERE `entry` IN
(
    49454,49493,49494,49495,49520,49534,49535,49536,51594,51624,47282,47284,48280,48284,48439,48447,
    48450,48451,48421,48522,48521,48502,48505,48417,48420,48419,48418,48445,48279,48338,48351,48278,
    48440,48441,48442,48230,48262,48229,48266,47162,47296,47297,43778,47626,47739,48779,48781,48782,
    48914,48777,48778,48787,48791,48792,48810,48811,48812,48814,48819,48820,48821,48823,48824,48826,
    48827,48829,48830,48834,48913,48936,48940,48939,48941,48943,48944,47404,47403,48803,48804,45979,
    47242,47282,47284,47314,47468,47714,47754,48006,48276,48293,48294,48295,48296,48297,48298,48299,
    48300,48301,48302,48672,48974,48975,48976,49039,49040,49041,49042,49136,49137,49138,49139,49208,
    49229,49429,49457,49481,49493,49532,49539,49541,49550,49552,49670,49671,49674,49681,49682,49850,
    49852,49854,48957,48958,51462,49853,49855
);

DELETE FROM `creature_template_emote` WHERE `entry` IN
(
    49454,49493,49494,49495,49520,49534,49535,49536,51594,51624,47282,47284,48280,48284,48439,48447,
    48450,48451,48421,48522,48521,48502,48505,48417,48420,48419,48418,48445,48279,48338,48351,48278,
    48440,48441,48442,48230,48262,48229,48266,47162,47296,47297,43778,47626,47739,48779,48781,48782,
    48914,48777,48778,48787,48791,48792,48810,48811,48812,48814,48819,48820,48821,48823,48824,48826,
    48827,48829,48830,48834,48913,48936,48940,48939,48941,48943,48944,47404,47403,48803,48804,45979,
    47242,47282,47284,47314,47468,47714,47754,48006,48276,48293,48294,48295,48296,48297,48298,48299,
    48300,48301,48302,48672,48974,48975,48976,49039,49040,49041,49042,49136,49137,49138,49139,49208,
    49229,49429,49457,49481,49493,49532,49539,49541,49550,49552,49670,49671,49674,49681,49682,49850,
    49852,49854,48957,48958,51462,49853,49855
);

DELETE FROM `creature_template_bytes` WHERE `entry` IN
(
    49454,49493,49494,49495,49520,49534,49535,49536,51594,51624,47282,47284,48280,48284,48439,48447,
    48450,48451,48421,48522,48521,48502,48505,48417,48420,48419,48418,48445,48279,48338,48351,48278,
    48440,48441,48442,48230,48262,48229,48266,47162,47296,47297,43778,47626,47739,48779,48781,48782,
    48914,48777,48778,48787,48791,48792,48810,48811,48812,48814,48819,48820,48821,48823,48824,48826,
    48827,48829,48830,48834,48913,48936,48940,48939,48941,48943,48944,47404,47403,48803,48804,45979,
    47242,47282,47284,47314,47468,47714,47754,48006,48276,48293,48294,48295,48296,48297,48298,48299,
    48300,48301,48302,48672,48974,48975,48976,49039,49040,49041,49042,49136,49137,49138,49139,49208,
    49229,49429,49457,49481,49493,49532,49539,49541,49550,49552,49670,49671,49674,49681,49682,49850,
    49852,49854,48957,48958,51462,49853,49855
);

DELETE FROM `creature_text` WHERE `entry` IN
(
    49454,49493,49494,49495,49520,49534,49535,49536,51594,51624,47282,47284,48280,48284,48439,48447,
    48450,48451,48421,48522,48521,48502,48505,48417,48420,48419,48418,48445,48279,48338,48351,48278,
    48440,48441,48442,48230,48262,48229,48266,47162,47296,47297,43778,47626,47739,48779,48781,48782,
    48914,48777,48778,48787,48791,48792,48810,48811,48812,48814,48819,48820,48821,48823,48824,48826,
    48827,48829,48830,48834,48913,48936,48940,48939,48941,48943,48944,47404,47403,48803,48804,45979,
    47242,47282,47284,47314,47468,47714,47754,48006,48276,48293,48294,48295,48296,48297,48298,48299,
    48300,48301,48302,48672,48974,48975,48976,49039,49040,49041,49042,49136,49137,49138,49139,49208,
    49229,49429,49457,49481,49493,49532,49539,49541,49550,49552,49670,49671,49674,49681,49682,49850,
    49852,49854,48957,48958,51462,49853,49855
);

DELETE FROM `creature_loot_template` WHERE `entry` IN
(
    49454,49493,49494,49495,49520,49534,49535,49536,51594,51624,47282,47284,48280,48284,48439,48447,
    48450,48451,48421,48522,48521,48502,48505,48417,48420,48419,48418,48445,48279,48338,48351,48278,
    48440,48441,48442,48230,48262,48229,48266,47162,47296,47297,43778,47626,47739,48779,48781,48782,
    48914,48777,48778,48787,48791,48792,48810,48811,48812,48814,48819,48820,48821,48823,48824,48826,
    48827,48829,48830,48834,48913,48936,48940,48939,48941,48943,48944,47404,47403,48803,48804,45979,
    47242,47282,47284,47314,47468,47714,47754,48006,48276,48293,48294,48295,48296,48297,48298,48299,
    48300,48301,48302,48672,48974,48975,48976,49039,49040,49041,49042,49136,49137,49138,49139,49208,
    49229,49429,49457,49481,49493,49532,49539,49541,49550,49552,49670,49671,49674,49681,49682,49850,
    49852,49854,48957,48958,51462,49853,49855
);

DELETE FROM `creature_equip_template` WHERE `entry` IN
(
    49454,49493,49494,49495,49520,49534,49535,49536,51594,51624,47282,47284,48280,48284,48439,48447,
    48450,48451,48421,48522,48521,48502,48505,48417,48420,48419,48418,48445,48279,48338,48351,48278,
    48440,48441,48442,48230,48262,48229,48266,47162,47296,47297,43778,47626,47739,48779,48781,48782,
    48914,48777,48778,48787,48791,48792,48810,48811,48812,48814,48819,48820,48821,48823,48824,48826,
    48827,48829,48830,48834,48913,48936,48940,48939,48941,48943,48944,47404,47403,48803,48804,45979,
    47242,47282,47284,47314,47468,47714,47754,48006,48276,48293,48294,48295,48296,48297,48298,48299,
    48300,48301,48302,48672,48974,48975,48976,49039,49040,49041,49042,49136,49137,49138,49139,49208,
    49229,49429,49457,49481,49493,49532,49539,49541,49550,49552,49670,49671,49674,49681,49682,49850,
    49852,49854,48957,48958,51462,49853,49855
);

DELETE FROM `creature_template` WHERE `entry` IN
(
    49454,49493,49494,49495,49520,49534,49535,49536,51594,51624,47282,47284,48280,48284,48439,48447,
    48450,48451,48421,48522,48521,48502,48505,48417,48420,48419,48418,48445,48279,48338,48351,48278,
    48440,48441,48442,48230,48262,48229,48266,47162,47296,47297,43778,47626,47739,48779,48781,48782,
    48914,48777,48778,48787,48791,48792,48810,48811,48812,48814,48819,48820,48821,48823,48824,48826,
    48827,48829,48830,48834,48913,48936,48940,48939,48941,48943,48944,47404,47403,48803,48804,45979,
    47242,47282,47284,47314,47468,47714,47754,48006,48276,48293,48294,48295,48296,48297,48298,48299,
    48300,48301,48302,48672,48974,48975,48976,49039,49040,49041,49042,49136,49137,49138,49139,49208,
    49229,49429,49457,49481,49493,49532,49539,49541,49550,49552,49670,49671,49674,49681,49682,49850,
    49852,49854,48957,48958,51462,49853,49855,47228,49521
);
INSERT INTO `creature_template` (`entry`,`difficulty_entry_1`,`difficulty_entry_2`,`difficulty_entry_3`,`KillCredit1`,`KillCredit2`,`modelid1`,`modelid2`,`modelid3`,`modelid4`,`name`,`subname`,`IconName`,`gossip_menu_id`,`minlevel`,`maxlevel`,`exp`,`faction_A`,`faction_H`,`npcflag`,`speed_walk`,`speed_run`,`scale`,`rank`,`mindmg`,`maxdmg`,`dmgschool`,`attackpower`,`dmg_multiplier`,`baseattacktime`,`rangeattacktime`,`unit_class`,`unit_flags`,`unit_flags2`,`dynamicflags`,`family`,`trainer_type`,`trainer_class`,`trainer_race`,`minrangedmg`,`maxrangedmg`,`rangedattackpower`,`type`,`type_flags`,`lootid`,`pickpocketloot`,`skinloot`,`resistance1`,`resistance2`,`resistance3`,`resistance4`,`resistance5`,`resistance6`,`spell1`,`spell2`,`spell3`,`spell4`,`spell5`,`spell6`,`spell7`,`spell8`,`PetSpellDataId`,`VehicleId`,`mingold`,`maxgold`,`AIName`,`MovementType`,`InhabitType`,`HoverHeight`,`Health_mod`,`Mana_mod`,`Armor_mod`,`RacialLeader`,`questItem1`,`questItem2`,`questItem3`,`questItem4`,`questItem5`,`questItem6`,`movementId`,`RegenHealth`,`mechanic_immune_mask`,`flags_extra`,`ScriptName`,`WDBVerified`) VALUES
(43778,48941,0,0,0,0,35606,0,0,0,"Foe Reaper 5000","","",0,16,16,0,14,14,0,1,1,1,1,43.7,58.9,0,106,1.7,2000,0,4,262464,2048,0,0,0,0,0,0,0,0,9,104,43778,0,0,0,0,0,0,0,0,0,0,0,0,0,0,0,0,0,0,234,245,"",0,3,1,30,1,1,0,0,0,0,0,0,0,0,1,650854399,0,"boss_foe_reaper_5000",1),
(45979,0,0,0,0,0,1126,11686,0,0,"General Purpose Bunny JMF","","",0,85,85,3,35,35,0,1,1,1,0,1007,1354.7,0,1571,1.7,2000,0,1,33685508,2048,0,0,0,0,0,399,559,169,10,1024,0,0,0,0,0,0,0,0,0,0,0,0,0,0,0,0,0,0,0,0,0,"",0,4,1,1,1,1,0,0,0,0,0,0,0,0,1,0,128,"",14480),
(47162,48936,0,0,0,0,37410,0,0,0,"Glubtok","The Foreman","",0,16,16,0,14,14,0,1,1,1,1,26.4,34.8,0,62,1.7,2000,0,2,0,2048,0,0,0,0,0,15,22,2,7,104,47162,0,0,0,0,0,0,0,0,0,0,0,0,0,0,0,0,0,0,234,245,"",0,7,1,35,1,1,0,0,0,0,0,0,0,0,1,650854399,1,"boss_glubtok",14480),
(47228,0,0,0,0,0,13069,13069,0,0,"General Purpose Bunny JMF","","",0,1,1,0,35,35,0,1,1.14286,1,0,2,2,0,24,1,0,0,1,0,0,0,0,0,0,0,1,1,0,10,1024,0,0,0,0,0,0,0,0,0,0,0,0,0,0,0,0,0,0,0,0,0,"",0,3,1,1,1,1,0,0,0,0,0,0,0,0,1,0,0,"",1),
(47242,0,0,0,0,0,1126,11686,0,0,"General Purpose Bunny JMF (Look 2\)","","",0,1,1,0,35,35,0,1,1.14286,1,0,17.6,24.2,0,24,1.7,2000,0,1,33685508,2048,33554432,0,0,0,0,1,1,0,10,1024,0,0,0,0,0,0,0,0,0,0,0,0,0,0,0,0,0,0,0,0,0,"",0,4,1,1,1,1,0,0,0,0,0,0,0,0,1,0,128,"",1),
(47282,0,0,0,0,0,1126,11686,0,0,"Fire Blossom Bunny","","",0,1,1,0,35,35,0,1,1,1,0,17.6,24.2,0,24,1.7,2000,0,1,33554432,2048,33554432,0,0,0,0,1,1,0,10,1024,0,0,0,0,0,0,0,0,0,0,0,0,0,0,0,0,0,0,0,0,0,"",0,3,1,1,1,1,0,0,0,0,0,0,0,0,1,0,130,"",1),
(47284,0,0,0,0,0,1126,11686,0,0,"Frost Blossom Bunny","","",0,1,1,0,35,35,0,1,1,1,0,17.6,24.2,0,24,1.7,2000,0,1,33554432,2048,33554432,0,0,0,0,1,1,0,10,1024,0,0,0,0,0,0,0,0,0,0,0,0,0,0,0,0,0,0,0,0,0,"",0,3,1,1,1,1,0,0,0,0,0,0,0,0,1,0,130,"",1),
(47296,48940,0,0,0,0,33002,0,0,0,"Helix Gearbreaker","","",0,16,16,0,14,14,0,1,1,1,1,43.7,58.9,0,106,1.7,500,0,1,0,2048,0,0,0,0,0,16,23,2,7,104,47296,0,0,0,0,0,0,0,0,0,0,0,0,0,0,0,0,0,0,234,245,"",0,3,1,10,1,1,0,0,0,0,0,0,0,0,1,650854399,257,"boss_helix_gearbreaker",14480),
(47297,48939,0,0,0,0,33003,0,0,0,"Lumbering Oaf","","",0,16,16,0,17,17,0,1,1,1,1,43.7,58.9,0,106,1.7,3500,0,1,64,2048,0,0,0,0,0,16,23,2,7,104,0,0,0,0,0,0,0,0,0,0,0,0,0,0,0,0,0,0,1259,0,0,"",0,3,1,20,1,1,0,0,0,0,0,0,0,0,1,650854399,0,"npc_helix_oaf",14480),
(47314,0,0,0,0,0,35536,0,0,0,"Sticky Bomb","","",0,85,85,3,14,14,0,1,1.14286,1,0,1007,1354.7,0,1571,1,2000,0,1,33554566,0,0,0,0,0,0,1,1,0,9,0,0,0,0,0,0,0,0,0,0,0,0,0,0,0,0,0,0,0,0,0,0,"",0,3,1,0.2,1,1,0,0,0,0,0,0,0,0,1,0,0,"npc_chest_bomb",14480),
(47403,48804,0,0,0,0,35604,0,0,0,"Defias Reaper","","vehichleCursor",0,15,15,0,17,17,0,1,1,1,1,17.6,24.2,0,24,1.7,2000,0,4,64,0,0,0,0,0,0,0,0,0,9,32768,0,0,0,0,0,0,0,0,0,91723,91726,91727,0,0,0,0,0,0,1389,0,0,"",0,3,1,10,1,1,0,0,0,0,0,0,0,43,0,0,0,"npc_defias_reaper",1),
(47404,48803,0,0,0,0,35605,0,0,0,"Defias Watcher","","vehichleCursor",0,15,15,0,17,17,0,1,1,1,1,17.6,24.2,0,24,1.7,2000,0,4,64,0,0,0,0,0,0,0,0,0,9,32768,0,0,0,0,0,0,0,0,0,91723,91726,91727,0,0,0,0,0,0,1389,0,0,"",0,3,1,10,1,1,0,0,0,0,0,0,0,43,0,0,0,"npc_defias_watcher",1),
(47468,0,0,0,0,0,1126,11686,0,0,"Deadmines Foe Reaper Targeting Bunny","","",0,1,1,0,35,35,0,1,1.14286,1,0,17.6,24.2,0,24,1,0,0,1,0,0,0,0,0,0,0,1,1,0,10,1024,0,0,0,0,0,0,0,0,0,0,0,0,0,0,0,0,0,0,0,0,0,"",0,7,1,1,1,1,0,0,0,0,0,0,0,0,1,0,128,"",1),
(47626,48943,0,0,0,0,35739,0,0,0,"Admiral Ripsnarl","","",0,16,16,0,14,14,0,1,1,1,1,43.7,58.9,0,106,1.7,2000,0,1,0,2048,0,0,0,0,0,16,23,2,7,104,47626,0,0,0,0,0,0,0,0,0,0,0,0,0,0,0,0,0,0,234,245,"",0,3,1,25,1,1,0,0,0,0,0,0,0,0,1,650854399,1,"boss_admiral_ripsnarl",14480),
(47714,0,0,0,0,0,35786,0,0,0,"Vapor","","",0,85,85,3,17,17,0,1,1.14286,1,0,1035.5,1373.7,0,1594,21,2000,0,1,0,0,0,0,0,0,0,1,1,0,4,0,0,0,0,0,0,0,0,0,0,0,0,0,0,0,0,0,0,0,0,0,0,"",0,3,1,0.75,1,1,0,0,0,0,0,0,0,0,1,0,0,"npc_ripsnarl_vapor",1),
(47739,48944,0,0,0,0,1305,0,0,0,"\"Captain\" Cookie","Defias Kingpin?","",0,16,16,0,17,17,0,1,1,1,1,43.7,58.9,0,106,1.7,2000,0,1,0,2048,0,0,0,0,0,16,23,2,7,0,47739,0,0,0,0,0,0,0,0,0,0,0,0,0,0,0,0,0,0,234,245,"",0,3,1,30,1,1,0,0,0,0,0,0,0,0,1,650854399,1,"boss_captain_cookie",14480),
(47754,0,0,0,0,0,35944,0,0,0,"Cookie's Cauldron","","",0,85,85,3,17,17,0,1,1.14286,1,1,17.6,24.2,0,24,7.5,0,0,1,33685510,0,0,0,0,0,0,1,1,0,10,0,0,0,0,0,0,0,0,0,0,0,0,0,0,0,0,0,0,0,1283,0,0,"",0,3,1,1,1,1,0,0,0,0,0,0,0,0,1,650854399,0,"npc_cookies_cauldron",1),
(48006,0,0,0,0,0,36221,0,0,0,"Corn","","Pickup",0,85,85,3,189,189,16777216,1,1.14286,1,0,17.6,24.2,0,24,1,0,0,1,0,0,0,0,0,0,0,1,1,0,10,0,0,0,0,0,0,0,0,0,0,0,0,0,0,0,0,0,0,0,0,0,0,"",0,3,1,1,1,1,0,0,0,0,0,0,0,0,1,0,0,"npc_captain_cookie_food",1),
(48229,48834,0,0,0,0,373,0,0,0,"Kobold Digger","","",0,14,14,0,17,17,0,1,1,1.25,0,38,51.3,0,95,1.7,1600,0,1,0,2048,0,0,0,0,0,13,20,1,7,0,48229,0,0,0,0,0,0,0,0,0,0,0,0,0,0,0,0,0,0,21,33,"SmartAI",0,3,1,1,1,1,0,0,0,0,0,0,0,0,1,0,0,"",14480),
(48230,48829,0,0,0,0,10704,0,0,0,"Ogre Henchman","","",0,15,15,0,17,17,0,1,1,1,1,41.8,55.1,0,103,1.7,2000,0,1,64,2048,0,0,0,0,0,15,22,2,7,0,48230,0,0,0,0,0,0,0,0,0,0,0,0,0,0,0,0,0,1311,21,33,"SmartAI",0,3,1,4,1,1,0,0,0,0,0,0,0,0,1,0,0,"",14480),
(48262,48830,0,0,0,0,37382,0,0,0,"Ogre Bodyguard","","",0,15,15,0,17,17,0,1,1,1,1,41.8,55.1,0,103,1.7,2000,0,1,64,2048,0,0,0,0,0,15,22,2,7,0,48262,0,0,0,0,0,0,0,0,0,0,0,0,0,0,0,0,0,0,21,33,"SmartAI",0,3,1,6,1,1,0,0,0,0,0,0,0,0,1,0,0,"",14480),
(48266,48913,0,0,0,0,21788,0,0,0,"Defias Cannon","","vehichleCursor",0,15,15,0,190,190,16777216,1,1,1,0,41.8,55.1,0,103,1.7,2000,0,1,4,0,32768,0,0,0,0,15,22,2,9,32,0,0,0,0,0,0,0,0,0,91788,0,0,0,0,0,0,0,0,1390,0,0,"",0,3,1,1,1,1,0,0,0,0,0,0,0,0,1,0,0,"npc_defias_cannon",14480),
(48276,0,0,0,0,0,36221,0,0,0,"Rotten Corn","","Pickup",0,85,85,3,189,189,16777216,1,1.14286,1,0,17.6,24.2,0,24,1,0,0,1,0,0,0,0,0,0,0,1,1,0,10,0,0,0,0,0,0,0,0,0,0,0,0,0,0,0,0,0,0,0,0,0,0,"",0,3,1,1,1,1,0,0,0,0,0,0,0,0,1,0,0,"npc_captain_cookie_food",1),
(48278,48823,0,0,0,0,30187,0,0,0,"Mining Monkey","","",0,14,14,0,190,190,0,1,1,1,0,38,51.3,0,95,1.7,2000,0,1,32768,2048,0,51,0,0,0,13,20,1,1,1,48278,0,0,0,0,0,0,0,0,0,0,0,0,0,0,0,0,0,0,21,33,"SmartAI",0,3,1,1,1,1,0,0,0,0,0,0,0,121,1,0,0,"npc_mining_monkey",14480),
(48279,48819,0,0,0,0,36132,36133,36134,36135,"Goblin Overseer","","",0,15,15,0,2102,2102,0,1,1,1,1,41.8,55.1,0,103,1.7,2000,0,1,64,2048,0,0,0,0,0,15,22,2,7,0,48279,0,0,0,0,0,0,0,0,0,0,0,0,0,0,0,0,0,0,21,33,"SmartAI",0,3,1,5,1,1,0,0,0,0,0,0,0,0,1,0,0,"",14480),
(48280,0,0,0,0,0,7110,0,0,0,"Goblin Craftsman","","",0,15,15,0,35,35,0,1,1.54286,1,1,41.8,51.1,0,103,1.7,2000,0,1,2,2048,1,0,0,0,0,15,22,2,7,0,0,0,0,0,0,0,0,0,0,0,0,0,0,0,0,0,0,0,0,0,0,"",0,3,1,3,1,1,0,0,0,0,0,0,0,0,1,0,0,"",14480),
(48284,0,0,0,0,0,36085,0,0,0,"Mining Powder","","",0,14,14,0,188,188,0,1,1,1,0,38,51.3,0,95,1.7,2000,0,1,0,0,0,0,0,0,0,13,20,1,10,0,0,0,0,0,0,0,0,0,0,0,0,0,0,0,0,0,0,0,0,0,0,"",0,3,1,0.01,1,1,0,0,0,0,0,0,0,0,1,0,0,"npc_mining_powder",14480),
(48293,0,0,0,0,0,36222,0,0,0,"Rotten Melon","","Pickup",0,85,85,3,189,189,16777216,1,1.14286,1,0,17.6,24.2,0,24,1,0,0,1,0,0,0,0,0,0,0,1,1,0,10,0,0,0,0,0,0,0,0,0,0,0,0,0,0,0,0,0,0,0,0,0,0,"",0,3,1,1,1,1,0,0,0,0,0,0,0,0,1,0,0,"npc_captain_cookie_food",1),
(48294,0,0,0,0,0,36222,0,0,0,"Melon","","Pickup",0,85,85,3,189,189,16777216,1,1.14286,1,0,17.6,24.2,0,24,1,0,0,1,0,0,0,0,0,0,0,1,1,0,10,0,0,0,0,0,0,0,0,0,0,0,0,0,0,0,0,0,0,0,0,0,0,"",0,3,1,1,1,1,0,0,0,0,0,0,0,0,1,0,0,"npc_captain_cookie_food",1),
(48295,0,0,0,0,0,36223,0,0,0,"Rotten Steak","","Pickup",0,85,85,3,189,189,16777216,1,1.14286,1,0,17.6,24.2,0,24,1,0,0,1,0,0,0,0,0,0,0,1,1,0,10,0,0,0,0,0,0,0,0,0,0,0,0,0,0,0,0,0,0,0,0,0,0,"",0,3,1,1,1,1,0,0,0,0,0,0,0,0,1,0,0,"npc_captain_cookie_food",1),
(48296,0,0,0,0,0,36223,0,0,0,"Steak","","Pickup",0,85,85,3,189,189,16777216,1,1.14286,1,0,17.6,24.2,0,24,1,0,0,1,0,0,0,0,0,0,0,1,1,0,10,0,0,0,0,0,0,0,0,0,0,0,0,0,0,0,0,0,0,0,0,0,0,"",0,3,1,1,1,1,0,0,0,0,0,0,0,0,1,0,0,"npc_captain_cookie_food",1),
(48297,0,0,0,0,0,32183,0,0,0,"Mystery Meat","","Pickup",0,85,85,3,189,189,16777216,1,1.14286,1,0,17.6,24.2,0,24,1,0,0,1,0,0,0,0,0,0,0,1,1,0,10,0,0,0,0,0,0,0,0,0,0,0,0,0,0,0,0,0,0,0,0,0,0,"",0,3,1,1,1,1,0,0,0,0,0,0,0,0,1,0,0,"npc_captain_cookie_food",1),
(48298,0,0,0,0,0,32183,0,0,0,"Rotten Mystery Meat","","Pickup",0,85,85,3,189,189,16777216,1,1.14286,1,0,17.6,24.2,0,24,1,0,0,1,0,0,0,0,0,0,0,1,1,0,10,0,0,0,0,0,0,0,0,0,0,0,0,0,0,0,0,0,0,0,0,0,0,"",0,3,1,1,1,1,0,0,0,0,0,0,0,0,1,0,0,"npc_captain_cookie_food",1),
(48299,0,0,0,0,0,36225,0,0,0,"Rotten Loaf","","Pickup",0,85,85,3,189,189,16777216,1,1.14286,1,0,17.6,24.2,0,24,1,0,0,1,0,0,0,0,0,0,0,1,1,0,10,0,0,0,0,0,0,0,0,0,0,0,0,0,0,0,0,0,0,0,0,0,0,"",0,3,1,1,1,1,0,0,0,0,0,0,0,0,1,0,0,"npc_captain_cookie_food",1),
(48300,0,0,0,0,0,36225,0,0,0,"Bread Loaf","","Pickup",0,85,85,3,189,189,16777216,1,1.14286,1,0,17.6,24.2,0,24,1,0,0,1,0,0,0,0,0,0,0,1,1,0,10,0,0,0,0,0,0,0,0,0,0,0,0,0,0,0,0,0,0,0,0,0,0,"",0,3,1,1,1,1,0,0,0,0,0,0,0,0,1,0,0,"npc_captain_cookie_food",1),
(48301,0,0,0,0,0,36227,0,0,0,"Bun","","Pickup",0,85,85,3,189,189,16777216,1,1.14286,1,0,17.6,24.2,0,24,1,0,0,1,0,0,0,0,0,0,0,1,1,0,10,0,0,0,0,0,0,0,0,0,0,0,0,0,0,0,0,0,0,0,0,0,0,"",0,3,1,1,1,1,0,0,0,0,0,0,0,0,1,0,0,"npc_captain_cookie_food",1),
(48302,0,0,0,0,0,36227,0,0,0,"Rotten Bun","","Pickup",0,85,85,3,189,189,16777216,1,1.14286,1,0,17.6,24.2,0,24,1,0,0,1,0,0,0,0,0,0,0,1,1,0,10,0,0,0,0,0,0,0,0,0,0,0,0,0,0,0,0,0,0,0,0,0,0,"",0,3,1,1,1,1,0,0,0,0,0,0,0,0,1,0,0,"npc_captain_cookie_food",1),
(48338,48820,0,0,0,0,36119,0,0,0,"Mine Bunny","Refreshments","",0,15,15,0,2102,2102,0,1,1,1,1,41.8,55.1,0,103,1.7,2000,0,1,64,2048,0,0,0,0,0,15,22,2,7,0,0,0,0,0,0,0,0,0,0,0,0,0,0,0,0,0,0,0,1322,21,33,"",0,3,1,4,1,1,0,0,0,0,0,0,0,0,1,0,0,"",14480),
(48351,48821,0,0,0,0,36120,0,0,0,"Mine Bunny","Refreshments","",0,15,15,0,2102,2102,0,1,1,1,1,41.8,55.1,0,103,1.7,2000,0,1,64,2048,0,0,0,0,0,15,22,2,7,0,0,0,0,0,0,0,0,0,0,0,0,0,0,0,0,0,0,0,1322,0,0,"",0,3,1,4,1,1,0,0,0,0,0,0,0,0,1,0,0,"",14480),
(48417,48792,0,0,0,0,2447,2448,36163,36164,"Defias Blood Wizard","","",0,15,15,0,17,17,0,1,1,1,1,17.6,24.2,0,24,1.7,2000,0,8,32832,2048,0,0,0,0,0,15,21,13,7,0,48417,0,0,0,0,0,0,0,0,0,0,0,0,0,0,0,0,0,0,21,33,"SmartAI",0,3,1,4,2,1,0,915,0,0,0,0,0,0,1,0,0,"",14480),
(48418,48812,0,0,0,0,36138,36139,36140,36141,"Defias Envoker","","",0,15,15,0,17,17,0,1,1,1,1,17.6,24.2,0,24,1.7,2000,0,8,32832,2048,0,0,0,0,0,15,21,13,7,0,48418,0,0,0,0,0,0,0,0,0,0,0,0,0,0,0,0,0,0,21,33,"SmartAI",0,3,1,4,2,1,0,915,0,0,0,0,0,0,1,0,0,"",14480),
(48419,48811,0,0,0,0,308,2444,341,2438,"Defias Miner","","",0,14,14,0,17,17,0,1,1,1,0,38,51.3,0,95,1.7,2000,0,1,0,2048,0,0,0,0,0,13,20,1,7,0,48419,0,0,0,0,0,0,0,0,0,0,0,0,0,0,0,0,0,0,21,33,"SmartAI",0,3,1,1,1,1,0,915,0,0,0,0,0,0,1,0,0,"",14480),
(48420,48810,0,0,0,0,2441,556,0,0,"Defias Digger","","",0,14,14,0,17,17,0,1,1,1,0,38,51.3,0,95,1.7,2000,0,1,32768,2048,0,0,0,0,0,13,20,1,7,0,48420,0,0,0,0,0,0,0,0,0,0,0,0,0,0,0,0,0,0,21,33,"SmartAI",0,3,1,1,1,1,0,915,0,0,0,0,0,0,1,0,0,"",14480),
(48421,48914,0,0,0,0,2316,2317,0,0,"Defias Overseer","","",0,15,15,0,189,189,0,1,1,1,1,41.8,55.1,0,103,1.7,2000,0,1,64,2048,0,0,0,0,0,15,22,2,7,0,48421,0,0,0,0,0,0,0,0,0,0,0,0,0,0,0,0,0,0,21,33,"",0,3,1,3,1,1,0,915,0,0,0,0,0,0,1,0,0,"",14480),
(48439,0,0,0,0,0,7109,0,0,0,"Goblin Engineer","","",0,15,15,0,35,35,0,1,1.14286,1,1,41.8,51.1,0,103,1.7,2000,0,1,2,2048,1,0,0,0,0,15,22,2,7,0,0,0,0,0,0,0,0,0,0,0,0,0,0,0,0,0,0,0,0,0,0,"",0,3,1,3,1,1,0,0,0,0,0,0,0,0,1,0,0,"npc_deadmines_goblin_engineer",14480),
(48440,48824,0,0,0,0,30184,0,0,0,"Mining Monkey","","",0,14,14,0,190,190,0,1,1,1,0,38,51.3,0,95,1.7,2000,0,1,32768,2048,0,51,0,0,0,13,20,1,1,1,48440,0,0,0,0,0,0,0,0,0,0,0,0,0,0,0,0,0,0,0,0,"SmartAI",0,3,1,1,1,1,0,0,0,0,0,0,0,121,1,0,0,"npc_mining_monkey",14480),
(48441,48826,0,0,0,0,30186,0,0,0,"Mining Monkey","","",0,14,14,0,190,190,0,1,1,1,0,38,51.3,0,95,1.7,2000,0,1,32768,2048,0,51,0,0,0,13,20,1,1,1,48441,0,0,0,0,0,0,0,0,0,0,0,0,0,0,0,0,0,0,21,33,"SmartAI",0,3,1,1,1,1,0,0,0,0,0,0,0,121,1,0,0,"npc_mining_monkey",14480),
(48442,48827,0,0,0,0,30185,0,0,0,"Mining Monkey","","",0,14,14,0,190,190,0,1,1,1,0,38,51.3,0,95,1.7,2000,0,1,32768,2048,0,51,0,0,0,13,20,1,1,1,48442,0,0,0,0,0,0,0,0,0,0,0,0,0,0,0,0,0,0,0,0,"SmartAI",0,3,1,1,1,1,0,0,0,0,0,0,0,121,1,0,0,"npc_mining_monkey",14480),
(48445,48814,0,0,0,0,30244,30261,30262,0,"Oaf Lackey","","",0,15,15,0,17,17,0,1,1,1,1,24,32.4,0,58,1.7,3500,0,2,64,2048,0,0,0,0,0,14,21,2,7,0,48445,0,0,0,0,0,0,0,0,0,0,0,0,0,0,0,0,0,0,21,33,"SmartAI",0,3,1,6,1,1,0,0,0,0,0,0,0,0,1,0,0,"",14480),
(48447,48781,0,0,0,0,36148,0,0,0,"Monstrous Parrot","","",0,14,14,3,17,17,0,1,1.14286,1,0,38,51.3,0,95,1.7,2000,0,1,0,2048,0,26,0,0,0,13,20,1,1,1,48447,0,0,0,0,0,0,0,0,0,0,0,0,0,0,0,0,0,0,0,0,"SmartAI",0,4,1,1,1,1,0,0,0,0,0,0,0,0,1,0,0,"",14480),
(48450,48782,0,0,0,0,36150,0,0,0,"Sunwing Squawker","","",0,14,14,3,17,17,0,0.8,1,1,0,38,51.3,0,95,1.7,2000,0,1,0,2048,0,26,0,0,0,13,20,1,1,1,48450,0,0,0,0,0,0,0,0,0,0,0,0,0,0,0,0,0,0,0,0,"SmartAI",0,7,1,1,1,1,0,0,0,0,0,0,0,0,1,0,0,"",14480),
(48451,48779,0,0,0,0,36152,0,0,0,"Ol' Beaky","","",0,14,14,0,17,17,0,1,1,1,0,38,51.3,0,95,1.7,2000,0,1,0,2048,0,26,0,0,0,13,20,1,1,1,48451,0,0,0,0,0,0,0,0,0,0,0,0,0,0,0,0,0,0,0,0,"SmartAI",0,4,1,1,1,1,0,0,0,0,0,0,0,0,1,0,0,"",14480),
(48502,48787,0,0,0,0,36165,36167,36166,36168,"Defias Enforcer","","",0,15,15,0,17,17,0,1,1,1,1,41.8,55.1,0,103,1.7,2000,0,1,64,2048,0,0,0,0,0,15,22,2,7,0,48502,0,0,0,0,0,0,0,0,0,0,0,0,0,0,0,0,0,0,21,33,"SmartAI",0,3,1,4,1,1,0,0,0,0,0,0,0,0,1,0,0,"",14480),
(48505,48791,0,0,0,0,184,210,0,0,"Defias Shadowguard","","",0,15,15,0,17,17,0,1,1,1,1,17.6,24.2,0,24,1.7,2000,0,4,32832,2048,0,0,0,0,0,0,0,0,7,0,48505,0,0,0,0,0,0,0,0,0,0,0,0,0,0,0,0,0,0,21,33,"SmartAI",0,3,1,4,1,1,0,0,0,0,0,0,0,0,1,0,0,"",1),
(48521,48778,0,0,0,0,2349,2350,0,0,"Defias Squallshaper","","",0,15,15,0,17,17,0,1,1,1,1,17.6,24.2,0,24,1.7,2000,0,8,64,2048,0,0,0,0,0,15,21,13,7,0,48521,0,0,0,0,0,0,0,0,0,0,0,0,0,0,0,0,0,0,21,33,"SmartAI",0,3,1,4,2,1,0,915,0,0,0,0,0,0,1,0,0,"",14480),
(48522,48777,0,0,0,0,2347,2348,0,0,"Defias Pirate","","",0,15,15,0,17,17,0,1,1,1,1,41.8,55.1,0,103,1.7,2000,0,1,64,2048,0,0,0,0,0,15,22,2,7,0,48522,0,0,0,0,0,0,0,0,0,0,0,0,0,0,0,0,0,0,21,33,"SmartAI",0,3,1,4,1,1,0,915,0,0,0,0,0,0,1,0,0,"",14480),
(48672,0,0,0,0,0,15393,0,0,0,"Baby Murloc","","",0,85,85,3,35,35,0,1,1.14286,1,0,17.6,24.2,0,24,1,0,0,1,0,0,0,0,0,0,0,1,1,0,12,0,0,0,0,0,0,0,0,0,0,0,0,0,0,0,0,0,0,0,0,0,0,"",0,3,1,1,1,1,0,0,0,0,0,0,0,121,1,0,0,"npc_baby_murloc",1),
(48777,0,0,0,0,0,2347,2348,0,0,"Defias Pirate (1\)","","",0,85,85,3,14,14,0,1,1.14286,1,1,1035.5,1373.7,0,1594,21,2000,0,1,0,0,0,0,0,0,0,1,1,0,7,0,48777,0,0,0,0,0,0,0,0,0,0,0,0,0,0,0,0,0,0,6975,7906,"",0,3,1,8,1,1,0,0,0,0,0,0,0,0,1,0,0,"",14480),
(48778,0,0,0,0,0,2349,2350,0,0,"Defias Squallshaper (1\)","","",0,85,85,3,14,14,0,1,1.14286,1,1,441.1,617.1,0,425,21,2000,0,8,0,0,0,0,0,0,0,1,1,0,7,0,48778,0,0,0,0,0,0,0,0,0,0,0,0,0,0,0,0,0,0,6975,7906,"",0,3,1,8,2,1,0,0,0,0,0,0,0,0,1,0,0,"",14480),
(48779,0,0,0,0,0,36152,0,0,0,"Ol' Beaky (1\)","","",0,85,85,3,17,17,0,1,1.14286,1,1,1035.5,1373.7,0,1594,21,2000,0,1,0,0,0,26,0,0,0,1,1,0,1,1,48779,0,0,0,0,0,0,0,0,0,0,0,0,0,0,0,0,0,0,0,0,"",0,4,1,5,1,1,0,0,0,0,0,0,0,0,1,0,0,"",1),
(48781,0,0,0,0,0,36148,0,0,0,"Monstrous Parrot (1\)","","",0,85,85,3,14,14,0,1,1.14286,1,0,1680,2399,0,492,21,2000,0,1,0,0,0,26,0,0,0,1,1,0,1,1,48781,0,0,0,0,0,0,0,0,0,0,0,0,0,0,0,0,0,0,0,0,"",0,4,1,2,1,1,0,0,0,0,0,0,0,0,1,0,0,"",1),
(48782,0,0,0,0,0,36150,0,0,0,"Sunwing Squawker (1\)","","",0,85,85,3,14,14,0,1,1.14286,1,0,1680,2399,0,492,21,2000,0,1,0,0,0,26,0,0,0,1,1,0,1,1,48782,0,0,0,0,0,0,0,0,0,0,0,0,0,0,0,0,0,0,0,0,"",0,4,1,2,1,1,0,0,0,0,0,0,0,0,1,0,0,"",1),
(48787,0,0,0,0,0,36165,36167,36166,36168,"Defias Enforcer (1\)","","",0,85,85,3,14,14,0,1,1.14286,1,1,1035.5,1373.7,0,1594,21,2000,0,1,0,0,0,0,0,0,0,1,1,0,7,0,48787,0,0,0,0,0,0,0,0,0,0,0,0,0,0,0,0,0,0,6975,7906,"",0,3,1,8,1,1,0,0,0,0,0,0,0,0,1,0,0,"",14480),
(48791,0,0,0,0,0,184,210,0,0,"Defias Shadowguard (1\)","","",0,85,85,3,14,14,0,1,1.14286,1,1,545,723,0,839,21,2000,0,4,0,0,0,0,0,0,0,1,1,0,7,0,48791,0,0,0,0,0,0,0,0,0,0,0,0,0,0,0,0,0,0,6975,7906,"",0,3,1,6,1,1,0,0,0,0,0,0,0,0,1,0,0,"",14480),
(48792,0,0,0,0,0,2447,2448,36163,36164,"Defias Blood Wizard (1\)","","",0,85,85,3,14,14,0,1,1.14286,1,1,441.1,617.1,0,425,21,2000,0,8,0,0,0,0,0,0,0,1,1,0,7,0,48792,0,0,0,0,0,0,0,0,0,0,0,0,0,0,0,0,0,0,6975,7906,"",0,3,1,5,2,1,0,0,0,0,0,0,0,0,1,0,0,"",14480),
(48803,0,0,0,0,0,35605,0,0,0,"Defias Watcher (1\)","","vehichleCursor",0,85,85,3,14,14,0,1,1.14286,1,1,545,723,0,839,21,2000,0,4,0,0,0,0,0,0,0,1,1,0,9,32768,0,0,0,0,0,0,0,0,0,91723,91726,91727,0,0,0,0,0,0,0,0,0,"",0,3,1,24.599,1,1,0,0,0,0,0,0,0,43,0,0,0,"",14480),
(48804,0,0,0,0,0,35604,0,0,0,"Defias Reaper (1\)","","vehichleCursor",0,85,85,3,14,14,0,1,1.14286,1,1,1035.5,1373.7,0,1594,21,2000,0,4,0,0,0,0,0,0,0,1,1,0,9,32768,0,0,0,0,0,0,0,0,0,91723,91726,91727,0,0,0,0,0,0,0,0,0,"",0,3,1,24.599,1,1,0,0,0,0,0,0,0,43,0,0,0,"",1),
(48810,0,0,0,0,0,2441,556,0,0,"Defias Digger (1\)","","",0,85,85,3,14,14,0,1,1.14286,1,0,1035.5,1373.7,0,1594,21,2000,0,1,0,0,0,0,0,0,0,1,1,0,7,0,48810,0,0,0,0,0,0,0,0,0,0,0,0,0,0,0,0,0,0,6975,7906,"",0,3,1,1.5,1,1,0,0,0,0,0,0,0,0,1,0,0,"",14480),
(48811,0,0,0,0,0,308,2444,341,2438,"Defias Miner (1\)","","",0,85,85,3,14,14,0,1,1.14286,1,0,1035.5,1373.7,0,1594,21,2000,0,1,0,0,0,0,0,0,0,1,1,0,7,0,48811,0,0,0,0,0,0,0,0,0,0,0,0,0,0,0,0,0,0,6975,7906,"",0,3,1,1.5,1,1,0,0,0,0,0,0,0,0,1,0,0,"",14480),
(48812,0,0,0,0,0,36138,36139,36140,36141,"Defias Envoker (1\)","","",0,85,85,3,14,14,0,1,1.14286,1,1,441.1,617.1,0,425,21,2000,0,8,0,0,0,0,0,0,0,1,1,0,7,0,48812,0,0,0,0,0,0,0,0,0,0,0,0,0,0,0,0,0,0,6975,7906,"",0,3,1,15,2,1,0,0,0,0,0,0,0,0,1,0,0,"",14480),
(48814,0,0,0,0,0,30244,30261,30262,0,"Oaf Lackey (1\)","","",0,85,85,3,14,14,0,1,1.14286,1,1,643.2,838.8,0,992,21,2000,0,2,0,0,0,0,0,0,0,1,1,0,7,0,48814,0,0,0,0,0,0,0,0,0,0,0,0,0,0,0,0,0,0,6975,7906,"",0,3,1,15,1,1,0,0,0,0,0,0,0,0,1,0,0,"",14480),
(48819,0,0,0,0,0,36132,36133,36134,36135,"Goblin Overseer (1\)","","",0,85,85,3,14,14,0,1,1.14286,1,1,1035.5,1373.7,0,1594,21,2000,0,1,0,0,0,0,0,0,0,1,1,0,7,0,48819,0,0,0,0,0,0,0,0,0,0,0,0,0,0,0,0,0,0,6975,7906,"",0,3,1,10,1,1,0,0,0,0,0,0,0,0,1,0,0,"",14480),
(48820,0,0,0,0,0,36119,0,0,0,"Mine Bunny (1\)","Refreshments","",0,85,85,3,14,14,0,1,1.14286,1,1,1035.5,1373.7,0,1594,21,2000,0,1,0,0,0,0,0,0,0,1,1,0,7,0,0,0,0,0,0,0,0,0,0,0,0,0,0,0,0,0,0,0,0,6975,7906,"",0,3,1,8,1,1,0,0,0,0,0,0,0,0,1,0,0,"",14480),
(48821,0,0,0,0,0,36120,0,0,0,"Mine Bunny (1\)","Refreshments","",0,85,85,3,14,14,0,1,1.14286,1,1,1035.5,1373.7,0,1594,21,2000,0,1,0,0,0,0,0,0,0,1,1,0,7,0,0,0,0,0,0,0,0,0,0,0,0,0,0,0,0,0,0,0,0,0,0,"",0,3,1,8,1,1,0,0,0,0,0,0,0,0,1,0,0,"",14480),
(48823,0,0,0,0,0,30186,0,0,0,"Mining Monkey (1\)","","",0,85,85,3,14,14,0,1,1.14286,1,1,1035.5,1373.7,0,1594,21,2000,0,1,0,0,0,51,0,0,0,1,1,0,1,1,48823,0,0,0,0,0,0,0,0,0,0,0,0,0,0,0,0,0,0,6975,7906,"",0,3,1,3,1,1,0,0,0,0,0,0,0,121,1,0,0,"",14480),
(48824,0,0,0,0,0,30187,0,0,0,"Mining Monkey (1\)","","",0,85,85,3,14,14,0,1,1.14286,1,1,1035.5,1373.7,0,1594,21,2000,0,1,0,0,0,51,0,0,0,1,1,0,1,1,48824,0,0,0,0,0,0,0,0,0,0,0,0,0,0,0,0,0,0,0,0,"",0,3,1,3,1,1,0,0,0,0,0,0,0,121,1,0,0,"",14480),
(48826,0,0,0,0,0,30184,0,0,0,"Mining Monkey (1\)","","",0,85,85,3,14,14,0,1,1.14286,1,1,1035.5,1373.7,0,1594,21,2000,0,1,0,0,0,51,0,0,0,1,1,0,1,1,48826,0,0,0,0,0,0,0,0,0,0,0,0,0,0,0,0,0,0,6975,7906,"",0,3,1,3,1,1,0,0,0,0,0,0,0,121,1,0,0,"",14480),
(48827,0,0,0,0,0,30185,0,0,0,"Mining Monkey (1\)","","",0,85,85,3,14,14,0,1,1.14286,1,1,1035.5,1373.7,0,1594,21,2000,0,1,0,0,0,51,0,0,0,1,1,0,1,1,48827,0,0,0,0,0,0,0,0,0,0,0,0,0,0,0,0,0,0,0,0,"",0,3,1,3,1,1,0,0,0,0,0,0,0,121,1,0,0,"",14480),
(48829,0,0,0,0,0,10704,0,0,0,"Ogre Henchman (1\)","","",0,85,85,3,14,14,0,1,1.14286,1,1,1035.5,1373.7,0,1594,21,2000,0,1,0,0,0,0,0,0,0,1,1,0,7,0,48829,0,0,0,0,0,0,0,0,0,0,0,0,0,0,0,0,0,0,6975,7906,"",0,3,1,12,1,1,0,0,0,0,0,0,0,0,1,0,0,"",14480),
(48830,0,0,0,0,0,37382,0,0,0,"Ogre Bodyguard (1\)","","",0,85,85,3,14,14,0,1,1.14286,1,1,1035.5,1373.7,0,1594,21,2000,0,1,0,0,0,0,0,0,0,1,1,0,7,0,48830,0,0,0,0,0,0,0,0,0,0,0,0,0,0,0,0,0,0,6975,7906,"",0,3,1,15,1,1,0,0,0,0,0,0,0,0,1,0,0,"",14480),
(48834,0,0,0,0,0,373,0,0,0,"Kobold Digger (1\)","","",0,85,85,3,14,14,0,1,1.14286,1,0,1035.5,1373.7,0,1594,21,2000,0,1,0,0,0,0,0,0,0,1,1,0,7,0,48834,0,0,0,0,0,0,0,0,0,0,0,0,0,0,0,0,0,0,6975,7906,"",0,3,1,2,1,1,0,0,0,0,0,0,0,0,1,0,0,"",14480),
(48913,0,0,0,0,0,21788,0,0,0,"Defias Cannon (1\)","","vehichleCursor",0,85,85,3,190,190,16777216,1,1,1,0,1035.5,1373.7,0,1594,21,2000,0,1,4,0,0,0,0,0,0,1,1,0,9,32,0,0,0,0,0,0,0,0,0,91788,0,0,0,0,0,0,0,0,1390,0,0,"",0,3,1,1,1,1,0,0,0,0,0,0,0,0,1,650854399,0,"npc_defias_cannon",14480),
(48914,0,0,0,0,0,2316,2317,0,0,"Defias Overseer (1\)","","",0,85,85,3,189,189,0,1,1.14286,1,1,1035.5,1373.7,0,1594,21,2000,0,1,0,0,0,0,0,0,0,1,1,0,7,0,48914,0,0,0,0,0,0,0,0,0,0,0,0,0,0,0,0,0,0,6975,7906,"",0,3,1,5,1,1,0,0,0,0,0,0,0,0,1,0,0,"",14480),
(48936,0,0,0,0,0,37410,0,0,0,"Glubtok (1\)","The Foreman","",0,87,87,3,14,14,0,1,1.14286,1,1,1111.5,1430.7,0,1613,38,2000,0,2,0,2048,0,0,0,0,0,1,1,0,7,104,48936,0,0,0,0,0,0,0,0,0,0,0,0,0,0,0,0,0,0,13187,16999,"",0,7,1,50,1,1,0,0,0,0,0,0,0,0,1,650854399,1,"",14480),
(48939,0,0,0,0,0,33003,0,0,0,"Lumbering Oaf (1\)","","",0,87,87,3,14,14,0,1,1.14286,1,1,1035.5,1373.7,0,1594,35,2000,0,1,0,0,0,0,0,0,0,1,1,0,7,104,0,0,0,0,0,0,0,0,0,0,0,0,0,0,0,0,0,0,0,0,0,"",0,3,1,40,1,1,0,0,0,0,0,0,0,0,1,650854399,0,"",14480),
(48940,0,0,0,0,0,33002,0,0,0,"Helix Gearbreaker (1\)","","",0,87,87,3,14,14,0,1,1.14286,1,1,1111.5,1430.7,0,1613,35,1400,0,1,0,2048,0,0,0,0,0,1,1,0,7,104,48940,0,0,0,0,0,0,0,0,0,0,0,0,0,0,0,0,0,0,13187,16999,"",0,3,1,10,1,1,0,0,0,0,0,0,0,0,1,650854399,257,"",14480),
(48941,0,0,0,0,0,35606,0,0,0,"Foe Reaper 5000 (1\)","","",0,87,87,3,14,14,0,1,1.14286,1,1,1035.5,1373.7,0,1594,35,2000,0,4,0,0,0,0,0,0,0,1,1,0,9,104,48941,0,0,0,0,0,0,0,0,0,0,0,0,0,0,0,0,0,0,13187,16999,"",0,3,1,40,1,1,0,0,0,0,0,0,0,0,1,650854399,1,"",14480),
(48943,0,0,0,0,0,35739,0,0,0,"Admiral Ripsnarl (1\)","","",0,87,87,3,14,14,0,1,1.14286,1,1,1111.5,1430.7,0,1613,35,2000,0,1,0,0,0,0,0,0,0,1,1,0,7,104,48943,0,0,0,0,0,0,0,0,0,0,0,0,0,0,0,0,0,0,13187,16999,"",0,3,1,50,1,1,0,0,0,0,0,0,0,0,1,650854399,1,"",14480),
(48944,0,0,0,0,0,1305,0,0,0,"\"Captain\" Cookie (1\)","Defias Kingpin?","",0,87,87,3,14,14,0,1,1.14286,1,1,1111.5,1430.7,0,1613,35,2000,0,1,0,2048,0,0,0,0,0,1,1,0,7,0,48944,0,0,0,0,0,0,0,0,0,0,0,0,0,0,0,0,0,0,13187,16999,"",0,3,1,50,1,1,0,0,0,0,0,0,0,0,1,650854399,1,"",14480),
(48957,0,0,0,0,0,4607,0,0,0,"Fire Blossom","","",0,85,85,3,14,14,0,1,1.14286,1,0,1111.5,1430.7,0,1613,21,2000,0,1,0,0,0,0,0,0,0,1,1,0,4,0,0,0,0,0,0,0,0,0,0,0,0,0,0,0,0,0,0,0,0,0,0,"",0,3,1,0.05,1,1,0,0,0,0,0,0,0,0,1,0,0,"",14480),
(48958,0,0,0,0,0,30160,0,0,0,"Frost Blossom","","",0,85,85,3,14,14,0,1,1.14286,1,0,1111.5,1430.7,0,1613,21,2000,0,1,0,0,0,0,0,0,0,1,1,0,4,0,0,0,0,0,0,0,0,0,0,0,0,0,0,0,0,0,0,0,0,0,0,"",0,3,1,0.05,1,1,0,0,0,0,0,0,0,0,1,0,0,"",14480),
(48974,0,0,0,0,0,1126,11686,0,0,"Glubtok Firewall Platter","","",0,1,1,0,35,35,0,0.2,1.14286,1,0,17.6,24.2,0,24,1,0,0,1,33685510,0,0,0,0,0,0,1,1,0,10,0,0,0,0,0,0,0,0,0,0,0,0,0,0,0,0,0,0,0,1365,0,0,"",0,7,1,1,1,1,0,0,0,0,0,0,0,42,1,0,128,"npc_glubtok_firewall_platter_master",1),
(48975,0,0,0,0,0,1126,11686,0,0,"Glubtok Firewall Platter Creature Level 1a","","",0,87,87,3,14,14,0,1,1.14286,1,0,17.6,24.2,0,24,1,0,0,1,33685510,0,0,0,0,0,0,1,1,0,10,0,0,0,0,0,0,0,0,0,0,0,0,0,0,0,0,0,0,0,1372,0,0,"",0,7,1,1,1,1,0,0,0,0,0,0,0,42,1,0,128,"",1),
(48976,0,0,0,0,0,1126,11686,0,0,"Glubtok Firewall Platter Creature Level 2a","","",0,87,87,3,14,14,0,1,1.14286,1,0,17.6,24.2,0,24,1,0,0,1,33685510,0,0,0,0,0,0,1,1,0,10,0,0,0,0,0,0,0,0,0,0,0,0,0,0,0,0,0,0,0,0,0,0,"",0,7,1,1,1,1,0,0,0,0,0,0,0,42,1,0,128,"npc_glubtok_firewall_damager",1),
(49039,0,0,0,0,0,1126,11686,0,0,"Glubtok Firewall Platter Creature Level 1b","","",0,87,87,3,14,14,0,1,1.14286,1,0,17.6,24.2,0,24,1,0,0,1,33685510,0,0,0,0,0,0,1,1,0,10,0,0,0,0,0,0,0,0,0,0,0,0,0,0,0,0,0,0,0,1371,0,0,"",0,7,1,1,1,1,0,0,0,0,0,0,0,42,1,0,128,"",1),
(49040,0,0,0,0,0,1126,11686,0,0,"Glubtok Firewall Platter Creature Level 1c","","",0,87,87,3,14,14,0,1,1.14286,1,0,17.6,24.2,0,24,1,0,0,1,33685510,0,0,0,0,0,0,1,1,0,10,0,0,0,0,0,0,0,0,0,0,0,0,0,0,0,0,0,0,0,1366,0,0,"",0,7,1,1,1,1,0,0,0,0,0,0,0,42,1,0,128,"",1),
(49041,0,0,0,0,0,1126,11686,0,0,"Glubtok Firewall Platter Creature Level 2b","","",0,87,87,3,14,14,0,1,1.14286,1,0,17.6,24.2,0,24,1,0,0,1,33685510,0,0,0,0,0,0,1,1,0,10,0,0,0,0,0,0,0,0,0,0,0,0,0,0,0,0,0,0,0,0,0,0,"",0,7,1,1,1,1,0,0,0,0,0,0,0,42,1,0,128,"npc_glubtok_firewall_damager",1),
(49042,0,0,0,0,0,1126,11686,0,0,"Glubtok Firewall Platter Creature Level 2c","","",0,87,87,3,14,14,0,1,1.14286,1,0,17.6,24.2,0,24,1,0,0,1,33685510,0,0,0,0,0,0,1,1,0,10,0,0,0,0,0,0,0,0,0,0,0,0,0,0,0,0,0,0,0,0,0,0,"",0,7,1,1,1,1,0,0,0,0,0,0,0,42,1,0,128,"npc_glubtok_firewall_damager",1),
(49136,0,0,0,0,0,36379,0,0,0,"Helix' Crew","","",0,85,85,3,17,17,0,1,1.14286,1,1,1035.5,1373.7,0,1594,21,2000,0,1,4,0,0,0,0,0,0,1,1,0,7,0,0,0,0,0,0,0,0,0,0,0,0,0,0,0,0,0,0,0,0,0,0,"",0,3,1,3.961,1,1,0,0,0,0,0,0,0,0,1,0,0,"npc_helix_crew",1),
(49137,0,0,0,0,0,36380,0,0,0,"Helix' Crew","","",0,85,85,3,17,17,0,1,1.14286,1,1,1035.5,1373.7,0,1594,21,2000,0,1,4,0,0,0,0,0,0,1,1,0,7,0,0,0,0,0,0,0,0,0,0,0,0,0,0,0,0,0,0,0,0,0,0,"",0,3,1,3.961,1,1,0,0,0,0,0,0,0,0,1,0,0,"npc_helix_crew",1),
(49138,0,0,0,0,0,36381,0,0,0,"Helix' Crew","","",0,85,85,3,17,17,0,1,1.14286,1,1,1035.5,1373.7,0,1594,21,2000,0,1,4,0,0,0,0,0,0,1,1,0,7,0,0,0,0,0,0,0,0,0,0,0,0,0,0,0,0,0,0,0,0,0,0,"",0,3,1,3.961,1,1,0,0,0,0,0,0,0,0,1,0,0,"npc_helix_crew",1),
(49139,0,0,0,0,0,36382,0,0,0,"Helix' Crew","","",0,85,85,3,17,17,0,1,1.14286,1,1,1035.5,1373.7,0,1594,21,2000,0,1,4,0,0,0,0,0,0,1,1,0,7,0,0,0,0,0,0,0,0,0,0,0,0,0,0,0,0,0,0,0,0,0,0,"",0,3,1,3.961,1,1,0,0,0,0,0,0,0,0,1,0,0,"npc_helix_crew",1),
(49208,0,0,0,0,0,36412,0,0,0,"Prototype Reaper","","vehichleCursor",0,85,85,3,35,35,16777216,1,1.14286,1,1,17.6,24.2,0,24,7.5,0,0,4,0,0,0,0,0,0,0,1,1,0,9,4096,0,0,0,0,0,0,0,0,0,91723,91726,91727,0,0,0,0,0,0,1389,0,0,"",0,3,1,4,1,1,0,0,0,0,0,0,0,0,0,0,0,"npc_prototype_reaper",1),
(49229,0,0,0,0,0,36419,0,0,0,"Molten Slag","","",0,85,85,3,17,17,0,1,1.14286,1,1,1035.5,1373.7,0,1594,21,2000,0,1,0,0,0,0,0,0,0,1,1,0,4,512,0,0,0,0,0,0,0,0,0,0,0,0,0,0,0,0,0,0,0,0,0,"",0,3,1,2,1,1,0,0,0,0,0,0,0,94,1,0,0,"npc_molten_slag",1),
(49429,0,0,0,0,0,32806,0,0,0,"Vanessa VanCleef","","",0,87,87,3,17,17,0,1,1.14286,1,1,17.6,24.2,0,24,7.5,0,0,1,131842,0,0,0,0,0,0,1,1,0,7,0,0,0,0,0,0,0,0,0,0,0,0,0,0,0,0,0,0,0,0,0,0,"",0,3,1,20,1,1,0,0,0,0,0,0,0,0,1,0,0,"",1),
(49454,0,0,0,0,0,1126,11686,0,0,"Vanessa's Trap Bunny","","",0,85,85,3,35,35,0,1,1.14286,1,0,17.6,24.2,0,24,1,0,0,1,33685508,0,0,0,0,0,0,1,1,0,10,1024,0,0,0,0,0,0,0,0,0,0,0,0,0,0,0,0,0,0,1396,0,0,"",0,4,1,1,1,1,0,0,0,0,0,0,0,0,1,0,128,"npc_vanessas_trap_bunny",1),
(49457,0,0,0,0,0,36493,0,0,0,"Steam Valve","","Interact",0,1,1,0,35,35,16777216,1,1.14286,1,0,17.6,24.2,0,24,1,0,0,1,0,0,0,0,0,0,0,1,1,0,10,1024,0,0,0,0,0,0,0,0,0,0,0,0,0,0,0,0,0,0,0,0,0,"",0,4,1,1,1,1,0,0,0,0,0,0,0,0,1,0,0,"npc_vanessas_steam_valve",1),
(49481,0,0,0,0,0,28470,0,0,0,"Collapsing Icicle","","",0,85,85,3,35,35,0,1,1.14286,1,0,17.6,24.2,0,24,1,0,0,1,33685510,0,0,0,0,0,0,1,1,0,4,8,0,0,0,0,0,0,0,0,0,0,0,0,0,0,0,0,0,0,0,0,0,"",0,3,1,1,1,1,0,0,0,0,0,0,0,0,1,0,0,"npc_glubtok_icicle",1),
(49493,0,0,0,0,0,958,2540,36516,368,"Nightmare Skitterling","","",0,85,85,3,14,14,0,1,1.14286,1,0,1680,2399,0,492,21,2000,0,1,0,0,0,3,0,0,0,1,1,0,1,0,0,0,0,0,0,0,0,0,0,0,0,0,0,0,0,0,0,0,0,0,0,"",0,3,1,0.5,1,1,0,0,0,0,0,0,0,0,1,0,0,"",1),
(49494,0,0,0,0,0,36511,36512,36513,36514,"Darkweb Devourer","","",0,85,85,3,14,14,0,1,1.14286,1,1,1680,2399,0,492,21,2000,0,1,0,0,0,3,0,0,0,1,1,0,1,0,0,0,0,0,0,0,0,0,0,0,0,0,0,0,0,0,0,0,0,0,0,"",0,3,1,10,1,1,0,0,0,0,0,0,0,0,1,0,0,"",1),
(49495,0,0,0,0,0,36517,36518,36519,36520,"Chattering Horror","","",0,85,85,3,14,14,0,1,1.14286,1,0,1680,2399,0,492,21,2000,0,1,0,0,0,3,0,0,0,1,1,0,1,0,0,0,0,0,0,0,0,0,0,0,0,0,0,0,0,0,0,0,0,0,0,"",0,3,1,1,1,1,0,0,0,0,0,0,0,0,1,0,0,"",1),
(49520,0,0,0,0,0,1126,11686,0,0,"Vanessa Lightning Platter","","",0,87,87,3,35,35,0,0.2,0.1,1,0,17.6,24.2,0,24,1,0,0,1,33685510,0,0,0,0,0,0,1,1,0,10,0,0,0,0,0,0,0,0,0,0,0,0,0,0,0,0,0,0,0,1397,0,0,"",0,4,1,1,1,1,0,0,0,0,0,0,0,42,1,0,128,"npc_vanessa_lightning_platter",1),
(49521,0,0,0,0,0,11686,0,0,0,"Vanessa Lightning Stalker","","",0,87,87,3,14,14,0,1,1.14286,1,0,2,2,0,24,1,0,0,1,33685510,0,0,0,0,0,0,1,1,0,10,0,0,0,0,0,0,0,0,0,0,0,0,0,0,0,0,0,0,0,0,0,0,"",0,3,1,1,1,1,0,0,0,0,0,0,0,42,1,0,0,"",1),
(49532,0,0,0,0,0,32980,0,0,0,"Enraged Worgen","","",0,85,85,3,2102,2102,0,1,1.14286,1,1,1545,723,0,492,21,2000,0,1,0,0,0,0,0,0,0,1,1,0,7,0,0,0,0,0,0,0,0,0,0,0,0,0,0,0,0,0,0,0,0,0,0,"",0,3,1,5,1,1,0,0,0,0,0,0,0,0,1,0,0,"",1),
(49534,0,0,0,0,0,36532,0,0,0,"Emme Harrington","Ripsnarl's Daughter","",0,85,85,3,2263,2263,0,1,1.14286,1,0,17.6,24.2,0,24,1,0,0,1,0,0,0,0,0,0,0,1,1,0,7,4096,0,0,0,0,0,0,0,0,0,0,0,0,0,0,0,0,0,0,0,0,0,"",0,3,1,6,1,1,0,0,0,0,0,0,0,0,1,0,0,"npc_emme_harrington",1),
(49535,0,0,0,0,0,1695,0,0,0,"Erik Harrington","Ripsnarl's Son","",0,85,85,3,2263,2263,0,1,1.14286,1,0,17.6,24.2,0,24,1,0,0,1,0,0,0,0,0,0,0,1,1,0,7,4096,0,0,0,0,0,0,0,0,0,0,0,0,0,0,0,0,0,0,0,0,0,"",0,3,1,6,1,1,0,0,0,0,0,0,0,0,1,0,0,"npc_erik_harrington",1),
(49536,0,0,0,0,0,1443,0,0,0,"Calissa Harrington","Ripsnarl's Wife","",0,85,85,3,2263,2263,0,1,1.14286,1,0,17.6,24.2,0,24,1,0,0,1,0,0,0,0,0,0,0,1,1,0,7,4096,0,0,0,0,0,0,0,0,0,0,0,0,0,0,0,0,0,0,0,0,0,"",0,3,1,20,1,1,0,0,0,0,0,0,0,0,1,0,0,"npc_calissa_harrington",1),
(49539,0,0,0,0,0,35739,0,0,0,"James Harrington","","",0,85,85,3,14,14,0,1,1.14286,1,1,17.6,24.2,0,24,7.5,0,0,1,0,0,0,0,0,0,0,1,1,0,7,104,49539,0,0,0,0,0,0,0,0,0,0,0,0,0,0,0,0,0,1403,11515,12755,"",0,3,1,10,1,1,0,0,0,0,0,0,0,0,1,0,0,"",1),
(49541,0,0,0,0,0,32806,0,0,0,"Vanessa VanCleef","","",0,87,87,3,17,17,0,1,1.14286,1,1,1111.5,1430.7,0,1613,35,900,0,1,0,0,0,0,0,0,0,1,1,0,7,96,49541,0,0,0,0,0,0,0,0,0,0,0,0,0,0,0,0,0,0,18952,20946,"",0,3,1,50,1,1,0,0,0,0,0,0,0,0,1,650854399,1,"boss_vanessa_vancleef",14480),
(49550,0,0,0,0,0,36541,0,0,0,"Rope","","vehichleCursor",0,1,1,0,35,35,16777216,1,1,1,0,17.6,24.2,0,24,1,0,0,1,0,0,0,0,0,0,0,1,1,0,10,1024,0,0,0,0,0,0,0,0,0,0,0,0,0,0,0,0,0,0,1399,0,0,"",0,4,1,1,1,1,0,0,0,0,0,0,0,0,1,0,0,"npc_vanessas_rope",1),
(49552,0,0,0,0,0,1126,11686,0,0,"Vanessa's Rope Anchor","","",0,1,1,0,35,35,0,1,1.14286,1,0,17.6,24.2,0,24,1,0,0,1,0,0,0,0,0,0,0,1,1,0,10,1024,0,0,0,0,0,0,0,0,0,0,0,0,0,0,0,0,0,0,0,0,0,"",0,4,1,1,1,1,0,0,0,0,0,0,0,0,1,0,128,"",1),
(49670,0,0,0,0,0,32914,0,0,0,"Glubtok","The Foreman","",0,85,85,3,14,14,0,1,1.14286,1,1,1680,2399,0,492,21,2000,0,1,0,0,0,0,0,0,0,1,1,0,7,104,0,0,0,0,0,0,0,0,0,0,0,0,0,0,0,0,0,0,0,0,0,"",0,3,1,8,1,1,0,0,0,0,0,0,0,0,1,0,0,"npc_nightmare_glubtok",1),
(49671,0,0,0,0,0,32806,0,0,0,"Vanessa VanCleef","","",0,87,87,0,35,35,0,1,1.14286,1,1,17.6,24.2,0,24,7.5,0,0,1,131842,0,0,0,0,0,0,1,1,0,7,0,0,0,0,0,0,0,0,0,0,0,0,0,0,0,0,0,0,0,0,0,0,"",0,3,1,20,1,1,0,0,0,0,0,0,0,0,1,0,0,"",1),
(49674,0,0,0,0,0,33002,0,0,0,"Helix Gearbreaker","","",0,85,85,3,14,14,0,1,1.14286,1,1,1680,2399,0,492,21,2000,0,1,0,0,0,0,0,0,0,1,1,0,7,104,0,0,0,0,0,0,0,0,0,0,0,0,0,0,0,0,0,0,0,0,0,"",0,3,1,10,1,1,0,0,0,0,0,0,0,0,1,0,256,"npc_nightmare_helix",1),
(49681,0,0,0,0,0,29155,0,0,0,"Foe Reaper 5000","","",0,85,85,3,14,14,0,1,1.14286,1,1,1680,2399,0,492,21,2000,0,1,0,0,0,0,0,0,0,1,1,0,9,104,0,0,0,0,0,0,0,0,0,0,0,0,0,0,0,0,0,0,0,0,0,"",0,3,1,10,1,1,0,0,0,0,0,0,0,0,1,0,0,"npc_nightmare_reaper",14480),
(49682,0,0,0,0,0,33062,0,0,0,"Ripsnarl","","",0,87,87,0,35,35,0,1,1.14286,1,1,17.6,24.2,0,24,7.5,0,0,1,131842,0,0,0,0,0,0,1,1,0,7,0,0,0,0,0,0,0,0,0,0,0,0,0,0,0,0,0,0,0,0,0,0,"",0,3,1,10,1,1,0,0,0,0,0,0,0,0,1,0,0,"",1),
(49850,49851,0,0,0,0,36165,36167,36166,36168,"Defias Enforcer","","",0,14,14,3,17,17,0,1,1.14286,1,0,38,51.3,0,95,1.7,2000,0,1,0,0,0,0,0,0,0,1,1,0,7,0,0,0,0,0,0,0,0,0,0,0,0,0,0,0,0,0,0,0,0,0,0,"",0,3,1,1,1,1,0,0,0,0,0,0,0,0,1,0,0,"npc_defias_enforcer",1),
(49852,49853,0,0,0,0,184,210,0,0,"Defias Shadowguard","","",0,14,14,0,17,17,0,1,1.14286,1,0,38,51.3,0,95,1.7,2000,0,4,0,0,0,0,0,0,0,1,1,0,7,0,0,0,0,0,0,0,0,0,0,0,0,0,0,0,0,0,0,0,0,0,0,"",0,3,1,1,1,1,0,0,0,0,0,0,0,0,1,0,0,"npc_defias_shadowguard",1),
(49853,0,0,0,0,0,184,210,0,0,"Defias Shadowguard (1\)","","",0,86,86,3,17,17,0,1,1.14286,1,0,545,723,0,0,21,0,0,1,0,0,0,0,0,0,0,0,0,0,7,0,0,0,0,0,0,0,0,0,0,0,0,0,0,0,0,0,0,0,0,0,0,"",0,3,1,1.5,1,1,0,0,0,0,0,0,0,0,1,0,0,"",15595),
(49854,49855,0,0,0,0,2447,2448,36163,36164,"Defias Blood Wizard","","",0,14,14,3,17,17,0,1,1.14286,1,0,38,51.3,0,95,1.7,2000,0,8,0,0,0,0,0,0,0,1,1,0,7,0,0,0,0,0,0,0,0,0,0,0,0,0,0,0,0,0,0,0,0,0,0,"",0,3,1,1,1,1,0,915,0,0,0,0,0,0,1,0,0,"npc_defias_blood_wizard",1),
(49855,0,0,0,0,0,2447,2448,36163,36164,"Defias Blood Wizard (1\)","","",0,86,86,3,17,17,0,1,1.14286,1,0,545,723,0,0,21,0,0,1,0,0,0,0,0,0,0,0,0,0,7,0,0,0,0,0,0,0,0,0,0,0,0,0,0,0,0,0,0,0,0,0,0,"",0,3,1,1.5,1,1,0,915,0,0,0,0,0,0,1,0,0,"",15595),
(51462,0,0,0,0,0,1141,1418,2176,0,"Mine Rat","","",0,1,1,0,189,189,0,1,1.14286,1,0,0,0,0,0,1,0,0,1,0,0,0,0,0,0,0,0,0,0,8,0,0,0,0,0,0,0,0,0,0,0,0,0,0,0,0,0,0,0,0,0,0,"",0,3,1,0.2,1,1,0,0,0,0,0,0,0,100,1,0,0,"",15595),
(51594,0,0,0,0,0,1126,11686,0,0,"Glubtok Nightmare Fire Bunny","","",0,85,85,3,14,14,0,1,1.14286,1,0,17.6,24.2,0,24,1,0,0,1,33685510,0,0,0,0,0,0,1,1,0,10,1024,0,0,0,0,0,0,0,0,0,0,0,0,0,0,0,0,0,0,0,0,0,"",0,4,1,1,1,1,0,0,0,0,0,0,0,0,1,0,128,"",1),
(51624,0,0,0,0,0,1126,11686,0,0,"Vanessa Anchor Bunny JMF","","",0,1,1,0,35,35,0,1,1.14286,1,0,17.6,24.2,0,24,1,0,0,1,0,0,0,0,0,0,0,1,1,0,10,1024,0,0,0,0,0,0,0,0,0,0,0,0,0,0,0,0,0,0,0,0,0,"",0,4,1,1,1,1,0,0,0,0,0,0,0,0,1,0,128,"",1);

--  Dead Mines standart trash loot
DELETE FROM `reference_loot_template` WHERE `entry` IN (361, 362);
INSERT INTO `reference_loot_template` (`entry`, `item`, `ChanceOrQuestChance`, `lootmode`, `groupid`, `mincountOrRef`, `maxcount`) VALUES
--  Normal
(361, 2592, 33, 1, 0, 1, 4),          --  Wool Cloth
(361, 2589, 25, 1, 0, 1, 5),          --  Linen Cloth
(361, 414, 7, 1, 0, 1, 1),            --  Dalaran Sharp
(361, 818, 3, 1, 0, 1, 1),            --  Tigerseye
(361, 1179, 5, 1, 0, 1, 1),           --  Ice Cold Milk
(361, 858, 2.5, 1, 0, 1, 3),          --  Lesser Healing Potion
(361, 2455, 2.5, 1, 0, 1, 3),         --  Minor Mana Potion
(361, 7997, 2.5, 1, 0, 1, 1),         --  Red Defias Mask
--  Heroic
(362, 53010, 50, 1, 0, 1, 6),         --  Embersilk Cloth
(362, 68198, 15, 1, 0, 1, 2),         --  Ruined Embersilk Scraps
(362, 58268, 8, 1, 0, 1, 1),          --  Roasted Beef
(362, 68197, 5, 1, 0, 1, 2),          --  Scavenged Animal Parts
(362, 58256, 4, 1, 0, 1, 1),          --  Sparkling Oasis Water
(362, 100000, 100, 1, 0, -100000, 1); --  World drop

DELETE FROM `creature` WHERE `map` = 36;
DELETE FROM `creature_formations` WHERE `leaderGUID` NOT IN (SELECT `guid` FROM `creature`);
/*---------------------------------------------------------------------------------------------------------------*/

/*---------------------------------------------------------------------------------------------------------------*/
--  Glubtok <The Foreman>
SET @GUID = (SELECT MAX(`guid`) FROM `creature`);
INSERT INTO `creature` (`guid`,`id`,`map`,`spawnMask`,`phaseMask`,`modelid`,`equipment_id`,`position_x`,`position_y`,`position_z`,`orientation`,`spawntimesecs`,`spawndist`,`currentwaypoint`,`curhealth`,`curmana`,`MovementType`,`npcflag`,`unit_flags`,`dynamicflags`) VALUES
(@GUID + 1, 47162, 36, 3, 1, 0, 0, -193.368, -441.828, 53.5993, 1.71042, 604800, 0, 0, 0, 0, 0, 0, 0, 0);

DELETE FROM `creature_text` WHERE `entry` = 47162;
INSERT INTO `creature_text` (`entry`,`groupid`,`id`,`text`,`type`,`emote`,`sound`,`comment`) VALUES
(47162,0,0,'Glubtok show you da power of de arcane!',14,0,21151,'boss_glubtok'),
(47162,1,0,'TOO...MUCH...POWER!!!',14,0,21145,'boss_glubtok'),
(47162,2,0,'\'Sploded dat one!',14,0,21155,'boss_glubtok'),
(47162,2,1,'DIE!',14,0,21152,'boss_glubtok'),
(47162,3,0,'Fists of flame!',14,0,21153,'boss_glubtok'),
(47162,4,0,'Fists of frost!',14,0,21156,'boss_glubtok'),
(47162,5,0,'Glubtok ready?',14,0,21154,'boss_glubtok'),
(47162,6,0,'Let\'s do it!',14,0,21157,'boss_glubtok'),
(47162,7,0,'ARCANE POWER!!!',14,0,21146,'boss_glubtok'),
(47162,8,0,'|TInterface\\Icons\\spell_holy_innerfire.blp:20|t Glubtok creates a moving |cFFFF0000|Hspell:91398|h[Fire Wall]|h|r!',41,0,0,'boss_glubtok');

DELETE FROM achievement_criteria_data WHERE criteria_id = 16184;
INSERT INTO achievement_criteria_data (criteria_id, type, ScriptName) VALUES
(16184, 11, 'achievement_ready_for_raiding');

DELETE FROM `creature_queststarter` WHERE `id` = 47162;
DELETE FROM `spell_linked_spell` WHERE `spell_trigger` = 91274;

DELETE FROM `spell_script_names` WHERE `spell_id` IN (88002, 87925);
INSERT INTO `spell_script_names` VALUES
(88002, 'spell_glubtok_teleport'),
(87925, 'spell_glubtok_blink');

DELETE FROM `conditions` WHERE `SourceTypeOrReferenceId` = 13 AND `SourceEntry` IN (88093, 88072, 88140, 91397);
INSERT INTO `conditions` (`SourceTypeOrReferenceId`,`SourceGroup`,`SourceEntry`,`ElseGroup`,`ConditionTypeOrReference`,`ConditionValue1`,`ConditionValue2`,`ConditionValue3`,`ErrorTextId`,`ScriptName`,`Comment`) VALUES
(13, 1, 88093, 0, 31, 3, 47162, 0, 0, '', ''),
(13, 1, 88072, 0, 31, 3, 47162, 0, 0, '', ''),
(13, 1, 88140, 0, 31, 3, 47282, 0, 0, '', ''),
(13, 1, 88140, 1, 31, 3, 47284, 0, 0, '', ''),
(13, 1, 91397, 0, 31, 4, 0, 0, 0, '', '');

DELETE FROM `creature_loot_template` WHERE `entry` IN (47162, 48936);
INSERT INTO `creature_loot_template` (`entry`,`item`,`ChanceOrQuestChance`,`lootmode`,`groupid`,`mincountOrRef`,`maxcount`) VALUES
--  Normal
(47162, 2169, 0, 1, 1, 1, 1),
(47162, 5195, 0, 1, 1, 1, 1),
(47162, 5444, 0, 1, 1, 1, 1),
--  Heroic
(48936, 63467, 0, 1, 1, 1, 1),
(48936, 63468, 0, 1, 1, 1, 1),
(48936, 63470, 0, 1, 1, 1, 1),
(48936, 63471, 0, 1, 1, 1, 1),
(48936, 65163, 0, 1, 1, 1, 1);
/*---------------------------------------------------------------------------------------------------------------*/

/*---------------------------------------------------------------------------------------------------------------*/
--  Helix Gearbreaker
SET @GUID = (SELECT MAX(`guid`) FROM `creature`);
INSERT INTO `creature` (`guid`,`id`,`map`,`spawnMask`,`phaseMask`,`modelid`,`equipment_id`,`position_x`,`position_y`,`position_z`,`orientation`,`spawntimesecs`,`spawndist`,`currentwaypoint`,`curhealth`,`curmana`,`MovementType`,`npcflag`,`unit_flags`,`dynamicflags`) VALUES
(@GUID + 1, 47296, 36, 3, 1, 0, 0, -299.693, -514.074, 51.012, 0.789456, 604800, 0, 0, 0, 0, 0, 0, 0, 0);

DELETE FROM `creature_text` WHERE `entry` IN (47296, 47297, 49136, 49137, 49138, 49139);
INSERT INTO `creature_text` (`entry`,`groupid`,`id`,`text`,`type`,`emote`,`sound`,`comment`) VALUES
--  Helix Gearbreaker
(47296,0,0,'The scales...have...tipped...',14,0,20844,'boss_helix_gearbreaker'),
(47296,1,0,'Only ten copper? You\'re not even worth killing!',14,0,20845,'boss_helix_gearbreaker'),
(47296,2,0,'I didn\'t need him! Not when I\'ve got YOU oafs!',14,0,20846,'boss_helix_gearbreaker'),
(47296,3,0,'Bombs away!',14,0,20847,'boss_helix_gearbreaker'),
(47296,4,0,'Ready Oafie? Throw!',14,0,20848,'boss_helix_gearbreaker'),
(47296,5,0,'The mistress will pay me handsomely for your heads!',14,0,20849,'boss_helix_gearbreaker'),
(47296,6,0,'Helix attaches a bomb to $N\'s chest!',41,0,0,'boss_helix_gearbreaker'),
--  Helix' Crew
(49136,0,0,'Blowin\' em\' to bits, boss!',12,0,0,'boss_helix_gearbreaker'),
(49137,0,0,'Blowin\' em\' to bits, boss!',12,0,0,'boss_helix_gearbreaker'),
(49138,0,0,'Blowin\' em\' to bits, boss!',12,0,0,'boss_helix_gearbreaker'),
(49139,0,0,'Blowin\' em\' to bits, boss!',12,0,0,'boss_helix_gearbreaker'),
--  Lumbering Oaf
(47297,0,0,'OAF SMASH!!',14,0,0,'boss_helix_gearbreaker'),
(47297,1,0,'No...NO!',14,0,20854,'boss_helix_gearbreaker'),
(47297,2,0,'Badly to me ...',14,0,20855,'boss_helix_gearbreaker');

DELETE FROM `vehicle_template_accessory` WHERE `entry` = 47297;
DELETE FROM `npc_spellclick_spells` WHERE `npc_entry` = 47297;
DELETE FROM `creature_queststarter` WHERE `id` = 47296;

REPLACE INTO `creature_equip_template` (`entry`, `itemEntry1`, `itemEntry2`, `itemEntry3`) VALUES
(47297, 55193, 55194, 0),
(48939, 55193, 55194, 0);

DELETE FROM `spell_script_names` WHERE `spell_id` IN
(
    88278, 88349, 88268, 88289, 88351, 88352,
    88329, 60603, 62539
);
INSERT INTO `spell_script_names` VALUES
(88349, 'spell_ride_face_targetting'),
(88268, 'spell_helix_script_trigger_standart'),
(88289, 'spell_helix_script_trigger_standart'),
(88278, 'spell_player_to_ride_oaf'),
(88351, 'spell_helix_ride_face_timer_aura'),
(88352, 'spell_chest_bomb'),
(88329, 'spell_sticky_bomb_periodic'),
(60603, 'spell_eject_passenger'),
(62539, 'spell_eject_passenger');

DELETE FROM `spell_target_position` WHERE `id` = 88295;
INSERT INTO `spell_target_position` VALUES
(88295, 0, 36, -289.5868, -489.5746, 49.91263, 1.54);

DELETE FROM `creature_loot_template` WHERE `entry` IN (47296, 48940);
INSERT INTO `creature_loot_template` (`entry`,`item`,`ChanceOrQuestChance`,`lootmode`,`groupid`,`mincountOrRef`,`maxcount`) VALUES
--  Normal
(47296, 5191, 0, 1, 1, 1, 1),
(47296, 5199, 0, 1, 1, 1, 1),
(47296, 5200, 0, 1, 1, 1, 1),
(47296, 5443, 0, 1, 1, 1, 1),
--  Heroic
(48940, 63473, 0, 1, 1, 1, 1),
(48940, 63474, 0, 1, 1, 1, 1),
(48940, 63475, 0, 1, 1, 1, 1),
(48940, 63476, 0, 1, 1, 1, 1),
(48940, 65164, 0, 1, 1, 1, 1);
/*---------------------------------------------------------------------------------------------------------------*/

/*---------------------------------------------------------------------------------------------------------------*/
--  Foe Reaper 5000
SET @GUID = (SELECT MAX(`guid`) FROM `creature`);
INSERT INTO `creature` (`guid`,`id`,`map`,`spawnMask`,`phaseMask`,`modelid`,`equipment_id`,`position_x`,`position_y`,`position_z`,`orientation`,`spawntimesecs`,`spawndist`,`currentwaypoint`,`curhealth`,`curmana`,`MovementType`,`npcflag`,`unit_flags`,`dynamicflags`) VALUES
(@GUID + 1, 43778, 36, 3, 1, 0, 0, -209.837, -568.622, 21.0601, 1.97222, 604800, 0, 0, 0, 0, 0, 0, 0, 0);

DELETE FROM `creature_text` WHERE `entry` IN (43778, 49229);
INSERT INTO `creature_text` (`entry`,`groupid`,`id`,`text`,`type`,`emote`,`sound`,`comment`) VALUES
--  Foe Reaper 5000
(43778,0,0,'Foe Reaper 5000 on-line. All systems nominal.',14,0,22137,''),
(43778,1,0,'Overheat threshold exceeded. System failure. Wheat clog in port two. Shutting down.',14,0,22138,''),
(43778,2,0,'Target destroyed.',14,0,22139,''),
(43778,3,0,'Acquiring target...',14,0,22140,''),
(43778,4,0,'Target acquired. Harvesting servos engaged.',14,0,22141,''),
(43778,5,0,'Overdrive engine activated.',14,0,22142,''),
(43778,6,0,'Safety restrictions off-line. Catastrophic system failure imminent.',14,0,22143,''),
(43778,7,0,'A powerful bolt of energy activates the Prototype Reaper!',41,0,0,''),
(43778,8,0,'|TInterface\\Icons\\spell_fire_totemofwrath.blp:20|t Foe Reaper 5000 begins to activate |cFFFF0000|Hspell:88522|h[Overdrive]|h|r!',41,0,0,''),
(43778,9,0,'|TInterface\\Icons\\spell_fire_totemofwrath.blp:20|t Foe Reaper 5000 |cFFFF0000|Hspell:88522|h[Safety Restrictions are Off-line]|h|r!',41,0,0,''),
--  General Purpose Bunny JMF
(43778,10,0,'A stray jolt from the Foe Reaper has disrupted the foundry controls!',41,0,0,''),
(49229,1,0,'The molten slag begins to bubble furiously!',41,0,0,'');

DELETE FROM achievement_criteria_data WHERE criteria_id = 16210;
INSERT INTO achievement_criteria_data (criteria_id, type, ScriptName) VALUES
(16210, 11, 'achievement_prototype_prodigy');

DELETE FROM `creature_template_aura` WHERE `entry` IN (47468, 49208);
INSERT INTO `creature_template_aura` (`entry`,`aura`)VALUES
(47468, 88508),
(49208, 91731);

DELETE FROM `npc_spellclick_spells` WHERE `npc_entry` IN (49208, 47404, 47403);
INSERT INTO `npc_spellclick_spells` (`npc_entry`,`spell_id`,`cast_flags`,`user_type`)VALUES
(49208, 43671, 1, 0),
(47403, 46598, 1, 0),
(47404, 46598, 1, 0);

DELETE FROM `conditions` WHERE `SourceTypeOrReferenceId` = 13 AND `SourceEntry` IN (89132, 91846);
INSERT INTO `conditions` (`SourceTypeOrReferenceId`,`SourceGroup`,`SourceEntry`,`ElseGroup`,`ConditionTypeOrReference`,`ConditionValue1`,`ConditionValue2`,`ConditionValue3`,`ErrorTextId`,`ScriptName`,`Comment`) VALUES
(13, 1, 89132, 0, 31, 3, 43778, 0, 0, '', ''),
(13, 1, 91846, 0, 31, 3, 43778, 0, 0, '', '');

DELETE FROM `spell_script_names` WHERE `spell_id` IN (90100, 88492, 91737);
INSERT INTO `spell_script_names` VALUES
(90100, 'spell_foe_reaper_5000_targeting'),
(88492, 'spell_foe_reaper_5000_targeting'),
(91737, 'spell_foe_reaper_5000_on_fire');

DELETE FROM `creature_loot_template` WHERE `entry` IN (43778, 48941);
INSERT INTO `creature_loot_template` (`entry`,`item`,`ChanceOrQuestChance`,`lootmode`,`groupid`,`mincountOrRef`,`maxcount`) VALUES
--  Normal
(43778, 1937, 0, 1, 1, 1, 1),
(43778, 5187, 0, 1, 1, 1, 1),
(43778, 5201, 0, 1, 1, 1, 1),
--  Heroic
(48941, 65165, 0, 1, 1, 1, 1),
(48941, 65166, 0, 1, 1, 1, 1),
(48941, 65167, 0, 1, 1, 1, 1);
/*---------------------------------------------------------------------------------------------------------------*/

/*---------------------------------------------------------------------------------------------------------------*/
--  Admiral Ripsnarl
SET @GUID = (SELECT MAX(`guid`) FROM `creature`);
INSERT INTO `creature` (`guid`,`id`,`map`,`spawnMask`,`phaseMask`,`modelid`,`equipment_id`,`position_x`,`position_y`,`position_z`,`orientation`,`spawntimesecs`,`spawndist`,`currentwaypoint`,`curhealth`,`curmana`,`MovementType`,`npcflag`,`unit_flags`,`dynamicflags`) VALUES
(@GUID + 1, 47626, 36, 3, 1, 0, 0, -66.7813, -837.863, 41.063, 4.60767, 604800, 0, 0, 0, 0, 0, 0, 0, 0);

DELETE FROM `creature_text` WHERE `entry` = 47626;
INSERT INTO `creature_text` (`entry`,`groupid`,`id`,`text`,`type`,`emote`,`sound`,`comment`) VALUES
(47626,0,0,'Ah, fresh meat!',14,0,19882,''),
(47626,1,0,'You will...NOT find her...until it is too late...',14,0,19875,''),
(47626,2,0,'Your blood only increases my hunger!',14,0,19876,''),
(47626,3,0,'Do you feel that chill running up your spine?',14,0,19877,''),
(47626,4,0,'The fog is rolling in...',14,0,0,''),
(47626,5,0,'I can smell your fear...',14,0,19879,''),
(47626,6,0,'I will rip your heart from your chest!',14,0,19880,''),
(47626,7,0,'Multiple vapors appear from the fog! Kill Admiral Ripsnarl before you are overwhelmed!',41,0,0,'');

DELETE FROM `spell_script_names` WHERE `spell_id` IN (88833, 88838);
INSERT INTO `spell_script_names` VALUES
(88833, 'spell_admiral_ripsnarl_targeting'),
(88838, 'spell_admiral_ripsnarl_targeting');

DELETE FROM `creature_template_aura` WHERE `entry` IN (47626, 48943);
INSERT INTO `creature_template_aura` (`entry`,`aura`)VALUES
(47626, 88736),
(48943, 88736);

DELETE FROM `conditions` WHERE `SourceTypeOrReferenceId` = 13 AND `SourceEntry` = 95408;
INSERT INTO `conditions` (`SourceTypeOrReferenceId`,`SourceGroup`,`SourceEntry`,`ElseGroup`,`ConditionTypeOrReference`,`ConditionValue1`,`ConditionValue2`,`ConditionValue3`,`ErrorTextId`,`ScriptName`,`Comment`) VALUES
(13, 1, 95408, 0, 31, 3, 48266, 0, 0, '', '');

DELETE FROM `creature_loot_template` WHERE `entry` IN (47626, 48943);
INSERT INTO `creature_loot_template` (`entry`,`item`,`ChanceOrQuestChance`,`lootmode`,`groupid`,`mincountOrRef`,`maxcount`) VALUES
--  Normal
(47626, 872, 0, 1, 1, 1, 1),
(47626, 1156, 0, 1, 1, 1, 1),
(47626, 5196, 0, 1, 1, 1, 1),
--  Heroic
(48943, 65168, 0, 1, 1, 1, 1),
(48943, 65169, 0, 1, 1, 1, 1),
(48943, 65170, 0, 1, 1, 1, 1);

DELETE FROM achievement_criteria_data WHERE criteria_id = 16211;
INSERT INTO achievement_criteria_data (criteria_id, type) VALUES
(16211, 18);

/*---------------------------------------------------------------------------------------------------------------*/

/*---------------------------------------------------------------------------------------------------------------*/
--  "Captain" Cookie <Defias Kingpin?>
SET @GUID = (SELECT MAX(`guid`) FROM `creature`);
INSERT INTO `creature` (`guid`,`id`,`map`,`spawnMask`,`phaseMask`,`modelid`,`equipment_id`,`position_x`,`position_y`,`position_z`,`orientation`,`spawntimesecs`,`spawndist`,`currentwaypoint`,`curhealth`,`curmana`,`MovementType`,`npcflag`,`unit_flags`,`dynamicflags`) VALUES
(@GUID + 1, 47739, 36, 3, 1, 0, 1, -87.0304, -819.386, 39.235, 6.24421, 604800, 0, 0, 0, 0, 0, 0, 0, 0);

DELETE FROM `creature_text` WHERE `entry` = 47739;
INSERT INTO `creature_text` (`entry`,`groupid`,`id`,`text`,`type`,`emote`,`sound`,`comment`) VALUES
(47739,0,0,'A shadowy figure appears in the ship\'s cabin!',41,0,0,''),
(47739,1,0,'A note falls to the floor!',41,0,0,'');

REPLACE INTO `creature_equip_template` (`entry`, `itemEntry1`, `itemEntry2`, `itemEntry3`) VALUES
(47739, 65171, 0, 0),
(48944, 65171, 0, 0);

DELETE FROM `creature_queststarter` WHERE `id` IN (47739, 48944);

DELETE FROM `spell_target_position` WHERE id = 89250;
INSERT INTO `spell_target_position` VALUES
(89250, 0, 36, -64.25521, -820.2448, 41.32077, 0);

DELETE FROM `creature_template_aura` WHERE `entry` = 48944;
INSERT INTO `creature_template_aura` (`entry`,`aura`)VALUES
(48944, 88873);

DELETE FROM `spell_script_names` WHERE `spell_id` IN
(
    89268,89740,90562,90583,90564,90585,90561,90582,
    90563,90584,90565,90586,90681,89267,92834,92066
);
INSERT INTO `spell_script_names` VALUES
(89268, 'spell_throw_food_targeting'),
(89740, 'spell_throw_food_targeting'),
(90562, 'spell_throw_food_targeting'),
(90583, 'spell_throw_food_targeting'),
(90564, 'spell_throw_food_targeting'),
(90585, 'spell_throw_food_targeting'),
(90561, 'spell_throw_food_targeting'),
(90582, 'spell_throw_food_targeting'),
(90563, 'spell_throw_food_targeting'),
(90584, 'spell_throw_food_targeting'),
(90565, 'spell_throw_food_targeting'),
(90586, 'spell_throw_food_targeting'),
(90681, 'spell_throw_food_targeting'),
(89267, 'spell_satiated'),
(92834, 'spell_satiated'),
(92066, 'spell_nauseated');

DELETE FROM `creature_template_aura` WHERE `entry` IN
(
    48293,48295,48298,48299,48302,48276,
    48294,48296,48297,48300,48301,48006
);
INSERT INTO `creature_template_aura` (`entry`,`aura`)VALUES
(48293, 89734),
(48295, 89734),
(48298, 89734),
(48299, 89734),
(48302, 89734),
(48276, 89734),
(48294, 89730),
(48296, 89730),
(48297, 89730),
(48300, 89730),
(48301, 89730),
(48006, 89730);

DELETE FROM `npc_spellclick_spells` WHERE `npc_entry` IN
(
    48293,48295,48298,48299,48302,48276,
    48294,48296,48297,48300,48301,48006
);
INSERT INTO `npc_spellclick_spells` (`npc_entry`,`spell_id`,`cast_flags`,`user_type`)VALUES
(48293, 89732, 3, 0),
(48295, 89732, 3, 0),
(48298, 89732, 3, 0),
(48299, 89732, 3, 0),
(48302, 89732, 3, 0),
(48276, 89732, 3, 0),
(48294, 89267, 3, 0),
(48296, 89267, 3, 0),
(48297, 89267, 3, 0),
(48300, 89267, 3, 0),
(48301, 89267, 3, 0),
(48006, 89267, 3, 0);

DELETE FROM `creature_loot_template` WHERE `entry` IN (47739, 48944);
INSERT INTO `creature_loot_template` (`entry`,`item`,`ChanceOrQuestChance`,`lootmode`,`groupid`,`mincountOrRef`,`maxcount`) VALUES
--  Normal
(47739, 5192, 0, 1, 1, 1, 1),
(47739, 5193, 0, 1, 1, 1, 1),
(47739, 5197, 0, 1, 1, 1, 1),
(47739, 5198, 0, 1, 1, 1, 1),
(47739, 5202, 0, 1, 1, 1, 1),
--  Heroic
(48944, 65171, 20, 1, 1, 1, 1),
(48944, 65172, 20, 1, 1, 1, 1),
(48944, 65173, 20, 1, 1, 1, 1),
(48944, 65174, 20, 1, 1, 1, 1),
(48944, 65177, 20, 1, 1, 1, 1);
/*---------------------------------------------------------------------------------------------------------------*/

/*---------------------------------------------------------------------------------------------------------------*/
--  Vanessa VanCleef
DELETE FROM `creature_text` WHERE `entry` = 49541;
INSERT INTO `creature_text` (`entry`,`groupid`,`id`,`text`,`type`,`emote`,`sound`,`comment`) VALUES
(49541,0,0,'I will not share my father\'s fate! Your tale ends here!',14,0,0,''),
(49541,1,0,'Fools! This entire ship is rigged with explosives! Enjoy your fiery deaths!',14,0,0,''),
(49541,2,0,'You didn\'t honestly think I would only plant ONE set of explosives, did you?',14,0,0,''),
(49541,3,0,'ENOUGH! I will not give you the pleasure.',14,0,0,''),
(49541,4,0,'If I\'m going to die, I\'m taking you all with me!',14,0,0,''),
(49541,5,0,'MY FATE IS MY OWN!',14,0,0,''),
(49541,6,0,'Did you really think I would come to this fight alone?',14,0,0,''),
(49541,7,0,'The first of many!',14,0,0,''),
(49541,8,0,'Vanessa has detonated charges on the ship! Get to the ropes at the side of the boat!',41,0,0,''),
(49541,9,0,'Vanessa pulls out a final barrel of mining powder and ignites it!  RUN!',41,0,0,'');

DELETE FROM `creature_template_aura` WHERE `entry` = 49550;
INSERT INTO `creature_template_aura` (`entry`,`aura`)VALUES
(49550, 95527);

DELETE FROM `npc_spellclick_spells` WHERE `npc_entry` = 49550;
INSERT INTO `npc_spellclick_spells` (`npc_entry`,`spell_id`,`cast_flags`,`user_type`) VALUES
(49550, 89731, 1, 0);

REPLACE INTO `creature_equip_template` (`entry`, `itemEntry1`, `itemEntry2`, `itemEntry3`) VALUES
(49541, 18816, 18816, 0),
(49850, 56172, 0, 0),
(49854, 35220, 0, 0),
(49852, 5281, 0, 0);

DELETE FROM `spell_script_names` WHERE `spell_id` IN (92620, 90925, 92619, 90956, 90957, 89757, 91065, 68576);
INSERT INTO `spell_script_names` VALUES
(92620, 'spell_backslash_targeting'),
(90925, 'spell_bloodwash'),
(92619, 'spell_deadmines_backslash'),
(90956, 'spell_deadmines_backslash'),
(90957, 'spell_deadmines_backslash'),
(89757, 'spell_deadmines_cannonball_trigger'),
(91065, 'spell_deadmines_cannonball_trigger'),
(68576, 'spell_eject_all_passengers');

DELETE FROM `spell_target_position` WHERE `id` IN (92616, 92617, 92618);
INSERT INTO `spell_target_position` VALUES
(92616, 0, 36, -77.8197, -819.949, 39.9473,  6.2634),
(92617, 0, 36, -77.8197, -819.949, 39.9473,  6.2634),
(92618, 0, 36, -77.8197, -819.949, 39.9473,  6.2634);

DELETE FROM `creature_loot_template` WHERE `entry` = 49541;
INSERT INTO `creature_loot_template` (`entry`,`item`,`ChanceOrQuestChance`,`lootmode`,`groupid`,`mincountOrRef`,`maxcount`) VALUES
(49541, 52078, 100, 1, 0, 1, 1),
(49541, 63478, 0, 1, 1, 1, 1),
(49541, 63479, 0, 1, 2, 1, 1),
(49541, 63480, 0, 1, 1, 1, 1),
(49541, 63482, 0, 1, 1, 1, 1),
(49541, 63483, 0, 1, 2, 1, 1),
(49541, 63484, 0, 1, 2, 1, 1),
(49541, 63485, 0, 1, 1, 1, 1),
(49541, 63486, 0, 1, 2, 1, 1),
(49541, 63487, 0, 1, 2, 1, 1),
(49541, 65178, 0, 1, 1, 1, 1);
/*---------------------------------------------------------------------------------------------------------------*/

/*---------------------------------------------------------------------------------------------------------------*/
--  Kobold Digger
SET @GUID = (SELECT MAX(`guid`) FROM `creature`);
INSERT INTO `creature` (`guid`,`id`,`map`,`spawnMask`,`phaseMask`,`modelid`,`equipment_id`,`position_x`,`position_y`,`position_z`,`orientation`,`spawntimesecs`,`spawndist`,`currentwaypoint`,`curhealth`,`curmana`,`MovementType`,`npcflag`,`unit_flags`,`dynamicflags`) VALUES
(@GUID + 1, 48229, 36, 3, 1, 0, 1, -105.993, -403.417, 59.9879, 4.71239, 7200, 0, 0, 0, 0, 0, 0, 0, 0),
(@GUID + 2, 48229, 36, 3, 1, 0, 1, -97.0885, -391.076, 59.0574, 0.837758, 7200, 0, 0, 0, 0, 0, 0, 0, 0),
(@GUID + 3, 48229, 36, 3, 1, 0, 1, -116.497, -420.271, 56.8943, 0.907571, 7200, 0, 0, 0, 0, 0, 0, 0, 0),
(@GUID + 4, 48229, 36, 3, 1, 0, 1, -108.866, -426.997, 55.5585, 1.3439, 7200, 0, 0, 0, 0, 0, 0, 0, 0),
(@GUID + 5, 48229, 36, 3, 1, 0, 1, -113.044, -406.789, 59.8837, 5.54514, 7200, 0, 0, 0, 0, 0, 0, 0, 0),
(@GUID + 6, 48229, 36, 3, 1, 0, 1, -156.281, -402.259, 56.8312, 4.71239, 7200, 0, 0, 0, 0, 0, 0, 0, 0),
(@GUID + 7, 48229, 36, 3, 1, 0, 1, -126.455, -441.102, 55.5273, 4.43314, 7200, 0, 0, 0, 0, 0, 0, 0, 0),
(@GUID + 8, 48229, 36, 3, 1, 0, 1, -112.92, -445.181, 55.6213, 5.39307, 7200, 0, 0, 0, 0, 0, 0, 0, 0),
(@GUID + 9, 48229, 36, 3, 1, 0, 1, -144.486, -398.705, 57.6826, 1.64061, 7200, 0, 0, 0, 0, 0, 0, 0, 0),
(@GUID + 10, 48229, 36, 3, 1, 0, 1, -161.342, -394.634, 57.2797, 1.69297, 7200, 0, 0, 0, 0, 0, 0, 0, 0),
(@GUID + 11, 48229, 36, 3, 1, 0, 1, -127.992, -385.281, 59.1074, 3.25964, 7200, 0, 0, 0, 0, 0, 0, 0, 0),
(@GUID + 12, 48229, 36, 3, 1, 0, 1, -151.472, -396.198, 56.9747, 1.90241, 7200, 0, 0, 0, 0, 0, 0, 0, 0),
(@GUID + 13, 48229, 36, 3, 1, 0, 1, -83.7736, -395.482, 58.9039, 0.504468, 7200, 0, 0, 0, 0, 0, 0, 0, 0),
(@GUID + 14, 48229, 36, 3, 1, 0, 1, -114.643, -373.407, 58.9752, 2.65881, 7200, 0, 0, 0, 0, 0, 0, 0, 0);

REPLACE INTO `creature_equip_template` (`entry`, `itemEntry1`, `itemEntry2`, `itemEntry3`) VALUES
(48229, 1910, 0, 0),
(48834, 1910, 0, 0);

DELETE FROM `creature_template_emote` WHERE `entry` IN (48229, 48834);
INSERT INTO `creature_template_emote` (`entry`,`emote`) VALUES
(48229, 233),
(48834, 233);

DELETE FROM `smart_scripts` WHERE `entryorguid`=48229 AND `source_type`=0;
INSERT INTO `smart_scripts` (`entryorguid`,`source_type`,`id`,`link`,`event_type`,`event_phase_mask`,`event_chance`,`event_flags`,`event_param1`,`event_param2`,`event_param3`,`event_param4`,`action_type`,`action_param1`,`action_param2`,`action_param3`,`action_param4`,`action_param5`,`action_param6`,`target_type`,`target_param1`,`target_param2`,`target_param3`,`target_x`,`target_y`,`target_z`,`target_o`,`comment`) VALUES 
(48229,0,0,0,0,0,100,0,5000,5000,9000,12000,11,89663,0,0,0,0,0,2,0,0,0,0.0,0.0,0.0,0.0,"Cast Candle Blast");

DELETE FROM `creature_loot_template` WHERE `entry` IN (48229, 48834);
INSERT INTO `creature_loot_template` (`entry`,`item`,`ChanceOrQuestChance`,`lootmode`,`groupid`,`mincountOrRef`,`maxcount`) VALUES
(48229, 361, 100, 1, 0, -361, 1), --  Dead Mines trash loot normal
(48834, 362, 100, 1, 0, -362, 1); --  Dead Mines trash loot heroic
/*---------------------------------------------------------------------------------------------------------------*/

/*---------------------------------------------------------------------------------------------------------------*/
--  Ogre Henchman
SET @GUID = (SELECT MAX(`guid`) FROM `creature`);
INSERT INTO `creature` (`guid`,`id`,`map`,`spawnMask`,`phaseMask`,`modelid`,`equipment_id`,`position_x`,`position_y`,`position_z`,`orientation`,`spawntimesecs`,`spawndist`,`currentwaypoint`,`curhealth`,`curmana`,`MovementType`,`npcflag`,`unit_flags`,`dynamicflags`) VALUES
(@GUID + 1, 48230, 36, 3, 1, 0, 0, -118.641, -442.641, 54.4156, 4.95864, 7200, 0, 0, 0, 0, 2, 0, 0, 0),
(@GUID + 2, 48230, 36, 3, 1, 0, 0, -167.379, -400.325, 56.9069, 5.02655, 7200, 0, 0, 0, 0, 2, 0, 0, 0),
(@GUID + 3, 48230, 36, 3, 1, 0, 0, -94.6537, -399.69, 57.98510, 2.87052, 7200, 0, 0, 0, 0, 2, 0, 0, 0);

DELETE FROM `smart_scripts` WHERE `entryorguid` = 48230 AND `source_type` = 0;
INSERT INTO `smart_scripts` (`entryorguid`,`source_type`,`id`,`link`,`event_type`,`event_phase_mask`,`event_chance`,`event_flags`,`event_param1`,`event_param2`,`event_param3`,`event_param4`,`action_type`,`action_param1`,`action_param2`,`action_param3`,`action_param4`,`action_param5`,`action_param6`,`target_type`,`target_param1`,`target_param2`,`target_param3`,`target_x`,`target_y`,`target_z`,`target_o`,`comment`) VALUES 
(48230,0,0,0,0,0,100,0,5000,5000,12000,14000,11,91045,0,0,0,0,0,2,0,0,0,0.0,0.0,0.0,0.0,"Cast Uppercut"),
(48230,0,1,0,2,0,100,1,0,25,0,0,11,89652,0,0,0,0,0,19,48229,0,0,0.0,0.0,0.0,0.0,"Cast Ogrish Motivation at 25% HP"),
(48230,0,4,0,4,0,100,0,0,0,0,0,28,46598,0,0,0,0,0,11,48266,10,10,0.0,0.0,0.0,0.0,"Exit vehicle on aggro");

DELETE FROM `conditions` WHERE `SourceTypeOrReferenceId` = 13 AND `SourceEntry` IN (89652, 91043);
INSERT INTO `conditions` (`SourceTypeOrReferenceId`, `SourceGroup`, `SourceEntry`, `SourceId`, `ElseGroup`, `ConditionTypeOrReference`, `ConditionTarget`, `ConditionValue1`, `ConditionValue2`, `ConditionValue3`, `NegativeCondition`, `ErrorType`, `ErrorTextId`, `ScriptName`, `Comment`) VALUES
(13, 3, 89652, 0, 0, 31, 0, 3, 48229, 0, 0, 0, 0, '', ''),
(13, 3, 91043, 0, 0, 31, 0, 3, 48229, 0, 0, 0, 0, '', '');

DELETE FROM `waypoint_data` WHERE `id` IN (@GUID + 1, @GUID + 2, @GUID + 3);
INSERT INTO `waypoint_data` (`id`,`point`,`position_x`,`position_y`,`position_z`) VALUES
(@GUID + 1, 1, -118.641, -442.641, 54.4156),
(@GUID + 1, 2, -117.664, -436.15, 54.9022),
(@GUID + 1, 3, -117.202, -428.717, 54.8937),
(@GUID + 1, 4, -117.465, -424.71, 55.3251),
(@GUID + 1, 5, -118.962, -419.809, 56.9092),
(@GUID + 1, 6, -122.101, -414.764, 58.2753),
(@GUID + 1, 7, -118.962, -419.809, 56.9092),
(@GUID + 1, 8, -117.465, -424.71, 55.3251),
(@GUID + 1, 9, -117.202, -428.717, 54.8937),
(@GUID + 1, 10, -117.664, -436.15, 54.9022),
(@GUID + 1, 11, -118.641, -442.641, 54.4156),
(@GUID + 2, 1, -167.379, -400.325, 56.9069),
(@GUID + 2, 2, -160.502, -398.609, 56.4091),
(@GUID + 2, 3, -153.35, -399.203, 56.5528),
(@GUID + 2, 4, -147.949, -402.042, 56.9437),
(@GUID + 2, 5, -138.443, -401.21, 58.5608),
(@GUID + 2, 6, -147.949, -402.042, 56.9437),
(@GUID + 2, 7, -153.35, -399.203, 56.5528),
(@GUID + 2, 8, -160.502, -398.609, 56.4091),
(@GUID + 2, 9, -167.379, -400.325, 56.9069),
(@GUID + 3, 1, -94.6537, -399.69, 57.9851),
(@GUID + 3, 2, -100.015, -395.951, 58.3677),
(@GUID + 3, 3, -106.296, -392.856, 57.545),
(@GUID + 3, 4, -111.417, -392.774, 57.0647),
(@GUID + 3, 5, -117.859, -396.643, 57.0714),
(@GUID + 3, 6, -122.451, -401.273, 58.0663),
(@GUID + 3, 7, -126.963, -404.363, 58.4675),
(@GUID + 3, 8, -122.451, -401.273, 58.0663),
(@GUID + 3, 9, -117.859, -396.643, 57.0714),
(@GUID + 3, 10, -111.417, -392.774, 57.0647),
(@GUID + 3, 11, -106.296, -392.856, 57.545),
(@GUID + 3, 12, -100.015, -395.951, 58.3677),
(@GUID + 3, 13, -94.6537, -399.69, 57.9851);

DELETE FROM `creature_path` WHERE `guid` BETWEEN @GUID + 1 AND @GUID + 3;
INSERT INTO `creature_path` (`guid`,`path`) VALUES
(@GUID + 1, @GUID + 1),
(@GUID + 2, @GUID + 2),
(@GUID + 3, @GUID + 3);

DELETE FROM `creature_loot_template` WHERE `entry` IN (48230, 48829);
INSERT INTO `creature_loot_template` (`entry`,`item`,`ChanceOrQuestChance`,`lootmode`,`groupid`,`mincountOrRef`,`maxcount`) VALUES
(48230, 361, 100, 1, 0, -361, 1), --  Dead Mines trash loot normal
(48829, 362, 100, 1, 0, -362, 1); --  Dead Mines trash loot heroic
/*---------------------------------------------------------------------------------------------------------------*/

/*---------------------------------------------------------------------------------------------------------------*/
--  Ogre Bodyguard
SET @GUID = (SELECT MAX(`guid`) FROM `creature`);
INSERT INTO `creature` (`guid`,`id`,`map`,`spawnMask`,`phaseMask`,`modelid`,`equipment_id`,`position_x`,`position_y`,`position_z`,`orientation`,`spawntimesecs`,`spawndist`,`currentwaypoint`,`curhealth`,`curmana`,`MovementType`,`npcflag`,`unit_flags`,`dynamicflags`) VALUES
(@GUID + 1, 48262, 36, 3, 1, 0, 1, -190.826, -425.172, 54.1097, 5.89921, 7200, 0, 0, 0, 0, 0, 0, 0, 0),
(@GUID + 2, 48262, 36, 3, 1, 0, 1, -185.094, -428.71, 54.1505, 2.54818, 7200, 0, 0, 0, 0, 0, 0, 0, 0);

DELETE FROM `smart_scripts` WHERE `source_type` = 0 AND `entryorguid` = 48262;
INSERT INTO `smart_scripts` (`entryorguid`,`source_type`,`id`,`link`,`event_type`,`event_phase_mask`,`event_chance`,`event_flags`,`event_param1`,`event_param2`,`event_param3`,`event_param4`,`action_type`,`action_param1`,`action_param2`,`action_param3`,`action_param4`,`action_param5`,`action_param6`,`target_type`,`target_param1`,`target_param2`,`target_param3`,`target_x`,`target_y`,`target_z`,`target_o`,`comment`) VALUES 
(48262,0,0,0,0,0,100,0,4000,8000,14000,17000,11,91050,0,0,0,0,0,2,0,0,0,0,0,0,0,"Cast Bonk"),
(48262,0,1,0,2,0,100,1,0,30,0,0,11,91053,0,0,0,0,0,1,0,0,0,0,0,0,0,"Cast Frenzy at 30% HP");

REPLACE INTO `creature_equip_template` (`entry`, `itemEntry1`, `itemEntry2`, `itemEntry3`) VALUES
(48262, 14527, 0, 0),
(48830, 14527, 0, 0);

DELETE FROM `creature_loot_template` WHERE `entry` IN (48262, 48830);
INSERT INTO `creature_loot_template` (`entry`,`item`,`ChanceOrQuestChance`,`lootmode`,`groupid`,`mincountOrRef`,`maxcount`) VALUES
(48262, 361, 100, 1, 0, -361, 1), --  Dead Mines trash loot normal
(48830, 362, 100, 1, 0, -362, 1); --  Dead Mines trash loot heroic
/*---------------------------------------------------------------------------------------------------------------*/

/*---------------------------------------------------------------------------------------------------------------*/
--  Defias Cannon
SET @GUID = (SELECT MAX(`guid`) FROM `creature`);
INSERT INTO `creature` (`guid`,`id`,`map`,`spawnMask`,`phaseMask`,`modelid`,`equipment_id`,`position_x`,`position_y`,`position_z`,`orientation`,`spawntimesecs`,`spawndist`,`currentwaypoint`,`curhealth`,`curmana`,`MovementType`,`npcflag`,`unit_flags`,`dynamicflags`) VALUES
(@GUID + 1, 48266, 36, 3, 1, 0, 0, -30.2622, -793.069, 19.237, 0.802851, 7200, 0, 0, 0, 0, 0, 0, 0, 0),
(@GUID + 2, 48266, 36, 3, 1, 0, 0, -40.0035, -793.302, 39.4754, 1.0472, 7200, 0, 0, 0, 0, 0, 0, 0, 0),
(@GUID + 3, 48266, 36, 3, 1, 0, 0, -58.6424, -787.132, 39.3505, 1.39626, 7200, 0, 0, 0, 0, 0, 0, 0, 0),
(@GUID + 4, 48266, 36, 3, 1, 0, 0, -46.8142, -783.2, 18.4933, 1.16937, 7200, 0, 0, 0, 0, 0, 0, 0, 0),
(@GUID + 5, 48266, 36, 3, 1, 0, 0, -72.1059, -786.894, 39.5538, 1.64061, 7200, 0, 0, 0, 0, 0, 0, 0, 0),
(@GUID + 6, 48266, 36, 3, 1, 0, 0, -89.2569, -782.528, 17.2564, 1.55334, 7200, 0, 0, 0, 0, 0, 0, 0, 0),
(@GUID + 7, 48266, 36, 3, 1, 0, 0, -122.925, -388.813, 59.0769, 0.401426, 7200, 0, 0, 0, 0, 0, 0, 0, 0),
(@GUID + 8, 48266, 36, 3, 1, 0, 0, -82.3142, -775.5, 26.8933, 1.72788, 7200, 0, 0, 0, 0, 0, 0, 0, 0);

DELETE FROM `npc_spellclick_spells` WHERE `npc_entry` IN (48266, 48913);
INSERT INTO `npc_spellclick_spells` (`npc_entry`,`spell_id`,`cast_flags`,`user_type`)VALUES
(48266, 47020, 1, 0),
(48913, 47020, 1, 0);

DELETE FROM `vehicle_template_accessory` WHERE `entry` IN (48266, 48913);
/*---------------------------------------------------------------------------------------------------------------*/

/*---------------------------------------------------------------------------------------------------------------*/
--  Goblin Overseer
SET @GUID = (SELECT MAX(`guid`) FROM `creature`);
INSERT INTO `creature` (`guid`,`id`,`map`,`spawnMask`,`phaseMask`,`modelid`,`equipment_id`,`position_x`,`position_y`,`position_z`,`orientation`,`spawntimesecs`,`spawndist`,`currentwaypoint`,`curhealth`,`curmana`,`MovementType`,`npcflag`,`unit_flags`,`dynamicflags`) VALUES
(@GUID + 1, 48279, 36, 3, 1, 0, 0, -153.231, -531.007, 49.7449, 3.1765, 7200, 0, 0, 0, 0, 0, 0, 0, 0),
(@GUID + 2, 48279, 36, 3, 1, 0, 0, -151.997, -518.648, 52.7741, 0.593412, 7200, 0, 0, 0, 0, 0, 0, 0, 0),
(@GUID + 3, 48279, 36, 3, 1, 0, 0, -156.708, -519.698, 52.5334, 3.9968, 7200, 0, 0, 0, 0, 0, 0, 0, 0),
(@GUID + 4, 48279, 36, 3, 1, 0, 0, -159.293, -507.467, 53.403, 0.226893, 7200, 0, 0, 0, 0, 0, 0, 0, 0),
(@GUID + 5, 48279, 36, 3, 1, 0, 0, -234.918, -487.356, 48.5705, 3.80482, 7200, 0, 0, 0, 0, 0, 0, 0, 0),
(@GUID + 6, 48279, 36, 3, 1, 0, 0, -194.712, -491.557, 53.7048, 3.03687, 7200, 0, 0, 0, 0, 0, 0, 0, 0),
(@GUID + 7, 48279, 36, 3, 1, 0, 0, -180.778, -491.405, 54.2247, 6.24828, 7200, 0, 0, 0, 0, 0, 0, 0, 0),
(@GUID + 8, 48279, 36, 3, 1, 0, 0, -222.868, -484.705, 48.864, 0.226893, 7200, 0, 0, 0, 0, 0, 0, 0, 0);

DELETE FROM `smart_scripts` WHERE `source_type` = 0 AND `entryorguid` = 48279;
INSERT INTO `smart_scripts` (`entryorguid`,`source_type`,`id`,`link`,`event_type`,`event_phase_mask`,`event_chance`,`event_flags`,`event_param1`,`event_param2`,`event_param3`,`event_param4`,`action_type`,`action_param1`,`action_param2`,`action_param3`,`action_param4`,`action_param5`,`action_param6`,`target_type`,`target_param1`,`target_param2`,`target_param3`,`target_x`,`target_y`,`target_z`,`target_o`,`comment`) VALUES 
(48279,0,0,0,4,0,100,1,0,0,0,0,11,91034,0,0,0,0,0,1,0,0,0,0,0,0,0,"Cast Threatening Shout on Aggro"),
(48279,0,1,0,0,0,100,0,3000,4000,8000,12000,11,91036,1,0,0,0,0,5,0,0,0,0,0,0,0,"Cast Motivate");

DELETE FROM `creature_loot_template` WHERE `entry` IN (48279, 48819);
INSERT INTO `creature_loot_template` (`entry`,`item`,`ChanceOrQuestChance`,`lootmode`,`groupid`,`mincountOrRef`,`maxcount`) VALUES
(48279, 361, 100, 1, 0, -361, 1), --  Dead Mines trash loot normal
(48819, 362, 100, 1, 0, -362, 1); --  Dead Mines trash loot heroic
/*---------------------------------------------------------------------------------------------------------------*/

/*---------------------------------------------------------------------------------------------------------------*/
--  Goblin Craftsman
SET @GUID = (SELECT MAX(`guid`) FROM `creature`);
INSERT INTO `creature` (`guid`,`id`,`map`,`spawnMask`,`phaseMask`,`modelid`,`equipment_id`,`position_x`,`position_y`,`position_z`,`orientation`,`spawntimesecs`,`spawndist`,`currentwaypoint`,`curhealth`,`curmana`,`MovementType`,`npcflag`,`unit_flags`,`dynamicflags`) VALUES
(@GUID + 1, 48280, 36, 3, 1, 0, 0, -283.125, -478.135, 49.102, 2.16684, 7200, 0, 0, 0, 0, 0, 0, 0, 0),
(@GUID + 2, 48280, 36, 3, 1, 0, 0, -272.104, -488.595, 49.2876, 5.79361, 7200, 0, 0, 0, 0, 0, 0, 0, 0),
(@GUID + 3, 48280, 36, 3, 1, 0, 0, -217.95, -598.425, 23.3113, 2.02458, 7200, 0, 0, 0, 0, 0, 0, 0, 0),
(@GUID + 4, 48280, 36, 3, 1, 0, 0, -234.089, -587.472, 19.3898, 3.59538, 7200, 0, 0, 0, 0, 0, 0, 0, 0),
(@GUID + 5, 48280, 36, 3, 1, 0, 0, -214.366, -587.153, 21.0601, 6.24828, 7200, 0, 0, 0, 0, 0, 0, 0, 0),
(@GUID + 6, 48280, 36, 3, 1, 0, 0, -223.089, -575.111, 21.0601, 3.68265, 7200, 0, 0, 0, 0, 0, 0, 0, 0),
(@GUID + 7, 48280, 36, 3, 1, 0, 0, -235.134, -569.219, 19.3898, 5.18363, 7200, 0, 0, 0, 0, 0, 0, 0, 0),
(@GUID + 8, 48280, 36, 3, 1, 0, 0, -185.151, -559.092, 19.3898, 3.07178, 7200, 0, 0, 0, 0, 0, 0, 0, 0),
(@GUID + 9, 48280, 36, 3, 1, 0, 0, -180.807, -561.872, 51.3129, 0.506145, 7200, 0, 0, 0, 0, 0, 0, 0, 0),
(@GUID + 10, 48280, 36, 3, 1, 0, 0, -205.578, -561.946, 21.0601, 1.37881, 7200, 0, 0, 0, 0, 0, 0, 0, 0),
(@GUID + 11, 48280, 36, 3, 1, 0, 0, -228.839, -561.601, 51.3129, 3.45575, 7200, 0, 0, 0, 0, 0, 0, 0, 0),
(@GUID + 12, 48280, 36, 3, 1, 0, 0, -206.753, -554.3, 51.3129, 5.13127, 7200, 0, 0, 0, 0, 0, 0, 0, 0);

DELETE FROM `creature_aura` WHERE `guid` BETWEEN @GUID + 1 AND @GUID + 12;
INSERT INTO `creature_aura` (`guid`,`aura`) VALUES
(@GUID + 1, 70628),
(@GUID + 2, 70628),
(@GUID + 3, 70628),
(@GUID + 4, 70628),
(@GUID + 5, 70628),
(@GUID + 6, 70628),
(@GUID + 7, 70628),
(@GUID + 8, 70628),
(@GUID + 9, 70628),
(@GUID + 10, 70628),
(@GUID + 11, 70628),
(@GUID + 12, 70628);
/*---------------------------------------------------------------------------------------------------------------*/

/*---------------------------------------------------------------------------------------------------------------*/
--  Mining Powder
SET @GUID = (SELECT MAX(`guid`) FROM `creature`);
INSERT INTO `creature` (`guid`,`id`,`map`,`spawnMask`,`phaseMask`,`modelid`,`equipment_id`,`position_x`,`position_y`,`position_z`,`orientation`,`spawntimesecs`,`spawndist`,`currentwaypoint`,`curhealth`,`curmana`,`MovementType`,`npcflag`,`unit_flags`,`dynamicflags`) VALUES
(@GUID + 1, 48284, 36, 3, 1, 0, 0, -96.1215, -662.59, 7.49677, 0, 7200, 0, 0, 0, 0, 0, 0, 0, 0),
(@GUID + 2, 48284, 36, 3, 1, 0, 0, -109.484, -621.764, 14.7253, 0, 7200, 0, 0, 0, 0, 0, 0, 0, 0),
(@GUID + 3, 48284, 36, 3, 1, 0, 0, -136.859, -630.3, 14.8651, 0, 7200, 0, 0, 0, 0, 0, 0, 0, 0),
(@GUID + 4, 48284, 36, 3, 1, 0, 0, -127.288, -599.422, 16.8903, 0, 7200, 0, 0, 0, 0, 0, 0, 0, 0),
(@GUID + 5, 48284, 36, 3, 1, 0, 0, -309.047, -599.332, 48.3192, 0, 7200, 0, 0, 0, 0, 0, 0, 0, 0),
(@GUID + 6, 48284, 36, 3, 1, 0, 0, -297.931, -587.67, 48.3103, 0, 7200, 0, 0, 0, 0, 0, 0, 0, 0),
(@GUID + 7, 48284, 36, 3, 1, 0, 0, -296.92, -560.755, 49.4307, 0, 7200, 0, 0, 0, 0, 0, 0, 0, 0),
(@GUID + 8, 48284, 36, 3, 1, 0, 0, -276.222, -579.795, 50.4263, 0, 7200, 0, 0, 0, 0, 0, 0, 0, 0),
(@GUID + 9, 48284, 36, 3, 1, 0, 0, -302.448, -504.391, 49.5412, 0, 7200, 0, 0, 0, 0, 0, 0, 0, 0),
(@GUID + 10, 48284, 36, 3, 1, 0, 0, -250.729, -584.616, 51.2278, 0, 7200, 0, 0, 0, 0, 0, 0, 0, 0),
(@GUID + 11, 48284, 36, 3, 1, 0, 0, -284.227, -550.545, 49.5303, 0, 7200, 0, 0, 0, 0, 0, 0, 0, 0),
(@GUID + 12, 48284, 36, 3, 1, 0, 0, -146.743, -586.997, 18.936, 0, 7200, 0, 0, 0, 0, 0, 0, 0, 0),
(@GUID + 13, 48284, 36, 3, 1, 0, 0, -158.859, -533.128, 52.419, 0, 7200, 0, 0, 0, 0, 0, 0, 0, 0),
(@GUID + 14, 48284, 36, 3, 1, 0, 0, -146.592, -528.896, 52.0218, 0, 7200, 0, 0, 0, 0, 0, 0, 0, 0),
(@GUID + 15, 48284, 36, 3, 1, 0, 0, -153.231, -532.743, 49.6474, 0, 7200, 0, 0, 0, 0, 0, 0, 0, 0),
(@GUID + 16, 48284, 36, 3, 1, 0, 0, -154.483, -532.689, 49.8082, 0, 7200, 0, 0, 0, 0, 0, 0, 0, 0),
(@GUID + 17, 48284, 36, 3, 1, 0, 0, -150.373, -533.181, 49.6118, 0, 7200, 0, 0, 0, 0, 0, 0, 0, 0),
(@GUID + 18, 48284, 36, 3, 1, 0, 0, -275.771, -502.406, 50.0816, 0, 7200, 0, 0, 0, 0, 0, 0, 0, 0),
(@GUID + 19, 48284, 36, 3, 1, 0, 0, -153.854, -533.601, 49.6608, 0, 7200, 0, 0, 0, 0, 0, 0, 0, 0),
(@GUID + 20, 48284, 36, 3, 1, 0, 0, -149.479, -533.724, 49.7047, 0, 7200, 0, 0, 0, 0, 0, 0, 0, 0),
(@GUID + 21, 48284, 36, 3, 1, 0, 0, -149.052, -523.596, 52.4815, 0, 7200, 0, 0, 0, 0, 0, 0, 0, 0),
(@GUID + 22, 48284, 36, 3, 1, 0, 0, -149.915, -524.575, 52.2205, 0, 7200, 0, 0, 0, 0, 0, 0, 0, 0),
(@GUID + 23, 48284, 36, 3, 1, 0, 0, -158.8, -531.5, 52.4572, 0, 7200, 0, 0, 0, 0, 0, 0, 0, 0),
(@GUID + 24, 48284, 36, 3, 1, 0, 0, -249.444, -492.528, 49.2208, 0, 7200, 0, 0, 0, 0, 0, 0, 0, 0),
(@GUID + 25, 48284, 36, 3, 1, 0, 0, -206.377, -511.821, 51.6158, 0, 7200, 0, 0, 0, 0, 0, 0, 0, 0),
(@GUID + 26, 48284, 36, 3, 1, 0, 0, -228.181, -491.986, 48.785, 0, 7200, 0, 0, 0, 0, 0, 0, 0, 0),
(@GUID + 27, 48284, 36, 3, 1, 0, 0, -192.785, -495.118, 53.5662, 0, 7200, 0, 0, 0, 0, 0, 0, 0, 0),
(@GUID + 28, 48284, 36, 3, 1, 0, 0, -213.526, -496.017, 49.7937, 0, 7200, 0, 0, 0, 0, 0, 0, 0, 0),
(@GUID + 29, 48284, 36, 3, 1, 0, 0, -182.821, -485.785, 54.1321, 0, 7200, 0, 0, 0, 0, 0, 0, 0, 0),
(@GUID + 30, 48284, 36, 3, 1, 0, 0, -179.148, -425.917, 55.0343, 0, 7200, 0, 0, 0, 0, 0, 0, 0, 0),
(@GUID + 31, 48284, 36, 3, 1, 0, 0, -142.698, -398.715, 57.988, 0, 7200, 0, 0, 0, 0, 0, 0, 0, 0),
(@GUID + 32, 48284, 36, 3, 1, 0, 0, -168.455, -396.632, 57.568, 0, 7200, 0, 0, 0, 0, 0, 0, 0, 0),
(@GUID + 33, 48284, 36, 3, 1, 0, 0, -137.866, -413.403, 58.772, 0, 7200, 0, 0, 0, 0, 0, 0, 0, 0),
(@GUID + 34, 48284, 36, 3, 1, 0, 0, -123.663, -395.759, 58.4454, 0, 7200, 0, 0, 0, 0, 0, 0, 0, 0),
(@GUID + 35, 48284, 36, 3, 1, 0, 0, -117.422, -412.74, 58.5219, 0, 7200, 0, 0, 0, 0, 0, 0, 0, 0),
(@GUID + 36, 48284, 36, 3, 1, 0, 0, -98.1962, -388.095, 58.9235, 0, 7200, 0, 0, 0, 0, 0, 0, 0, 0);
/*---------------------------------------------------------------------------------------------------------------*/

/*---------------------------------------------------------------------------------------------------------------*/
--  Mine Bunny <Refreshments>
SET @GUID = (SELECT MAX(`guid`) FROM `creature`);
INSERT INTO `creature` (`guid`,`id`,`map`,`spawnMask`,`phaseMask`,`modelid`,`equipment_id`,`position_x`,`position_y`,`position_z`,`orientation`,`spawntimesecs`,`spawndist`,`currentwaypoint`,`curhealth`,`curmana`,`MovementType`,`npcflag`,`unit_flags`,`dynamicflags`) VALUES
(@GUID + 1, 48338, 36, 3, 1, 0, 0, -186.303, -491.93, 53.6174, 4.41967, 7200, 0, 0, 0, 0, 2, 0, 0, 0);

DELETE FROM `creature_aura` WHERE `guid` = @GUID + 1;
INSERT INTO `creature_aura` (`guid`,`aura`) VALUES
(@GUID + 1, 89842);

DELETE FROM `waypoint_data` WHERE `id` = @GUID + 1;
INSERT INTO `waypoint_data` (`id`,`point`,`position_x`,`position_y`,`position_z`) VALUES
(@GUID + 1, 1, -186.303, -491.93, 53.6174),
(@GUID + 1, 2, -188.039, -497.963, 53.369),
(@GUID + 1, 3, -191.774, -502.193, 52.8427),
(@GUID + 1, 4, -195.587, -503.603, 53.2512),
(@GUID + 1, 5, -199.849, -504.443, 53.4057),
(@GUID + 1, 6, -205.965, -505.277, 51.9595),
(@GUID + 1, 7, -209.596, -503.654, 51.4706),
(@GUID + 1, 8, -212.378, -501.181, 51.2543),
(@GUID + 1, 9, -213.485, -500.014, 50.201),
(@GUID + 1, 10, -217.201, -495.716, 49.2135),
(@GUID + 1, 11, -221.033, -490.787, 48.4649),
(@GUID + 1, 12, -224.914, -486.608, 48.5499),
(@GUID + 1, 13, -231.433, -484.829, 48.8286),
(@GUID + 1, 14, -238.464, -483.483, 49.1613),
(@GUID + 1, 15, -231.433, -484.829, 48.8286),
(@GUID + 1, 16, -224.914, -486.608, 48.5499),
(@GUID + 1, 17, -221.033, -490.787, 48.4649),
(@GUID + 1, 18, -217.201, -495.716, 49.2135),
(@GUID + 1, 19, -213.485, -500.014, 50.201),
(@GUID + 1, 20, -212.378, -501.181, 51.2543),
(@GUID + 1, 21, -209.596, -503.654, 51.4706),
(@GUID + 1, 22, -205.965, -505.277, 51.9595),
(@GUID + 1, 23, -199.849, -504.443, 53.4057),
(@GUID + 1, 24, -195.587, -503.603, 53.2512),
(@GUID + 1, 25, -191.774, -502.193, 52.8427),
(@GUID + 1, 26, -188.039, -497.963, 53.369),
(@GUID + 1, 27, -186.303, -491.93, 53.6174);

DELETE FROM `creature_path` WHERE `guid` = @GUID + 1;
INSERT INTO `creature_path` (`guid`,`path`) VALUES
(@GUID + 1, @GUID + 1);

DELETE FROM `vehicle_template_accessory` WHERE `entry` = 48338;
INSERT INTO `vehicle_template_accessory` (`entry`,`accessory_entry`,`seat_id`,`minion`,`description`) VALUES
(48338, 48340, 0, 0, ''),
(48338, 48341, 1, 0, ''),
(48338, 48341, 2, 0, ''),
(48338, 48342, 3, 0, ''),
(48338, 48343, 4, 0, '');

DELETE FROM `npc_spellclick_spells` WHERE `npc_entry` = 48338;
INSERT INTO `npc_spellclick_spells` (`npc_entry`,`spell_id`,`cast_flags`,`user_type`)VALUES
(48338, 46598, 1, 0);
/*---------------------------------------------------------------------------------------------------------------*/

/*---------------------------------------------------------------------------------------------------------------*/
--  Mine Bunny <Refreshments>
SET @GUID = (SELECT MAX(`guid`) FROM `creature`);
INSERT INTO `creature` (`guid`,`id`,`map`,`spawnMask`,`phaseMask`,`modelid`,`equipment_id`,`position_x`,`position_y`,`position_z`,`orientation`,`spawntimesecs`,`spawndist`,`currentwaypoint`,`curhealth`,`curmana`,`MovementType`,`npcflag`,`unit_flags`,`dynamicflags`) VALUES
(@GUID + 1, 48351, 36, 3, 1, 0, 0, -238.749, -485.442, 48.9801, 2.51883, 7200, 0, 0, 0, 0, 2, 0, 0, 0);

DELETE FROM `creature_aura` WHERE `guid` = @GUID + 1;
INSERT INTO `creature_aura` (`guid`,`aura`) VALUES
(@GUID + 1, 89842);

DELETE FROM `waypoint_data` WHERE `id` = @GUID + 1;
INSERT INTO `waypoint_data` (`id`,`point`,`position_x`,`position_y`,`position_z`) VALUES
(@GUID + 1, 1, -238.749, -485.442, 48.9801),
(@GUID + 1, 2, -234.244, -486.33, 48.6189),
(@GUID + 1, 3, -229.579, -487.861, 48.4432),
(@GUID + 1, 4, -225.383, -490.295, 48.1975),
(@GUID + 1, 5, -222.105, -494.523, 48.2644),
(@GUID + 1, 6, -218.885, -498.436, 49.1253),
(@GUID + 1, 7, -217.123, -501.156, 50.7106),
(@GUID + 1, 8, -214.485, -503.456, 50.852),
(@GUID + 1, 9, -207.502, -507.189, 51.505),
(@GUID + 1, 10, -203.019, -507.57, 52.2427),
(@GUID + 1, 11, -198.453, -506.838, 53.0869),
(@GUID + 1, 12, -192.699, -505.196, 53.204),
(@GUID + 1, 13, -188.811, -503.425, 52.7898),
(@GUID + 1, 14, -185.473, -499.68, 53.1997),
(@GUID + 1, 15, -185.279, -494.474, 53.651),
(@GUID + 1, 16, -185.473, -499.68, 53.1997),
(@GUID + 1, 17, -188.811, -503.425, 52.7898),
(@GUID + 1, 18, -192.699, -505.196, 53.204),
(@GUID + 1, 19, -198.453, -506.838, 53.0869),
(@GUID + 1, 20, -203.019, -507.57, 52.2427),
(@GUID + 1, 21, -207.502, -507.189, 51.505),
(@GUID + 1, 22, -214.485, -503.456, 50.852),
(@GUID + 1, 23, -217.123, -501.156, 50.7106),
(@GUID + 1, 24, -218.885, -498.436, 49.1253),
(@GUID + 1, 25, -222.105, -494.523, 48.2644),
(@GUID + 1, 26, -225.383, -490.295, 48.1975),
(@GUID + 1, 27, -229.579, -487.861, 48.4432),
(@GUID + 1, 28, -234.244, -486.33, 48.6189),
(@GUID + 1, 29, -238.749, -485.442, 48.9801);

DELETE FROM `creature_path` WHERE `guid` = @GUID + 1;
INSERT INTO `creature_path` (`guid`,`path`) VALUES
(@GUID + 1, @GUID + 1);

DELETE FROM `vehicle_template_accessory` WHERE `entry` = 48351;
INSERT INTO `vehicle_template_accessory` (`entry`,`accessory_entry`,`seat_id`,`minion`,`description`) VALUES
(48351, 48340, 0, 0, ''),
(48351, 48341, 1, 0, ''),
(48351, 48341, 2, 0, ''),
(48351, 48342, 3, 0, ''),
(48351, 48343, 4, 0, '');

DELETE FROM `npc_spellclick_spells` WHERE `npc_entry` = 48351;
INSERT INTO `npc_spellclick_spells` (`npc_entry`,`spell_id`,`cast_flags`,`user_type`)VALUES
(48351, 46598, 1, 0);
/*---------------------------------------------------------------------------------------------------------------*/

/*---------------------------------------------------------------------------------------------------------------*/
--  Defias Blood Wizard
SET @GUID = (SELECT MAX(`guid`) FROM `creature`);
INSERT INTO `creature` (`guid`,`id`,`map`,`spawnMask`,`phaseMask`,`modelid`,`equipment_id`,`position_x`,`position_y`,`position_z`,`orientation`,`spawntimesecs`,`spawndist`,`currentwaypoint`,`curhealth`,`curmana`,`MovementType`,`npcflag`,`unit_flags`,`dynamicflags`) VALUES
(@GUID + 1, 48417, 36, 3, 1, 0, 1, -100.917, -653.893, 7.42376, 2.04013, 7200, 0, 0, 0, 0, 0, 0, 0, 0),
(@GUID + 2, 48417, 36, 3, 1, 0, 1, -147.119, -579.134, 18.7646, 3.24965, 7200, 0, 0, 0, 0, 0, 0, 0, 0),
(@GUID + 3, 48417, 36, 3, 1, 0, 1, -105.001, -656.008, 7.42376, 2.06369, 7200, 0, 0, 0, 0, 0, 0, 0, 0),
(@GUID + 4, 48417, 36, 3, 1, 0, 1, -142.305, -578.924, 18.7341, 3.17897, 7200, 0, 0, 0, 0, 0, 0, 0, 0),
(@GUID + 5, 48417, 36, 3, 1, 0, 1, -128.564, -620.531, 12.9484, 1.76278, 7200, 0, 0, 0, 0, 0, 0, 0, 0);

DELETE FROM `smart_scripts` WHERE `source_type` = 0 AND `entryorguid` = 48417;
INSERT INTO `smart_scripts` (`entryorguid`,`source_type`,`id`,`link`,`event_type`,`event_phase_mask`,`event_chance`,`event_flags`,`event_param1`,`event_param2`,`event_param3`,`event_param4`,`action_type`,`action_param1`,`action_param2`,`action_param3`,`action_param4`,`action_param5`,`action_param6`,`target_type`,`target_param1`,`target_param2`,`target_param3`,`target_x`,`target_y`,`target_z`,`target_o`,`comment`) VALUES 
(48417,0,0,0,4,0,100,1,0,0,0,0,22,1,0,0,0,0,0,1,0,0,0,0,0,0,0,"Set Phase 1 on Aggro"),
(48417,0,1,0,4,1,100,1,0,0,0,0,21,0,0,0,0,0,0,1,0,0,0,0,0,0,0,"Stop Moving on Aggro"),
(48417,0,2,0,4,1,100,1,0,0,0,0,11,90938,0,0,0,0,0,2,0,0,0,0,0,0,0,"Cast bolt on Aggro"),
(48417,0,3,0,9,1,100,0,0,40,3400,4700,11,90938,0,0,0,0,0,2,0,0,0,0,0,0,0,"Cast bolt"),
(48417,0,4,0,9,1,100,0,40,100,0,0,21,1,0,0,0,0,0,1,0,0,0,0,0,0,0,"Start Moving when not in bolt Range"),
(48417,0,5,0,9,1,100,0,10,15,0,0,21,0,0,0,0,0,0,1,0,0,0,0,0,0,0,"Stop Moving at 15 Yards"),
(48417,0,6,0,9,1,100,0,0,40,0,0,21,0,0,0,0,0,0,1,0,0,0,0,0,0,0,"Stop Moving when in bolt Range"),
(48417,0,7,0,3,1,100,0,0,15,0,0,22,2,0,0,0,0,0,1,0,0,0,0,0,0,0,"Set Phase 2 at 15% Mana"),
(48417,0,8,0,3,2,100,0,0,15,0,0,21,1,0,0,0,0,0,1,0,0,0,0,0,0,0,"Start Moving at 15% Mana"),
(48417,0,9,0,3,2,100,0,30,100,100,100,22,1,0,0,0,0,0,1,0,0,0,0,0,0,0,"Set Phase 1 When Mana is above 30%"),
(48417,0,10,0,2,2,100,1,0,15,0,0,22,3,0,0,0,0,0,1,0,0,0,0,0,0,0,"Set Phase 3 at 15% HP"),
(48417,0,11,0,2,3,100,1,0,15,0,0,25,1,0,0,0,0,0,1,0,0,0,0,0,0,0,"Flee at 15% HP"),
(48417,0,12,0,7,3,100,1,0,0,0,0,22,0,0,0,0,0,0,1,0,0,0,0,0,0,0,"Reset on Evade"),
(48417,0,13,0,0,1,100,0,5000,5000,35000,35000,11,90932,0,0,0,0,0,1,0,0,0,0,0,0,0,"Cast Ragezone"),
(48417,0,14,0,16,1,100,4,90947,30,12000,14000,11,90947,0,0,0,0,0,7,0,0,0,0,0,0,0,"Cast Bloodwash on Friendlies");

REPLACE INTO `creature_equip_template` (`entry`, `itemEntry1`, `itemEntry2`, `itemEntry3`) VALUES
(48417, 35220, 0, 0),
(48792, 35220, 0, 0);

DELETE FROM `creature_loot_template` WHERE `entry` IN (48417, 48792);
INSERT INTO `creature_loot_template` (`entry`,`item`,`ChanceOrQuestChance`,`lootmode`,`groupid`,`mincountOrRef`,`maxcount`) VALUES
(48417, 1929, 4, 1, 0, 1, 1),     --  Silk-Threaded Trousers normal
(48417, 361, 100, 1, 0, -361, 1), --  Dead Mines trash loot normal
(48792, 362, 100, 1, 0, -362, 1); --  Dead Mines trash loot heroic
/*---------------------------------------------------------------------------------------------------------------*/

/*---------------------------------------------------------------------------------------------------------------*/
--  Defias Envoker
SET @GUID = (SELECT MAX(`guid`) FROM `creature`);
INSERT INTO `creature` (`guid`,`id`,`map`,`spawnMask`,`phaseMask`,`modelid`,`equipment_id`,`position_x`,`position_y`,`position_z`,`orientation`,`spawntimesecs`,`spawndist`,`currentwaypoint`,`curhealth`,`curmana`,`MovementType`,`npcflag`,`unit_flags`,`dynamicflags`) VALUES
(@GUID + 1, 48418, 36, 3, 1, 0, 1, -303.938, -591.526, 47.7476, 1.20867, 7200, 0, 0, 0, 0, 0, 0, 0, 0),
(@GUID + 2, 48418, 36, 3, 1, 0, 1, -290.561, -558.894, 48.8241, 1.6025, 7200, 0, 0, 0, 0, 0, 0, 0, 0),
(@GUID + 3, 48418, 36, 3, 1, 0, 1, -279.427, -592.419, 51.0893, 3.82091, 7200, 0, 0, 0, 0, 0, 0, 0, 0);

DELETE FROM `smart_scripts` WHERE `entryorguid` = 48418 AND `source_type` = 0;
INSERT INTO `smart_scripts` (`entryorguid`,`source_type`,`id`,`link`,`event_type`,`event_phase_mask`,`event_chance`,`event_flags`,`event_param1`,`event_param2`,`event_param3`,`event_param4`,`action_type`,`action_param1`,`action_param2`,`action_param3`,`action_param4`,`action_param5`,`action_param6`,`target_type`,`target_param1`,`target_param2`,`target_param3`,`target_x`,`target_y`,`target_z`,`target_o`,`comment`) VALUES 
(48418,0,0,0,4,0,100,1,0,0,0,0,22,1,0,0,0,0,0,1,0,0,0,0.0,0.0,0.0,0.0,"Set Phase 1 on Aggro"),
(48418,0,1,0,4,1,100,1,0,0,0,0,21,0,0,0,0,0,0,1,0,0,0,0.0,0.0,0.0,0.0,"Stop Moving on Aggro"),
(48418,0,2,0,4,1,100,1,0,0,0,0,11,91004,0,0,0,0,0,2,0,0,0,0.0,0.0,0.0,0.0,"Cast bolt on Aggro"),
(48418,0,3,0,9,1,100,0,0,40,3400,4700,11,91004,0,0,0,0,0,2,0,0,0,0.0,0.0,0.0,0.0,"Cast bolt"),
(48418,0,4,0,9,1,100,0,40,100,0,0,21,1,0,0,0,0,0,1,0,0,0,0.0,0.0,0.0,0.0,"Start Moving when not in bolt Range"),
(48418,0,5,0,9,1,100,0,10,15,0,0,21,0,0,0,0,0,0,1,0,0,0,0.0,0.0,0.0,0.0,"Stop Moving at 15 Yards"),
(48418,0,6,0,9,1,100,0,0,40,0,0,21,0,0,0,0,0,0,1,0,0,0,0.0,0.0,0.0,0.0,"Stop Moving when in bolt Range"),
(48418,0,7,0,3,1,100,0,0,15,0,0,22,2,0,0,0,0,0,1,0,0,0,0.0,0.0,0.0,0.0,"Set Phase 2 at 15% Mana"),
(48418,0,8,0,3,2,100,0,0,15,0,0,21,1,0,0,0,0,0,1,0,0,0,0.0,0.0,0.0,0.0,"Start Moving at 15% Mana"),
(48418,0,9,0,3,2,100,0,30,100,100,100,22,1,0,0,0,0,0,1,0,0,0,0.0,0.0,0.0,0.0,"Set Phase 1 When Mana is above 30%"),
(48418,0,10,0,2,2,100,1,0,15,0,0,22,3,0,0,0,0,0,1,0,0,0,0.0,0.0,0.0,0.0,"Set Phase 3 at 15% HP"),
(48418,0,11,0,2,3,100,1,0,15,0,0,25,1,0,0,0,0,0,1,0,0,0,0.0,0.0,0.0,0.0,"Flee at 15% HP"),
(48418,0,12,0,7,3,100,1,0,0,0,0,22,0,0,0,0,0,0,1,0,0,0,0.0,0.0,0.0,0.0,"Reset on Evade"),
(48418,0,13,0,11,0,100,5,0,0,0,0,11,92001,0,0,0,0,0,1,0,0,0,0.0,0.0,0.0,0.0,"Cast Envoker's Shield on Spawn"),
(48418,0,14,0,0,0,100,0,1500,5100,7000,21000,11,91006,0,0,0,0,0,2,0,0,0,0.0,0.0,0.0,0.0,"Cast Renegade Strength");

DELETE FROM `conditions` WHERE `SourceTypeOrReferenceId` = 13 AND `SourceEntry` IN (90047, 91006);
INSERT INTO `conditions` (`SourceTypeOrReferenceId`, `SourceGroup`, `SourceEntry`, `SourceId`, `ElseGroup`, `ConditionTypeOrReference`, `ConditionTarget`, `ConditionValue1`, `ConditionValue2`, `ConditionValue3`, `NegativeCondition`, `ErrorType`, `ErrorTextId`, `ScriptName`, `Comment`) VALUES
(13, 1, 90047, 0, 0, 31, 0, 3, 48419, 0, 0, 0, 0, '', ''),
(13, 1, 91006, 0, 0, 31, 0, 3, 48419, 0, 0, 0, 0, '', '');

DELETE FROM `creature_template_aura` WHERE `entry` IN (48418, 48812);
INSERT INTO `creature_template_aura` (`entry`,`aura`) VALUES
(48418, 92001),
(48812, 92001);

REPLACE INTO `creature_equip_template` (`entry`, `itemEntry1`, `itemEntry2`, `itemEntry3`) VALUES
(48418, 29432, 0, 0),
(48812, 29432, 0, 0);

DELETE FROM `creature_loot_template` WHERE `entry` IN (48418, 48812);
INSERT INTO `creature_loot_template` (`entry`,`item`,`ChanceOrQuestChance`,`lootmode`,`groupid`,`mincountOrRef`,`maxcount`) VALUES
(48418, 1929, 4, 1, 0, 1, 1),     --  Silk-Threaded Trousers normal
(48418, 361, 100, 1, 0, -361, 1), --  Dead Mines trash loot normal
(48812, 362, 100, 1, 0, -362, 1); --  Dead Mines trash loot heroic
/*---------------------------------------------------------------------------------------------------------------*/

/*---------------------------------------------------------------------------------------------------------------*/
--  Defias Miner
SET @GUID = (SELECT MAX(`guid`) FROM `creature`);
INSERT INTO `creature` (`guid`,`id`,`map`,`spawnMask`,`phaseMask`,`modelid`,`equipment_id`,`position_x`,`position_y`,`position_z`,`orientation`,`spawntimesecs`,`spawndist`,`currentwaypoint`,`curhealth`,`curmana`,`MovementType`,`npcflag`,`unit_flags`,`dynamicflags`) VALUES
(@GUID + 1, 48419, 36, 3, 1, 0, 1, -283.194, -560.475, 49.5551, 6.22002, 7200, 0, 0, 0, 0, 0, 0, 0, 0),
(@GUID + 2, 48419, 36, 3, 1, 0, 1, -275.874, -594.335, 51.609, 5.96813, 7200, 0, 0, 0, 0, 0, 0, 0, 0),
(@GUID + 3, 48419, 36, 3, 1, 0, 1, -269.312, -573.031, 50.5773, 1.71678, 7200, 0, 0, 0, 0, 0, 0, 0, 0),
(@GUID + 4, 48419, 36, 3, 1, 0, 1, -290.551, -607.002, 47.8339, 5.60493, 7200, 0, 0, 0, 0, 0, 0, 0, 0),
(@GUID + 5, 48419, 36, 3, 1, 0, 1, -288.743, -605.001, 48.2009, 5.60348, 7200, 0, 0, 0, 0, 0, 0, 0, 0),
(@GUID + 6, 48419, 36, 3, 1, 0, 1, -262.915, -571.334, 51.0197, 1.51139, 7200, 0, 0, 0, 0, 0, 0, 0, 0),
(@GUID + 7, 48419, 36, 3, 1, 0, 1, -284.466, -566.513, 49.3471, 6.00403, 7200, 0, 0, 0, 0, 0, 0, 0, 0);

DELETE FROM `smart_scripts` WHERE `source_type` = 0 AND `entryorguid` = 48419;
INSERT INTO `smart_scripts` (`entryorguid`,`source_type`,`id`,`link`,`event_type`,`event_phase_mask`,`event_chance`,`event_flags`,`event_param1`,`event_param2`,`event_param3`,`event_param4`,`action_type`,`action_param1`,`action_param2`,`action_param3`,`action_param4`,`action_param5`,`action_param6`,`target_type`,`target_param1`,`target_param2`,`target_param3`,`target_x`,`target_y`,`target_z`,`target_o`,`comment`) VALUES 
(48419,0,0,0,2,0,100,1,0,30,0,0,11,90994,0,0,0,0,0,1,0,0,0,0,0,0,0,"Cast Tunnel at 30% HP"),
(48419,0,1,0,2,0,100,5,0,15,0,0,11,91010,0,0,0,0,0,1,0,0,0,0,0,0,0,"Cast Renegade Strength at 15% HP");

DELETE FROM `creature_template_emote` WHERE `entry` IN (48419,48811);
INSERT INTO `creature_template_emote` (`entry`,`emote`) VALUES
(48419, 233),
(48811, 233);

REPLACE INTO `creature_equip_template` (`entry`, `itemEntry1`, `itemEntry2`, `itemEntry3`) VALUES
(48419, 11762, 0, 0),
(48811, 11762, 0, 0);

DELETE FROM `creature_loot_template` WHERE `entry` IN (48419, 48811);
INSERT INTO `creature_loot_template` (`entry`,`item`,`ChanceOrQuestChance`,`lootmode`,`groupid`,`mincountOrRef`,`maxcount`) VALUES
(48419, 1930, 4, 1, 0, 1, 1),     --  Stonemason Cloak normal
(48419, 361, 100, 1, 0, -361, 1), --  Dead Mines trash loot normal
(48811, 362, 100, 1, 0, -362, 1); --  Dead Mines trash loot heroic
/*---------------------------------------------------------------------------------------------------------------*/

/*---------------------------------------------------------------------------------------------------------------*/
--  Defias Digger
SET @GUID = (SELECT MAX(`guid`) FROM `creature`);
INSERT INTO `creature` (`guid`,`id`,`map`,`spawnMask`,`phaseMask`,`modelid`,`equipment_id`,`position_x`,`position_y`,`position_z`,`orientation`,`spawntimesecs`,`spawndist`,`currentwaypoint`,`curhealth`,`curmana`,`MovementType`,`npcflag`,`unit_flags`,`dynamicflags`) VALUES
(@GUID + 1, 48420, 36, 3, 1, 0, 1, -293.134, -607.764, 47.7178, 3.90954, 7200, 0, 0, 0, 0, 0, 0, 0, 0),
(@GUID + 2, 48420, 36, 3, 1, 0, 1, -295.639, -592.243, 49.3058, 1.23918, 7200, 0, 0, 0, 0, 0, 0, 0, 0);

DELETE FROM `smart_scripts` WHERE `source_type` = 0 AND `entryorguid` = 48420;
INSERT INTO `smart_scripts` (`entryorguid`,`source_type`,`id`,`link`,`event_type`,`event_phase_mask`,`event_chance`,`event_flags`,`event_param1`,`event_param2`,`event_param3`,`event_param4`,`action_type`,`action_param1`,`action_param2`,`action_param3`,`action_param4`,`action_param5`,`action_param6`,`target_type`,`target_param1`,`target_param2`,`target_param3`,`target_x`,`target_y`,`target_z`,`target_o`,`comment`) VALUES 
(48420,0,0,0,2,0,100,1,0,30,0,0,11,90994,0,0,0,0,0,1,0,0,0,0,0,0,0,"Cast Tunnel at 30% HP");

DELETE FROM `creature_template_emote` WHERE `entry` IN (48420, 48810);
INSERT INTO `creature_template_emote` (`entry`,`emote`) VALUES
(48420, 233),
(48810, 233);

REPLACE INTO `creature_equip_template` (`entry`, `itemEntry1`, `itemEntry2`, `itemEntry3`) VALUES
(48810, 1910, 0, 0),
(48420, 1910, 0, 0);

DELETE FROM `creature_loot_template` WHERE `entry` IN (48420, 48810);
INSERT INTO `creature_loot_template` (`entry`,`item`,`ChanceOrQuestChance`,`lootmode`,`groupid`,`mincountOrRef`,`maxcount`) VALUES
(48420, 1926, 4, 1, 0, 1, 1),     --  Weighted Sap normal
(48420, 361, 100, 1, 0, -361, 1), --  Dead Mines trash loot normal
(48810, 362, 100, 1, 0, -362, 1); --  Dead Mines trash loot heroic
/*---------------------------------------------------------------------------------------------------------------*/

/*---------------------------------------------------------------------------------------------------------------*/
--  Defias Overseer
SET @GUID = (SELECT MAX(`guid`) FROM `creature`);
INSERT INTO `creature` (`guid`,`id`,`map`,`spawnMask`,`phaseMask`,`modelid`,`equipment_id`,`position_x`,`position_y`,`position_z`,`orientation`,`spawntimesecs`,`spawndist`,`currentwaypoint`,`curhealth`,`curmana`,`MovementType`,`npcflag`,`unit_flags`,`dynamicflags`) VALUES
(@GUID + 1, 48421, 36, 3, 1, 0, 1, -301.835, -599.546, 47.9795, 6.23574, 7200, 0, 0, 0, 0, 2, 0, 0, 0),
(@GUID + 2, 48421, 36, 3, 1, 0, 1, -297.667, -602.611, 47.4652, 5.52601, 7200, 0, 0, 0, 0, 2, 0, 0, 0);

REPLACE INTO `creature_equip_template` (`entry`, `itemEntry1`, `itemEntry2`, `itemEntry3`) VALUES
(48421, 1896, 0, 0),
(48914, 1896, 0, 0);

DELETE FROM `waypoint_data` WHERE `id` IN (@GUID + 1, @GUID + 2);
INSERT INTO `waypoint_data` (`id`,`point`,`position_x`,`position_y`,`position_z`) VALUES
(@GUID + 1, 1, -301.835, -599.546, 47.9795),
(@GUID + 1, 2, -302.581, -592.588, 47.9752),
(@GUID + 1, 3, -301.051, -585.344, 47.32),
(@GUID + 1, 4, -298.107, -579.684, 47.4699),
(@GUID + 1, 5, -295.21, -573.443, 48.546),
(@GUID + 1, 6, -291.925, -565.028, 49.122),
(@GUID + 1, 7, -291.217, -561.047, 48.872),
(@GUID + 1, 8, -291.925, -565.028, 49.122),
(@GUID + 1, 9, -295.21, -573.443, 48.546),
(@GUID + 1, 10, -298.107, -579.684, 47.4699),
(@GUID + 1, 11, -301.051, -585.344, 47.32),
(@GUID + 1, 12, -302.581, -592.588, 47.9752),
(@GUID + 1, 13, -301.835, -599.546, 47.9795),
(@GUID + 2, 1, -297.667, -602.611, 47.4652),
(@GUID + 2, 2, -291.862, -601.657, 47.6464),
(@GUID + 2, 3, -286.65, -599.134, 48.6655),
(@GUID + 2, 4, -283.29, -595.814, 49.8902),
(@GUID + 2, 5, -280.163, -591.931, 51.1437),
(@GUID + 2, 6, -276.852, -587.441, 50.1889),
(@GUID + 2, 7, -272.915, -582.812, 50.242),
(@GUID + 2, 8, -268.483, -579.673, 50.2206),
(@GUID + 2, 9, -263.572, -578.103, 50.5738),
(@GUID + 2, 10, -268.483, -579.673, 50.2206),
(@GUID + 2, 11, -272.915, -582.812, 50.242),
(@GUID + 2, 12, -276.852, -587.441, 50.1889),
(@GUID + 2, 13, -280.163, -591.931, 51.1437),
(@GUID + 2, 14, -283.29, -595.814, 49.8902),
(@GUID + 2, 15, -286.65, -599.134, 48.6655),
(@GUID + 2, 16, -291.862, -601.657, 47.6464),
(@GUID + 2, 17, -301.835, -599.546, 47.9795);

DELETE FROM `creature_path` WHERE `guid` IN (@GUID + 1, @GUID + 2);
INSERT INTO `creature_path`(`guid`,`path`) VALUES
(@GUID + 1, @GUID + 1),
(@GUID + 2, @GUID + 2);

DELETE FROM `creature_loot_template` WHERE `entry` IN (48421, 48914);
INSERT INTO `creature_loot_template` (`entry`,`item`,`ChanceOrQuestChance`,`lootmode`,`groupid`,`mincountOrRef`,`maxcount`) VALUES
(48421, 10401, 2, 1, 1, 1, 1),    --  Blackened Defias Gloves
(48421, 10400, 2, 1, 1, 1, 1),    --  Blackened Defias Leggings
(48421, 361, 100, 1, 0, -361, 1), --  Dead Mines trash loot normal
(48914, 362, 100, 1, 0, -362, 1); --  Dead Mines trash loot heroic
/*---------------------------------------------------------------------------------------------------------------*/

/*---------------------------------------------------------------------------------------------------------------*/
--  Goblin Engineer
SET @GUID = (SELECT MAX(`guid`) FROM `creature`);
INSERT INTO `creature` (`guid`,`id`,`map`,`spawnMask`,`phaseMask`,`modelid`,`equipment_id`,`position_x`,`position_y`,`position_z`,`orientation`,`spawntimesecs`,`spawndist`,`currentwaypoint`,`curhealth`,`curmana`,`MovementType`,`npcflag`,`unit_flags`,`dynamicflags`) VALUES
(@GUID + 1, 48439, 36, 3, 1, 0, 1, -273.826, -477.703, 49.2435, 1.04438, 7200, 0, 0, 0, 0, 0, 0, 0, 0),
(@GUID + 2, 48439, 36, 3, 1, 0, 1, -277.722, -495.944, 49.6921, 4.76221, 7200, 0, 0, 0, 0, 0, 0, 0, 0),
(@GUID + 3, 48439, 36, 3, 1, 0, 1, -206.177, -608.375, 29.0938, 3.49066, 7200, 0, 0, 0, 0, 0, 0, 0, 0),
(@GUID + 4, 48439, 36, 3, 1, 0, 1, -203, -589.443, 21.0601, 4.01426, 7200, 0, 0, 0, 0, 0, 0, 0, 0),
(@GUID + 5, 48439, 36, 3, 1, 0, 1, -183.33, -593.04, 40.1064, 0.314159, 7200, 0, 0, 0, 0, 0, 0, 0, 0),
(@GUID + 6, 48439, 36, 3, 1, 0, 1, -195.891, -600.521, 33.9845, 1.39626, 7200, 0, 0, 0, 0, 0, 0, 0, 0),
(@GUID + 7, 48439, 36, 3, 1, 0, 1, -216.05, -578.45, 21.0601, 0.593412, 7200, 0, 0, 0, 0, 0, 0, 0, 0),
(@GUID + 8, 48439, 36, 3, 1, 0, 1, -198.247, -571.009, 21.0601, 3.52556, 7200, 0, 0, 0, 0, 0, 0, 0, 0),
(@GUID + 9, 48439, 36, 3, 1, 0, 1, -222.319, -561.106, 19.3898, 2.35619, 7200, 0, 0, 0, 0, 0, 0, 0, 0),
(@GUID + 10, 48439, 36, 3, 1, 0, 1, -182.872, -574.391, 48.223, 3.64774, 7200, 0, 0, 0, 0, 0, 0, 0, 0),
(@GUID + 11, 48439, 36, 3, 1, 0, 1, -211.707, -561.788, 21.0601, 6.14356, 7200, 0, 0, 0, 0, 0, 0, 0, 0);

DELETE FROM `creature_aura` WHERE `guid` BETWEEN @GUID + 1 AND @GUID + 11;
INSERT INTO `creature_aura` (`guid`,`aura`) VALUES
(@GUID + 1, 70628),
(@GUID + 2, 70628),
(@GUID + 3, 70628),
(@GUID + 4, 70628),
(@GUID + 5, 70628),
(@GUID + 6, 70628),
(@GUID + 7, 70628),
(@GUID + 8, 70628),
(@GUID + 9, 70628),
(@GUID + 10, 70628),
(@GUID + 11, 70628);

REPLACE INTO `creature_equip_template` (`entry`, `itemEntry1`, `itemEntry2`, `itemEntry3`) VALUES
(48439, 1911, 0, 2552);

DELETE FROM `spell_script_names` WHERE `spell_id` = 70628;
INSERT INTO `spell_script_names` VALUES
(70628, 'spell_creature_permanent_feign_death');
/*---------------------------------------------------------------------------------------------------------------*/

/*---------------------------------------------------------------------------------------------------------------*/
--  Mining Monkey
SET @GUID = (SELECT MAX(`guid`) FROM `creature`);
INSERT INTO `creature` (`guid`,`id`,`map`,`spawnMask`,`phaseMask`,`modelid`,`equipment_id`,`position_x`,`position_y`,`position_z`,`orientation`,`spawntimesecs`,`spawndist`,`currentwaypoint`,`curhealth`,`curmana`,`MovementType`,`npcflag`,`unit_flags`,`dynamicflags`) VALUES
(@GUID + 1, 48278, 36, 3, 1, 0, 1, -157.344, -507.266, 53.5206, 0.645772, 7200, 0, 0, 0, 0, 0, 0, 0, 0),
(@GUID + 2, 48278, 36, 3, 1, 0, 1, -237.546, -489.285, 50.1272, 4.47889, 7200, 0, 0, 0, 0, 0, 0, 0, 0),
(@GUID + 3, 48278, 36, 3, 1, 0, 1, -157.717, -520.205, 52.495, 2.30383, 7200, 0, 0, 0, 0, 0, 0, 0, 0),
(@GUID + 4, 48278, 36, 3, 1, 0, 1, -159.908, -529.783, 52.3288, 3.01942, 7200, 0, 0, 0, 0, 0, 0, 0, 0);

REPLACE INTO `creature_equip_template` (`entry`, `itemEntry1`, `itemEntry2`, `itemEntry3`) VALUES
(48278, 0, 62052, 0),
(48823, 0, 62052, 0);

DELETE FROM `creature_loot_template` WHERE `entry` IN (48278, 48823);
INSERT INTO `creature_loot_template` (`entry`,`item`,`ChanceOrQuestChance`,`lootmode`,`groupid`,`mincountOrRef`,`maxcount`) VALUES
(48278, 361, 100, 1, 0, -361, 1), --  Dead Mines trash loot normal
(48823, 362, 100, 1, 0, -362, 1); --  Dead Mines trash loot heroic
/*---------------------------------------------------------------------------------------------------------------*/

/*---------------------------------------------------------------------------------------------------------------*/
--  Mining Monkey
SET @GUID = (SELECT MAX(`guid`) FROM `creature`);
INSERT INTO `creature` (`guid`,`id`,`map`,`spawnMask`,`phaseMask`,`modelid`,`equipment_id`,`position_x`,`position_y`,`position_z`,`orientation`,`spawntimesecs`,`spawndist`,`currentwaypoint`,`curhealth`,`curmana`,`MovementType`,`npcflag`,`unit_flags`,`dynamicflags`) VALUES
(@GUID + 1, 48440, 36, 3, 1, 0, 1, -168.326, -510.337, 53.5563, 4.71239, 7200, 0, 0, 0, 0, 0, 0, 0, 0),
(@GUID + 2, 48440, 36, 3, 1, 0, 1, -204.718, -501.141, 52.2176, 1.36423, 7200, 0, 0, 0, 0, 0, 0, 0, 0);

REPLACE INTO `creature_equip_template` (`entry`, `itemEntry1`, `itemEntry2`, `itemEntry3`) VALUES
(48440, 0, 62052, 0),
(48824, 0, 62052, 0);

DELETE FROM `creature_loot_template` WHERE `entry` IN (48440, 48824);
INSERT INTO `creature_loot_template` (`entry`,`item`,`ChanceOrQuestChance`,`lootmode`,`groupid`,`mincountOrRef`,`maxcount`) VALUES
(48440, 361, 100, 1, 0, -361, 1), --  Dead Mines trash loot normal
(48824, 362, 100, 1, 0, -362, 1); --  Dead Mines trash loot heroic
/*---------------------------------------------------------------------------------------------------------------*/

/*---------------------------------------------------------------------------------------------------------------*/
--  Mining Monkey
SET @GUID = (SELECT MAX(`guid`) FROM `creature`);
INSERT INTO `creature` (`guid`,`id`,`map`,`spawnMask`,`phaseMask`,`modelid`,`equipment_id`,`position_x`,`position_y`,`position_z`,`orientation`,`spawntimesecs`,`spawndist`,`currentwaypoint`,`curhealth`,`curmana`,`MovementType`,`npcflag`,`unit_flags`,`dynamicflags`) VALUES
(@GUID + 1, 48441, 36, 3, 1, 0, 1, -196.951, -491.497, 53.9342, 3.78958, 7200, 0, 0, 0, 0, 0, 0, 0, 0),
(@GUID + 2, 48441, 36, 3, 1, 0, 1, -193.252, -507.371, 53.1976, 5.30146, 7200, 0, 0, 0, 0, 0, 0, 0, 0),
(@GUID + 3, 48441, 36, 3, 1, 0, 1, -150.635, -518.189, 52.9936, 0.767945, 7200, 0, 0, 0, 0, 0, 0, 0, 0),
(@GUID + 4, 48441, 36, 3, 1, 0, 1, -147.781, -532.668, 50.3866, 5.8294, 7200, 0, 0, 0, 0, 0, 0, 0, 0),
(@GUID + 5, 48441, 36, 3, 1, 0, 1, -154.549, -530.686, 49.8494, 3.71755, 7200, 0, 0, 0, 0, 0, 0, 0, 0),
(@GUID + 6, 48441, 36, 3, 1, 0, 1, -211.425, -512.82, 50.7959, 5.03597, 7200, 0, 0, 0, 0, 0, 0, 0, 0),
(@GUID + 7, 48441, 36, 3, 1, 0, 1, -182.795, -504.174, 53.5316, 5.01182, 7200, 0, 0, 0, 0, 0, 0, 0, 0),
(@GUID + 8, 48441, 36, 3, 1, 0, 1, -178.544, -491.298, 54.3014, 6.2383, 7200, 0, 0, 0, 0, 0, 0, 0, 0);

REPLACE INTO `creature_equip_template` (`entry`, `itemEntry1`, `itemEntry2`, `itemEntry3`) VALUES
(48441, 0, 62052, 0),
(48826, 0, 62052, 0);

DELETE FROM `creature_loot_template` WHERE `entry` IN (48441, 48826);
INSERT INTO `creature_loot_template` (`entry`,`item`,`ChanceOrQuestChance`,`lootmode`,`groupid`,`mincountOrRef`,`maxcount`) VALUES
(48441, 361, 100, 1, 0, -361, 1), --  Dead Mines trash loot normal
(48826, 362, 100, 1, 0, -362, 1); --  Dead Mines trash loot heroic
/*---------------------------------------------------------------------------------------------------------------*/

/*---------------------------------------------------------------------------------------------------------------*/
--  Mining Monkey
SET @GUID = (SELECT MAX(`guid`) FROM `creature`);
INSERT INTO `creature` (`guid`,`id`,`map`,`spawnMask`,`phaseMask`,`modelid`,`equipment_id`,`position_x`,`position_y`,`position_z`,`orientation`,`spawntimesecs`,`spawndist`,`currentwaypoint`,`curhealth`,`curmana`,`MovementType`,`npcflag`,`unit_flags`,`dynamicflags`) VALUES
(@GUID + 1, 48442, 36, 3, 1, 0, 1, -220.211, -484.615, 49.3392, 0.767752, 7200, 0, 0, 0, 0, 0, 0, 0, 0),
(@GUID + 2, 48442, 36, 3, 1, 0, 1, -220.086, -503.245, 50.2777, 2.99514, 7200, 0, 0, 0, 0, 0, 0, 0, 0);

REPLACE INTO `creature_equip_template` (`entry`, `itemEntry1`, `itemEntry2`, `itemEntry3`) VALUES
(48442, 0, 62052, 0),
(48827, 0, 62052, 0);

DELETE FROM `creature_loot_template` WHERE `entry` IN (48442, 48827);
INSERT INTO `creature_loot_template` (`entry`,`item`,`ChanceOrQuestChance`,`lootmode`,`groupid`,`mincountOrRef`,`maxcount`) VALUES
(48442, 361, 100, 1, 0, -361, 1), --  Dead Mines trash loot normal
(48827, 362, 100, 1, 0, -362, 1); --  Dead Mines trash loot heroic
/*---------------------------------------------------------------------------------------------------------------*/

/*---------------------------------------------------------------------------------------------------------------*/
--  Oaf Lackey
SET @GUID = (SELECT MAX(`guid`) FROM `creature`);
INSERT INTO `creature` (`guid`,`id`,`map`,`spawnMask`,`phaseMask`,`modelid`,`equipment_id`,`position_x`,`position_y`,`position_z`,`orientation`,`spawntimesecs`,`spawndist`,`currentwaypoint`,`curhealth`,`curmana`,`MovementType`,`npcflag`,`unit_flags`,`dynamicflags`) VALUES
(@GUID + 1, 48445, 36, 3, 1, 0, 1, -289.293, -505.339, 50.0923, 1.53589, 7200, 0, 0, 0, 0, 0, 0, 0, 0),
(@GUID + 2, 48445, 36, 3, 1, 0, 1, -289.375, -501.925, 50.2008, 4.60767, 7200, 0, 0, 0, 0, 0, 0, 0, 0),
(@GUID + 3, 48445, 36, 3, 1, 0, 1, -258.451, -482.17, 49.5311, 6.19592, 7200, 0, 0, 0, 0, 0, 0, 0, 0);

DELETE FROM `smart_scripts` WHERE `source_type` = 0 AND `entryorguid` = 48445;
INSERT INTO `smart_scripts` (`entryorguid`,`source_type`,`id`,`link`,`event_type`,`event_phase_mask`,`event_chance`,`event_flags`,`event_param1`,`event_param2`,`event_param3`,`event_param4`,`action_type`,`action_param1`,`action_param2`,`action_param3`,`action_param4`,`action_param5`,`action_param6`,`target_type`,`target_param1`,`target_param2`,`target_param3`,`target_x`,`target_y`,`target_z`,`target_o`,`comment`) VALUES 
(48445,0,0,0,4,0,100,1,0,0,0,0,11,90098,0,0,0,0,0,2,0,0,0,0,0,0,0,"Cast Axe to the Head on Aggro"),
(48445,0,1,0,2,0,100,1,0,30,0,0,11,8599,0,0,0,0,0,1,0,0,0,0,0,0,0,"Cast Enrage at 30% HP");

DELETE FROM `creature_template_emote` WHERE `entry` IN (48445, 48814);
INSERT INTO `creature_template_emote` (`entry`,`emote`) VALUES
(48445, 333),
(48814, 333);

REPLACE INTO `creature_equip_template` (`entry`, `itemEntry1`, `itemEntry2`, `itemEntry3`) VALUES
(48445, 10612, 0, 0),
(48814, 10612, 0, 0);

DELETE FROM `creature_loot_template` WHERE `entry` IN (48445, 48814);
INSERT INTO `creature_loot_template` (`entry`,`item`,`ChanceOrQuestChance`,`lootmode`,`groupid`,`mincountOrRef`,`maxcount`) VALUES
(48445, 361, 100, 1, 0, -361, 1), --  Dead Mines trash loot normal
(48814, 362, 100, 1, 0, -362, 1); --  Dead Mines trash loot heroic
/*---------------------------------------------------------------------------------------------------------------*/

/*---------------------------------------------------------------------------------------------------------------*/
--  Monstrous Parrot
SET @GUID = (SELECT MAX(`guid`) FROM `creature`);
INSERT INTO `creature` (`guid`,`id`,`map`,`spawnMask`,`phaseMask`,`modelid`,`equipment_id`,`position_x`,`position_y`,`position_z`,`orientation`,`spawntimesecs`,`spawndist`,`currentwaypoint`,`curhealth`,`curmana`,`MovementType`,`npcflag`,`unit_flags`,`dynamicflags`) VALUES
(@GUID + 1, 48447, 36, 3, 1, 0, 0, 6.05991, -777.161, 21.6317, 4.37226, 7200, 17, 0, 0, 0, 1, 0, 0, 0),
(@GUID + 2, 48447, 36, 3, 1, 0, 0, -15.3006, -731.997, 20.37818, 4.537924, 7200, 17, 0, 0, 0, 1, 0, 0, 0),
(@GUID + 3, 48447, 36, 3, 1, 0, 0, -20.6553, -736.403, 20.68416, 4.93502, 7200, 17, 0, 0, 0, 1, 0, 0, 0),
(@GUID + 4, 48447, 36, 3, 1, 0, 0, -57.6328, -727.075, 20.8742, 4.52519, 7200, 17, 0, 0, 0, 1, 0, 0, 0);

DELETE FROM `smart_scripts` WHERE `source_type` = 0 AND `entryorguid` = 48447;
INSERT INTO `smart_scripts` (`entryorguid`,`source_type`,`id`,`link`,`event_type`,`event_phase_mask`,`event_chance`,`event_flags`,`event_param1`,`event_param2`,`event_param3`,`event_param4`,`action_type`,`action_param1`,`action_param2`,`action_param3`,`action_param4`,`action_param5`,`action_param6`,`target_type`,`target_param1`,`target_param2`,`target_param3`,`target_x`,`target_y`,`target_z`,`target_o`,`comment`) VALUES 
(48447,0,0,0,0,0,100,0,4000,4900,9000,12000,11,90913,0,0,0,0,0,2,0,0,0,0,0,0,0,"Cast Eye Gouge"),
(48447,0,1,0,0,0,100,0,7000,9000,16000,19000,11,90920,0,0,0,0,0,2,0,0,0,0,0,0,0,"Cast Eye Peck");

DELETE FROM `reference_loot_template` WHERE `entry` IN (48447, 48781);
INSERT INTO `reference_loot_template` (`entry`,`item`,`ChanceOrQuestChance`,`lootmode`,`groupid`,`mincountOrRef`,`maxcount`) VALUES
--  Normal
(48447,818,4,1,0,1,1),                  --  Tigerseye
(48447,5114,65,1,0,1,1),                --  Severed Talon
(48447,5115,23,1,0,1,1),                --  Broken Wishbone
(48447,7997,2,1,0,1,1),                 --  Red Defias Mask
--  Heroic
(48781, 67510, 70, 1, 0, 1, 1),         --  Ragged Down
(48781, 67511, 20, 1, 0, 1, 1),         --  Pristine Talon
(48781, 100000, 4, 1, 0, -100000, 1),   --  Uncommon Recipes
(48781, 100001, 2, 1, 0, -100001, 1),   --  Rare Recipes
(48781, 100002, 0.5, 1, 0, -100002, 1); --  Boe epic

DELETE FROM `creature_loot_template` WHERE `entry` IN (48447, 48781);
INSERT INTO `creature_loot_template` (`entry`,`item`,`ChanceOrQuestChance`,`lootmode`,`groupid`,`mincountOrRef`,`maxcount`) VALUES
(48447, 48447, 100, 1, 0, -48447, 1), --  Dead Mines parrot loot normal
(48781, 48781, 100, 1, 0, -48781, 1); --  Dead Mines parrot loot heroic
/*---------------------------------------------------------------------------------------------------------------*/

/*---------------------------------------------------------------------------------------------------------------*/
--  Sunwing Squawker
SET @GUID = (SELECT MAX(`guid`) FROM `creature`);
INSERT INTO `creature` (`guid`,`id`,`map`,`spawnMask`,`phaseMask`,`modelid`,`equipment_id`,`position_x`,`position_y`,`position_z`,`orientation`,`spawntimesecs`,`spawndist`,`currentwaypoint`,`curhealth`,`curmana`,`MovementType`,`npcflag`,`unit_flags`,`dynamicflags`) VALUES
(@GUID + 1, 48450, 36, 3, 1, 0, 0, -24.9526, -735.759, 20.55884, 5.52866, 7200, 17, 0, 0, 0, 1, 0, 0, 0),
(@GUID + 2, 48450, 36, 3, 1, 0, 0, -92.9096, -709.657, 20.83234, 5.09177, 7200, 17, 0, 0, 0, 1, 0, 0, 0),
(@GUID + 3, 48450, 36, 3, 1, 0, 0, -96.8938, -676.737, 20.41851, 5.09133, 7200, 17, 0, 0, 0, 1, 0, 0, 0),
(@GUID + 4, 48450, 36, 3, 1, 0, 0, -102.592, -720.069, 20.7427, 5.34683, 7200, 17, 0, 0, 0, 1, 0, 0, 0);

DELETE FROM `smart_scripts` WHERE `source_type` = 0 AND `entryorguid` = 48450;
INSERT INTO `smart_scripts` (`entryorguid`,`source_type`,`id`,`link`,`event_type`,`event_phase_mask`,`event_chance`,`event_flags`,`event_param1`,`event_param2`,`event_param3`,`event_param4`,`action_type`,`action_param1`,`action_param2`,`action_param3`,`action_param4`,`action_param5`,`action_param6`,`target_type`,`target_param1`,`target_param2`,`target_param3`,`target_x`,`target_y`,`target_z`,`target_o`,`comment`) VALUES 
(48450,0,0,0,0,0,100,0,4000,4900,9000,12000,11,90913,0,0,0,0,0,2,0,0,0,0,0,0,0,"Cast Eye Gouge"),
(48450,0,1,0,0,0,100,0,7000,9000,16000,19000,11,90920,0,0,0,0,0,2,0,0,0,0,0,0,0,"Cast Eye Peck");

DELETE FROM `creature_loot_template` WHERE `entry` IN (48450, 48782);
INSERT INTO `creature_loot_template` (`entry`,`item`,`ChanceOrQuestChance`,`lootmode`,`groupid`,`mincountOrRef`,`maxcount`) VALUES
(48450, 48447, 100, 1, 0, -48447, 1), --  Dead Mines parrot loot normal
(48782, 48781, 100, 1, 0, -48781, 1); --  Dead Mines parrot loot heroic
/*---------------------------------------------------------------------------------------------------------------*/

/*---------------------------------------------------------------------------------------------------------------*/
--  Ol' Beaky
SET @GUID = (SELECT MAX(`guid`) FROM `creature`);
INSERT INTO `creature` (`guid`,`id`,`map`,`spawnMask`,`phaseMask`,`modelid`,`equipment_id`,`position_x`,`position_y`,`position_z`,`orientation`,`spawntimesecs`,`spawndist`,`currentwaypoint`,`curhealth`,`curmana`,`MovementType`,`npcflag`,`unit_flags`,`dynamicflags`) VALUES
(@GUID + 1, 48451, 36, 3, 1, 0, 0, -136.563, -769.435, 25.42489, 6.23829, 7200, 10, 0, 0, 0, 1, 0, 0, 0);

DELETE FROM `smart_scripts` WHERE `source_type` = 0 AND `entryorguid` = 48451;
INSERT INTO `smart_scripts` (`entryorguid`,`source_type`,`id`,`link`,`event_type`,`event_phase_mask`,`event_chance`,`event_flags`,`event_param1`,`event_param2`,`event_param3`,`event_param4`,`action_type`,`action_param1`,`action_param2`,`action_param3`,`action_param4`,`action_param5`,`action_param6`,`target_type`,`target_param1`,`target_param2`,`target_param3`,`target_x`,`target_y`,`target_z`,`target_o`,`comment`) VALUES 
(48451,0,0,0,0,0,100,0,4000,4900,9000,12000,11,90913,0,0,0,0,0,2,0,0,0,0,0,0,0,"Cast Eye Gouge"),
(48451,0,1,0,0,0,100,0,7000,9000,16000,19000,11,90920,0,0,0,0,0,2,0,0,0,0,0,0,0,"Cast Eye Peck");

DELETE FROM `creature_loot_template` WHERE `entry` IN (48451, 48779);
INSERT INTO `creature_loot_template` (`entry`,`item`,`ChanceOrQuestChance`,`lootmode`,`groupid`,`mincountOrRef`,`maxcount`) VALUES
(48451, 48447, 100, 1, 0, -48447, 1), --  Dead Mines parrot loot normal
(48779, 48781, 100, 1, 0, -48781, 1); --  Dead Mines parrot loot heroic
/*---------------------------------------------------------------------------------------------------------------*/

/*---------------------------------------------------------------------------------------------------------------*/
--  Defias Enforcer
SET @GUID = (SELECT MAX(`guid`) FROM `creature`);
INSERT INTO `creature` (`guid`,`id`,`map`,`spawnMask`,`phaseMask`,`modelid`,`equipment_id`,`position_x`,`position_y`,`position_z`,`orientation`,`spawntimesecs`,`spawndist`,`currentwaypoint`,`curhealth`,`curmana`,`MovementType`,`npcflag`,`unit_flags`,`dynamicflags`) VALUES
(@GUID + 1, 48502, 36, 3, 1, 0, 1, -105.074, -651.619, 7.33237, 1.93937, 7200, 0, 0, 0, 0, 0, 0, 0, 0),
(@GUID + 2, 48502, 36, 3, 1, 0, 1, -131.222, -615.547, 13.4648, 1.76278, 7200, 0, 0, 0, 0, 0, 0, 0, 0),
(@GUID + 3, 48502, 36, 3, 1, 0, 1, -127.307, -615.014, 13.8207, 1.93731, 7200, 0, 0, 0, 0, 0, 0, 0, 0),
(@GUID + 4, 48502, 36, 3, 1, 0, 1, -143.554, -582.24, 18.8237, 2.9147, 7200, 0, 0, 0, 0, 0, 0, 0, 0),
(@GUID + 5, 48502, 36, 3, 1, 0, 1, -144.295, -575.267, 19.1305, 3.40339, 7200, 0, 0, 0, 0, 0, 0, 0, 0);

DELETE FROM `smart_scripts` WHERE `source_type` = 0 AND `entryorguid` = 48502;
INSERT INTO `smart_scripts` (`entryorguid`,`source_type`,`id`,`link`,`event_type`,`event_phase_mask`,`event_chance`,`event_flags`,`event_param1`,`event_param2`,`event_param3`,`event_param4`,`action_type`,`action_param1`,`action_param2`,`action_param3`,`action_param4`,`action_param5`,`action_param6`,`target_type`,`target_param1`,`target_param2`,`target_param3`,`target_x`,`target_y`,`target_z`,`target_o`,`comment`) VALUES 
(48502,0,0,0,4,0,100,1,0,0,0,0,11,90928,0,0,0,0,0,2,0,0,0,0,0,0,0,"Cast Charge on Aggro"),
(48502,0,1,0,0,0,100,0,5000,5000,17000,19000,11,90929,0,0,0,0,0,2,0,0,0,0,0,0,0,"Cast Recklessness"),
(48502,0,2,0,2,0,100,0,0,40,8000,11000,11,90925,1,0,0,0,0,2,0,0,0,0,0,0,0,"Cast Bloodbath at 40% HP");

DELETE FROM `creature_template_emote` WHERE `entry` IN (48502,48787);
INSERT INTO `creature_template_emote` (`entry`,`emote`) VALUES
(48502, 333),
(48787, 333);

REPLACE INTO `creature_equip_template` (`entry`, `itemEntry1`, `itemEntry2`, `itemEntry3`) VALUES
(48502, 56172, 0, 0),
(48787, 56172, 0, 0);

DELETE FROM `creature_loot_template` WHERE `entry` IN (48502, 48787);
INSERT INTO `creature_loot_template` (`entry`,`item`,`ChanceOrQuestChance`,`lootmode`,`groupid`,`mincountOrRef`,`maxcount`) VALUES
(48502, 361, 100, 1, 0, -361, 1), --  Dead Mines trash loot normal
(48787, 362, 100, 1, 0, -362, 1); --  Dead Mines trash loot heroic
/*---------------------------------------------------------------------------------------------------------------*/

/*---------------------------------------------------------------------------------------------------------------*/
--  Defias Shadowguard
SET @GUID = (SELECT MAX(`guid`) FROM `creature`);
INSERT INTO `creature` (`guid`,`id`,`map`,`spawnMask`,`phaseMask`,`modelid`,`equipment_id`,`position_x`,`position_y`,`position_z`,`orientation`,`spawntimesecs`,`spawndist`,`currentwaypoint`,`curhealth`,`curmana`,`MovementType`,`npcflag`,`unit_flags`,`dynamicflags`) VALUES
(@GUID + 1, 48505, 36, 3, 1, 0, 1, -98.4774, -672.389, 7.50265, 1.23918, 7200, 0, 0, 0, 0, 0, 0, 0, 0),
(@GUID + 2, 48505, 36, 3, 1, 0, 1, -121.094, -617.812, 13.9309, 2.63545, 7200, 0, 0, 0, 0, 0, 0, 0, 0),
(@GUID + 3, 48505, 36, 3, 1, 0, 1, -135.993, -620.521, 14.4943, 1.36136, 7200, 0, 0, 0, 0, 0, 0, 0, 0);

DELETE FROM `smart_scripts` WHERE `entryorguid`=48505 AND `source_type`=0;
INSERT INTO `smart_scripts` (`entryorguid`,`source_type`,`id`,`link`,`event_type`,`event_phase_mask`,`event_chance`,`event_flags`,`event_param1`,`event_param2`,`event_param3`,`event_param4`,`action_type`,`action_param1`,`action_param2`,`action_param3`,`action_param4`,`action_param5`,`action_param6`,`target_type`,`target_param1`,`target_param2`,`target_param3`,`target_x`,`target_y`,`target_z`,`target_o`,`comment`) VALUES 
(48505,0,0,0,2,0,100,0,0,50,15000,18000,11,90958,0,0,0,0,0,1,0,0,0,0.0,0.0,0.0,0.0,"Cast Evasion at 50% HP"),
(48505,0,1,0,0,0,100,0,8000,8000,14000,15000,11,90956,0,0,0,0,0,5,0,0,0,0.0,0.0,0.0,0.0,"Cast Shadowstep"),
(48505,0,2,0,0,0,100,0,2000,3000,9000,11000,11,90951,0,0,0,0,0,2,0,0,0,0.0,0.0,0.0,0.0,"Cast Sinister Strike"),
(48505,0,3,0,0,0,100,0,12000,14000,24000,28000,11,90960,0,0,0,0,0,1,0,0,0,0.0,0.0,0.0,0.0,"Cast Whirling Blades"),
(48505,0,4,0,11,0,100,0,0,0,0,0,11,90954,0,0,0,0,0,1,0,0,0,0.0,0.0,0.0,0.0,"Cast Camouflage on Spawn");

DELETE FROM `spell_script_names` WHERE `spell_id` IN (90956, 90957);
INSERT INTO `spell_script_names` VALUES
(90956, 'spell_deadmines_backslash'),
(90957, 'spell_deadmines_backslash');

DELETE FROM `creature_template_aura` WHERE `entry` IN (48505, 48791);
INSERT INTO `creature_template_aura` (`entry`,`aura`) VALUES
(48505, 90954),
(48791, 90954);

REPLACE INTO `creature_equip_template` (`entry`, `itemEntry1`, `itemEntry2`, `itemEntry3`) VALUES
(48791, 5281, 0, 0),
(48505, 5281, 0, 0);

DELETE FROM `creature_loot_template` WHERE `entry` IN (48505, 48791);
INSERT INTO `creature_loot_template` (`entry`,`item`,`ChanceOrQuestChance`,`lootmode`,`groupid`,`mincountOrRef`,`maxcount`) VALUES
(48505, 361, 100, 1, 0, -361, 1), --  Dead Mines trash loot normal
(48791, 362, 100, 1, 0, -362, 1); --  Dead Mines trash loot heroic
/*---------------------------------------------------------------------------------------------------------------*/

/*---------------------------------------------------------------------------------------------------------------*/
--  Defias Squallshaper
SET @GUID = (SELECT MAX(`guid`) FROM `creature`);
INSERT INTO `creature` (`guid`,`id`,`map`,`spawnMask`,`phaseMask`,`modelid`,`equipment_id`,`position_x`,`position_y`,`position_z`,`orientation`,`spawntimesecs`,`spawndist`,`currentwaypoint`,`curhealth`,`curmana`,`MovementType`,`npcflag`,`unit_flags`,`dynamicflags`) VALUES
(@GUID + 1, 48521, 36, 3, 1, 0, 1, -78.4992, -794.402, 38.4926, 3.42985, 7200, 0, 0, 0, 0, 0, 0, 0, 0),
(@GUID + 2, 48521, 36, 3, 1, 0, 1, -83.8584, -786.347, 17.3186, 0.44532, 7200, 0, 0, 0, 0, 0, 0, 0, 0),
(@GUID + 3, 48521, 36, 3, 1, 0, 1, -87.1301, -854.017, 17.2706, 2.8394, 7200, 0, 0, 0, 0, 0, 0, 0, 0),
(@GUID + 4, 48521, 36, 3, 1, 0, 1, -111.34, -843.564, 16.9308, 5.70767, 7200, 0, 0, 0, 0, 0, 0, 0, 0),
(@GUID + 5, 48521, 36, 3, 1, 0, 1, -121.219, -830.773, 16.9728, 4.23583, 7200, 0, 0, 0, 0, 0, 0, 0, 0),
(@GUID + 6, 48521, 36, 3, 1, 0, 1, -32.9757, -790.03, 19.0157, 0.818257, 7200, 0, 0, 0, 0, 0, 0, 0, 0),
(@GUID + 7, 48521, 36, 3, 1, 0, 1, -21.6911, -832.758, 19.5904, 4.12903, 7200, 0, 0, 0, 0, 0, 0, 0, 0),
(@GUID + 8, 48521, 36, 3, 1, 0, 1, -32.4149, -846.065, 19.0693, 0.803648, 7200, 0, 0, 0, 0, 0, 0, 0, 0),
(@GUID + 9, 48521, 36, 3, 1, 0, 1, -104.219, -847.535, 17.0003, 2.66503, 7200, 0, 0, 0, 0, 0, 0, 0, 0);

DELETE FROM `smart_scripts` WHERE `entryorguid`=48521 AND `source_type`=0;
INSERT INTO `smart_scripts` (`entryorguid`,`source_type`,`id`,`link`,`event_type`,`event_phase_mask`,`event_chance`,`event_flags`,`event_param1`,`event_param2`,`event_param3`,`event_param4`,`action_type`,`action_param1`,`action_param2`,`action_param3`,`action_param4`,`action_param5`,`action_param6`,`target_type`,`target_param1`,`target_param2`,`target_param3`,`target_x`,`target_y`,`target_z`,`target_o`,`comment`) VALUES 
(48521,0,0,0,4,0,100,1,0,0,0,0,22,1,0,0,0,0,0,1,0,0,0,0.0,0.0,0.0,0.0,"Set Phase 1 on Aggro"),
(48521,0,1,0,4,1,100,1,0,0,0,0,21,0,0,0,0,0,0,1,0,0,0,0.0,0.0,0.0,0.0,"Stop Moving on Aggro"),
(48521,0,2,0,4,1,100,1,0,0,0,0,11,90398,0,0,0,0,0,2,0,0,0,0.0,0.0,0.0,0.0,"Cast bolt on Aggro"),
(48521,0,3,0,9,1,100,0,0,40,3400,4700,11,90398,0,0,0,0,0,2,0,0,0,0.0,0.0,0.0,0.0,"Cast bolt"),
(48521,0,4,0,9,1,100,0,40,100,0,0,21,1,0,0,0,0,0,1,0,0,0,0.0,0.0,0.0,0.0,"Start Moving when not in bolt Range"),
(48521,0,5,0,9,1,100,0,10,15,0,0,21,0,0,0,0,0,0,1,0,0,0,0.0,0.0,0.0,0.0,"Stop Moving at 15 Yards"),
(48521,0,6,0,9,1,100,0,0,40,0,0,21,0,0,0,0,0,0,1,0,0,0,0.0,0.0,0.0,0.0,"Stop Moving when in bolt Range"),
(48521,0,7,0,3,1,100,0,0,15,0,0,22,2,0,0,0,0,0,1,0,0,0,0.0,0.0,0.0,0.0,"Set Phase 2 at 15% Mana"),
(48521,0,8,0,3,2,100,0,0,15,0,0,21,1,0,0,0,0,0,1,0,0,0,0.0,0.0,0.0,0.0,"Start Moving at 15% Mana"),
(48521,0,9,0,3,2,100,0,30,100,100,100,22,1,0,0,0,0,0,1,0,0,0,0.0,0.0,0.0,0.0,"Set Phase 1 When Mana is above 30%"),
(48521,0,10,0,2,2,100,1,0,15,0,0,22,3,0,0,0,0,0,1,0,0,0,0.0,0.0,0.0,0.0,"Set Phase 3 at 15% HP"),
(48521,0,11,0,2,3,100,1,0,15,0,0,25,1,0,0,0,0,0,1,0,0,0,0.0,0.0,0.0,0.0,"Flee at 15% HP"),
(48521,0,12,0,7,3,100,1,0,0,0,0,22,0,0,0,0,0,0,1,0,0,0,0.0,0.0,0.0,0.0,"Reset on Evade"),
(48521,0,13,0,14,1,100,4,200000,40,20000,30000,11,90914,0,0,0,0,0,7,0,0,0,0.0,0.0,0.0,0.0,"Cast Riptide on Friendlies"),
(48521,0,14,0,0,0,100,0,5000,10000,10000,20000,11,90914,0,0,0,0,0,1,0,0,0,0.0,0.0,0.0,0.0,"Cast Riptide");

DELETE FROM `creature_emote` WHERE `guid` BETWEEN @GUID + 1 AND @GUID + 2;
INSERT INTO `creature_emote` (`guid`,`emote`) VALUES
(@GUID + 1, 333),
(@GUID + 2, 333);

REPLACE INTO `creature_equip_template` (`entry`, `itemEntry1`, `itemEntry2`, `itemEntry3`) VALUES
(48521, 32610, 0, 0),
(48778, 32610, 0, 0);

DELETE FROM `creature_loot_template` WHERE `entry` IN (48521, 48778);
INSERT INTO `creature_loot_template` (`entry`,`item`,`ChanceOrQuestChance`,`lootmode`,`groupid`,`mincountOrRef`,`maxcount`) VALUES
(48521, 1951, 4, 1, 0, 1, 1),     --  Blackwater Cutlass normal
(48521, 361, 100, 1, 0, -361, 1), --  Dead Mines trash loot normal
(48778, 362, 100, 1, 0, -362, 1); --  Dead Mines trash loot heroic
/*---------------------------------------------------------------------------------------------------------------*/

/*---------------------------------------------------------------------------------------------------------------*/
--  Defias Pirate
SET @GUID = (SELECT MAX(`guid`) FROM `creature`);
INSERT INTO `creature` (`guid`,`id`,`map`,`spawnMask`,`phaseMask`,`modelid`,`equipment_id`,`position_x`,`position_y`,`position_z`,`orientation`,`spawntimesecs`,`spawndist`,`currentwaypoint`,`curhealth`,`curmana`,`MovementType`,`npcflag`,`unit_flags`,`dynamicflags`) VALUES
(@GUID + 1, 48522, 36, 3, 1, 0, 1, -124.132, -786.487, 17.4613, 2.33069, 7200, 0, 0, 0, 0, 0, 0, 0, 0),
(@GUID + 2, 48522, 36, 3, 1, 0, 1, -73.0233, -787.733, 25.8427, 5.4448, 7200, 0, 0, 0, 0, 0, 0, 0, 0),
(@GUID + 3, 48522, 36, 3, 1, 0, 1, -46.4292, -806.267, 42.8686, 1.10525, 7200, 0, 0, 0, 0, 0, 0, 0, 0),
(@GUID + 4, 48522, 36, 3, 1, 0, 1, -24.0987, -795.826, 20.3446, 0.721806, 7200, 0, 0, 0, 0, 0, 0, 0, 0),
(@GUID + 5, 48522, 36, 3, 1, 0, 1, -84.5635, -783.275, 17.2873, 0.200275, 7200, 0, 0, 0, 0, 0, 0, 0, 0),
(@GUID + 6, 48522, 36, 3, 1, 0, 1, -75.0864, -790.343, 38.9433, 3.32635, 7200, 0, 0, 0, 0, 0, 0, 0, 0),
(@GUID + 7, 48522, 36, 3, 1, 0, 1, -73.9807, -797.153, 38.6117, 3.32697, 7200, 0, 0, 0, 0, 0, 0, 0, 0),
(@GUID + 8, 48522, 36, 3, 1, 0, 1, -22.1353, -798.732, 20.2518, 0.655873, 7200, 0, 0, 0, 0, 0, 0, 0, 0),
(@GUID + 9, 48522, 36, 3, 1, 0, 1, -23.8541, -836.635, 19.4853, 1.06598, 7200, 0, 0, 0, 0, 0, 0, 0, 0),
(@GUID + 10, 48522, 36, 3, 1, 0, 1, -27.582, -844.866, 19.3213, 3.43002, 7200, 0, 0, 0, 0, 0, 0, 0, 0),
(@GUID + 11, 48522, 36, 3, 1, 0, 1, -47.1554, -854.783, 18.4331, 3.48422, 7200, 0, 0, 0, 0, 0, 0, 0, 0),
(@GUID + 12, 48522, 36, 3, 1, 0, 1, -50.9663, -856.03, 18.2924, 0.367756, 7200, 0, 0, 0, 0, 0, 0, 0, 0),
(@GUID + 13, 48522, 36, 3, 1, 0, 1, -91.2517, -852.661, 17.2657, 5.55015, 7200, 0, 0, 0, 0, 0, 0, 0, 0),
(@GUID + 14, 48522, 36, 3, 1, 0, 1, -109.2, -848.584, 16.8992, 1.08638, 7200, 0, 0, 0, 0, 0, 0, 0, 0),
(@GUID + 15, 48522, 36, 3, 1, 0, 1, -125.879, -832.815, 16.8381, 0.250708, 7200, 0, 0, 0, 0, 0, 0, 0, 0),
(@GUID + 16, 48522, 36, 3, 1, 0, 1, -31.3381, -841.516, 19.094, 4.74635, 7200, 0, 0, 0, 0, 0, 0, 0, 0),
(@GUID + 17, 48522, 36, 3, 1, 0, 1, -106.102, -843.33, 17.0301, 4.18163, 7200, 0, 0, 0, 0, 0, 0, 0, 0),
(@GUID + 18, 48522, 36, 3, 1, 0, 1, -120.816, -835.849, 16.8914, 2.42626, 7200, 0, 0, 0, 0, 0, 0, 0, 0);

DELETE FROM `smart_scripts` WHERE `entryorguid`=48522 AND `source_type`=0;
INSERT INTO `smart_scripts` (`entryorguid`,`source_type`,`id`,`link`,`event_type`,`event_phase_mask`,`event_chance`,`event_flags`,`event_param1`,`event_param2`,`event_param3`,`event_param4`,`action_type`,`action_param1`,`action_param2`,`action_param3`,`action_param4`,`action_param5`,`action_param6`,`target_type`,`target_param1`,`target_param2`,`target_param3`,`target_x`,`target_y`,`target_z`,`target_o`,`comment`) VALUES 
(48522,0,0,0,4,0,100,3,0,0,0,0,11,90905,0,0,0,0,0,2,0,0,0,0.0,0.0,0.0,0.0,"Cast Leaping Cleave on Aggro"),
(48522,0,1,0,4,0,100,0,0,0,0,0,28,46598,0,0,0,0,0,11,48266,10,0,0.0,0.0,0.0,0.0,"Exit vehicle on aggro");

DELETE FROM `creature_emote` WHERE `guid` BETWEEN @GUID + 1 AND @GUID + 8;
INSERT INTO `creature_emote` (`guid`,`emote`) VALUES
(@GUID + 1, 69),
(@GUID + 2, 69),
(@GUID + 3, 333),
(@GUID + 4, 333),
(@GUID + 5, 333),
(@GUID + 6, 333),
(@GUID + 7, 333),
(@GUID + 8, 333);

REPLACE INTO `creature_equip_template` (`entry`, `itemEntry1`, `itemEntry2`, `itemEntry3`) VALUES
(48522, 1897, 0, 0),
(48777, 1897, 0, 0);

DELETE FROM `creature_loot_template` WHERE `entry` IN (48522, 48777);
INSERT INTO `creature_loot_template` (`entry`,`item`,`ChanceOrQuestChance`,`lootmode`,`groupid`,`mincountOrRef`,`maxcount`) VALUES
(48522, 1951, 4, 1, 0, 1, 1),     --  Blackwater Cutlass normal
(48522, 361, 100, 1, 0, -361, 1), --  Dead Mines trash loot normal
(48777, 362, 100, 1, 0, -362, 1); --  Dead Mines trash loot heroic
/*---------------------------------------------------------------------------------------------------------------*/

/*---------------------------------------------------------------------------------------------------------------*/
--  A Note From Vanessa
SET @GUID = (SELECT MAX(`guid`) FROM `creature`);
INSERT INTO `creature` (`guid`,`id`,`map`,`spawnMask`,`phaseMask`,`modelid`,`equipment_id`,`position_x`,`position_y`,`position_z`,`orientation`,`spawntimesecs`,`spawndist`,`currentwaypoint`,`curhealth`,`curmana`,`MovementType`,`npcflag`,`unit_flags`,`dynamicflags`) VALUES
(@GUID + 1, 49564, 36, 2, 1, 36542, 0, -74.36111, -820.0139, 40.37145, 4.014257, 7200, 0, 0, 0, 0, 0, 0, 0, 0);

DELETE FROM `creature_template_aura` WHERE `entry` = 49564;
INSERT INTO `creature_template_aura` (`entry`,`aura`) VALUES
(49564, 92376);
/*---------------------------------------------------------------------------------------------------------------*/

/*---------------------------------------------------------------------------------------------------------------*/
--  Blossom Bunny
SET @GUID = (SELECT MAX(`guid`) FROM `creature`);
INSERT INTO `creature` (`guid`,`id`,`map`,`spawnMask`,`phaseMask`,`modelid`,`equipment_id`,`position_x`,`position_y`,`position_z`,`orientation`,`spawntimesecs`,`spawndist`,`currentwaypoint`,`curhealth`,`curmana`,`MovementType`,`npcflag`,`unit_flags`,`dynamicflags`) VALUES
--  Fire Blossom Bunny
(@GUID + 1, 47282, 36, 3, 1, 0, 0, -214.543, -441.151, 54.6617, 0, 7200, 0, 0, 0, 0, 0, 0, 0, 0),
(@GUID + 2, 47282, 36, 3, 1, 0, 0, -204.993, -456.09, 54.2894, 0, 7200, 0, 0, 0, 0, 0, 0, 0, 0),
(@GUID + 3, 47282, 36, 3, 1, 0, 0, -211.062, -463.714, 54.0187, 0, 7200, 0, 0, 0, 0, 0, 0, 0, 0),
(@GUID + 4, 47282, 36, 3, 1, 0, 0, -183.901, -430.757, 54.2875, 0, 7200, 0, 0, 0, 0, 0, 0, 0, 0),
(@GUID + 5, 47282, 36, 3, 1, 0, 0, -190.347, -431.764, 53.7694, 0, 7200, 0, 0, 0, 0, 0, 0, 0, 0),
(@GUID + 6, 47282, 36, 3, 1, 0, 0, -193.694, -445.674, 54.2208, 0, 7200, 0, 0, 0, 0, 0, 0, 0, 0),
(@GUID + 7, 47282, 36, 3, 1, 0, 0, -188.757, -452.146, 54.5701, 0, 7200, 0, 0, 0, 0, 0, 0, 0, 0),
(@GUID + 8, 47282, 36, 3, 1, 0, 0, -189.061, -422.387, 54.1955, 0, 7200, 0, 0, 0, 0, 0, 0, 0, 0),
(@GUID + 9, 47282, 36, 3, 1, 0, 0, -203.391, -431.139, 54.4389, 0, 7200, 0, 0, 0, 0, 0, 0, 0, 0),
(@GUID + 10, 47282, 36, 3, 1, 0, 0, -180.252, -437.943, 54.7876, 0, 7200, 0, 0, 0, 0, 0, 0, 0, 0),
(@GUID + 11, 47282, 36, 3, 1, 0, 0, -181.766, -416.976, 54.7594, 0, 7200, 0, 0, 0, 0, 0, 0, 0, 0),
--  Frost Blossom Bunny
(@GUID + 12, 47284, 36, 3, 1, 0, 0, -201.273, -462.531, 54.3655, 0, 7200, 0, 0, 0, 0, 0, 0, 0, 0),
(@GUID + 13, 47284, 36, 3, 1, 0, 0, -207.479, -441.516, 54.0559, 0, 7200, 0, 0, 0, 0, 0, 0, 0, 0),
(@GUID + 14, 47284, 36, 3, 1, 0, 0, -203.043, -448.562, 54.1013, 0, 7200, 0, 0, 0, 0, 0, 0, 0, 0),
(@GUID + 15, 47284, 36, 3, 1, 0, 0, -197.222, -453.621, 54.8957, 0, 7200, 0, 0, 0, 0, 0, 0, 0, 0),
(@GUID + 16, 47284, 36, 3, 1, 0, 0, -183.608, -446.207, 54.8357, 0, 7200, 0, 0, 0, 0, 0, 0, 0, 0),
(@GUID + 17, 47284, 36, 3, 1, 0, 0, -195.924, -436.646, 53.4248, 0, 7200, 0, 0, 0, 0, 0, 0, 0, 0),
(@GUID + 18, 47284, 36, 3, 1, 0, 0, -200.88, -440.773, 53.4445, 0, 7200, 0, 0, 0, 0, 0, 0, 0, 0),
(@GUID + 19, 47284, 36, 3, 1, 0, 0, -196.948, -427.533, 54.2706, 0, 7200, 0, 0, 0, 0, 0, 0, 0, 0),
(@GUID + 20, 47284, 36, 3, 1, 0, 0, -181.012, -456.194, 54.7731, 0, 7200, 0, 0, 0, 0, 0, 0, 0, 0),
(@GUID + 21, 47284, 36, 3, 1, 0, 0, -187.719, -440.285, 53.5591, 0, 7200, 0, 0, 0, 0, 0, 0, 0, 0),
(@GUID + 22, 47284, 36, 3, 1, 0, 0, -176.099, -431.241, 55.2092, 0, 7200, 0, 0, 0, 0, 0, 0, 0, 0),
(@GUID + 23, 47284, 36, 3, 1, 0, 0, -181.127, -423.819, 54.8461, 0, 7200, 0, 0, 0, 0, 0, 0, 0, 0);
/*---------------------------------------------------------------------------------------------------------------*/
/*                                              VANESSAS EVENT                                                   */
/*---------------------------------------------------------------------------------------------------------------*/
--  Glubtok Nightmare Fire Bunny
SET @GUID = (SELECT MAX(`guid`) FROM `creature`);
INSERT INTO `creature` (`guid`,`id`,`map`,`spawnMask`,`phaseMask`,`modelid`,`equipment_id`,`position_x`,`position_y`,`position_z`,`orientation`,`spawntimesecs`,`spawndist`,`currentwaypoint`,`curhealth`,`curmana`,`MovementType`,`npcflag`,`unit_flags`,`dynamicflags`) VALUES
(@GUID + 1, 51594, 36, 2, 4, 11686, 0, -181.2379, -555.3177, 19.3898, 0.3141593, 7200, 0, 0, 0, 0, 0, 0, 0, 0),
(@GUID + 2, 51594, 36, 2, 4, 11686, 0, -185.2083, -562.4844, 19.3898, 0.9599311, 7200, 0, 0, 0, 0, 0, 0, 0, 0),
(@GUID + 3, 51594, 36, 2, 4, 11686, 0, -187.3333, -550.8143, 19.3898, 3.385939, 7200, 0, 0, 0, 0, 0, 0, 0, 0),
(@GUID + 4, 51594, 36, 2, 4, 11686, 0, -194.1302, -548.3055, 19.3898, 4.153883, 7200, 0, 0, 0, 0, 0, 0, 0, 0),
(@GUID + 5, 51594, 36, 2, 4, 11686, 0, -205.3056, -563.6285, 21.06016, 5.253441, 7200, 0, 0, 0, 0, 0, 0, 0, 0),
(@GUID + 6, 51594, 36, 2, 4, 11686, 0, -214.8958, -546.7136, 19.3898, 4.712389, 7200, 0, 0, 0, 0, 0, 0, 0, 0),
(@GUID + 7, 51594, 36, 2, 4, 11686, 0, -207.8004, -570.6441, 21.06016, 1.762783, 7200, 0, 0, 0, 0, 0, 0, 0, 0),
(@GUID + 8, 51594, 36, 2, 4, 11686, 0, -221.4653, -549.9358, 19.3898, 3.211406, 7200, 0, 0, 0, 0, 0, 0, 0, 0),
(@GUID + 9, 51594, 36, 2, 4, 11686, 0, -229.9635, -559.2552, 19.3898, 0, 7200, 0, 0, 0, 0, 0, 0, 0, 0),
(@GUID + 10, 51594, 36, 2, 4, 11686, 0, -216.8438, -568.9011, 21.06016, 3.909538, 7200, 0, 0, 0, 0, 0, 0, 0, 0),
(@GUID + 11, 51594, 36, 2, 4, 11686, 0, -235.9045, -563.3906, 19.3898, 0, 7200, 0, 0, 0, 0, 0, 0, 0, 0),
(@GUID + 12, 51594, 36, 2, 4, 11686, 0, -226.6736, -580.8316, 20.43056, 2.775074, 7200, 0, 0, 0, 0, 0, 0, 0, 0),
(@GUID + 13, 51594, 36, 2, 4, 11686, 0, -227.5226, -595.1979, 20.42358, 4.206244, 7200, 0, 0, 0, 0, 0, 0, 0, 0),
(@GUID + 14, 51594, 36, 2, 4, 11686, 0, -215.0399, -576.3941, 21.06016, 3.735005, 7200, 0, 0, 0, 0, 0, 0, 0, 0),
(@GUID + 15, 51594, 36, 2, 4, 11686, 0, -210.592, -583.4739, 21.06016, 0, 7200, 0, 0, 0, 0, 0, 0, 0, 0),
(@GUID + 16, 51594, 36, 2, 4, 11686, 0, -225.6962, -601.3871, 21.82762, 4.555309, 7200, 0, 0, 0, 0, 0, 0, 0, 0),
(@GUID + 17, 51594, 36, 2, 4, 11686, 0, -220.4879, -596.382, 21.95116, 0, 7200, 0, 0, 0, 0, 0, 0, 0, 0),
(@GUID + 18, 51594, 36, 2, 4, 11686, 0, -221.8629, -607.2205, 23.7542, 4.939282, 7200, 0, 0, 0, 0, 0, 0, 0, 0),
(@GUID + 19, 51594, 36, 2, 4, 11686, 0, -215.7205, -608.4722, 25.87703, 2.530727, 7200, 0, 0, 0, 0, 0, 0, 0, 0),
(@GUID + 20, 51594, 36, 2, 4, 11686, 0, -216.5399, -602.6528, 24.88029, 2.687807, 7200, 0, 0, 0, 0, 0, 0, 0, 0),
(@GUID + 21, 51594, 36, 2, 4, 11686, 0, -210.7431, -603.2813, 27.17259, 4.904375, 7200, 0, 0, 0, 0, 0, 0, 0, 0),
(@GUID + 22, 51594, 36, 2, 4, 11686, 0, -201.9757, -611.8663, 30.62297, 2.897247, 7200, 0, 0, 0, 0, 0, 0, 0, 0),
(@GUID + 23, 51594, 36, 2, 4, 11686, 0, -197.1007, -609.7257, 32.38494, 0, 7200, 0, 0, 0, 0, 0, 0, 0, 0),
(@GUID + 24, 51594, 36, 2, 4, 11686, 0, -191.2205, -581.4965, 21.06015, 2.007129, 7200, 0, 0, 0, 0, 0, 0, 0, 0),
(@GUID + 25, 51594, 36, 2, 4, 11686, 0, -198.4653, -580.757, 21.06015, 0.8901179, 7200, 0, 0, 0, 0, 0, 0, 0, 0),
(@GUID + 26, 51594, 36, 2, 4, 11686, 0, -196.5504, -587.7031, 21.06015, 1.27409, 7200, 0, 0, 0, 0, 0, 0, 0, 0),
(@GUID + 27, 51594, 36, 2, 4, 11686, 0, -241.5938, -578.6858, 19.3898, 2.775074, 7200, 0, 0, 0, 0, 0, 0, 0, 0),
(@GUID + 28, 51594, 36, 2, 4, 11686, 0, -226.1615, -573.8021, 20.40991, 5.218534, 7200, 0, 0, 0, 0, 0, 0, 0, 0),
(@GUID + 29, 51594, 36, 2, 4, 11686, 0, -220.625, -577.9618, 21.06016, 2.513274, 7200, 0, 0, 0, 0, 0, 0, 0, 0),
(@GUID + 30, 51594, 36, 2, 4, 11686, 0, -186.9792, -556.8472, 19.3898, 4.153883, 7200, 0, 0, 0, 0, 0, 0, 0, 0),
(@GUID + 31, 51594, 36, 2, 4, 11686, 0, -201.224, -570.6788, 21.06016, 3.577925, 7200, 0, 0, 0, 0, 0, 0, 0, 0),
(@GUID + 32, 51594, 36, 2, 4, 11686, 0, -196.8767, -574.9688, 21.06016, 4.29351, 7200, 0, 0, 0, 0, 0, 0, 0, 0),
(@GUID + 33, 51594, 36, 2, 4, 11686, 0, -228.592, -553.1684, 19.3898, 5.550147, 7200, 0, 0, 0, 0, 0, 0, 0, 0),
(@GUID + 34, 51594, 36, 2, 4, 11686, 0, -192.2031, -595.9636, 36.37407, 2.80998, 7200, 0, 0, 0, 0, 0, 0, 0, 0),
(@GUID + 35, 51594, 36, 2, 4, 11686, 0, -178.2031, -594.9965, 40.6501, 4.415683, 7200, 0, 0, 0, 0, 0, 0, 0, 0),
(@GUID + 36, 51594, 36, 2, 4, 11686, 0, -183.4236, -577.2674, 46.87183, 3.944444, 7200, 0, 0, 0, 0, 0, 0, 0, 0),
(@GUID + 37, 51594, 36, 2, 4, 11686, 0, -184.6528, -572.3663, 49.27317, 3.159046, 7200, 0, 0, 0, 0, 0, 0, 0, 0),
(@GUID + 38, 51594, 36, 2, 4, 11686, 0, -190.4774, -552.2778, 51.31293, 5.305801, 7200, 0, 0, 0, 0, 0, 0, 0, 0),
(@GUID + 39, 51594, 36, 2, 4, 11686, 0, -195.6267, -550.4393, 51.31293, 3.752458, 7200, 0, 0, 0, 0, 0, 0, 0, 0),
(@GUID + 40, 51594, 36, 2, 4, 11686, 0, -187.9531, -567.0469, 51.31293, 5.305801, 7200, 0, 0, 0, 0, 0, 0, 0, 0),
(@GUID + 41, 51594, 36, 2, 4, 11686, 0, -209.7257, -557.1042, 51.31293, 3.525565, 7200, 0, 0, 0, 0, 0, 0, 0, 0);

DELETE FROM `creature_template_aura` WHERE `entry` = 51594;
INSERT INTO `creature_template_aura` (`entry`,`aura`)VALUES
(51594, 92169);
/*---------------------------------------------------------------------------------------------------------------*/

/*---------------------------------------------------------------------------------------------------------------*/
--  Vanessas Trap Bunny
SET @GUID = (SELECT MAX(`guid`) FROM `creature`);
INSERT INTO `creature` (`guid`,`id`,`map`,`spawnMask`,`phaseMask`,`modelid`,`equipment_id`,`position_x`,`position_y`,`position_z`,`orientation`,`spawntimesecs`,`spawndist`,`currentwaypoint`,`curhealth`,`curmana`,`MovementType`,`npcflag`,`unit_flags`,`dynamicflags`) VALUES
(@GUID + 1, 49454, 36, 2, 2, 0, 0, -205.757, -579.097, 42.9862, 0, 7200, 0, 0, 0, 0, 0, 0, 0, 0);
/*---------------------------------------------------------------------------------------------------------------*/

/*---------------------------------------------------------------------------------------------------------------*/
--  Vanessa Anchor Bunny JMF
SET @GUID = 42169;
INSERT INTO `creature` (`guid`,`id`,`map`,`spawnMask`,`phaseMask`,`modelid`,`equipment_id`,`position_x`,`position_y`,`position_z`,`orientation`,`spawntimesecs`,`spawndist`,`currentwaypoint`,`curhealth`,`curmana`,`MovementType`,`npcflag`,`unit_flags`,`dynamicflags`) VALUES
(@GUID + 1, 51624, 36, 2, 2, 0, 0, -205.7691, -579.092, 51.10293, 5.986479, 7200, 0, 0, 0, 0, 0, 0, 0, 0);
/*---------------------------------------------------------------------------------------------------------------*/

/*---------------------------------------------------------------------------------------------------------------*/
--  Chattering Horror
SET @GUID = (SELECT MAX(`guid`) FROM `creature`);
INSERT INTO `creature` (`guid`,`id`,`map`,`spawnMask`,`phaseMask`,`modelid`,`equipment_id`,`position_x`,`position_y`,`position_z`,`orientation`,`spawntimesecs`,`spawndist`,`currentwaypoint`,`curhealth`,`curmana`,`MovementType`,`npcflag`,`unit_flags`,`dynamicflags`) VALUES
(@GUID + 1, 49495, 36, 2, 8, 0, 0, -185.929, -558.125, 19.3898, 0, 7200, 0, 0, 0, 0, 0, 0, 0, 0),
(@GUID + 2, 49495, 36, 2, 8, 0, 0, -196.476, -573.083, 21.0602, 0, 7200, 0, 0, 0, 0, 0, 0, 0, 0),
(@GUID + 3, 49495, 36, 2, 8, 0, 0, -202.866, -590.137, 21.0602, 0, 7200, 0, 0, 0, 0, 0, 0, 0, 0),
(@GUID + 4, 49495, 36, 2, 8, 0, 0, -203.918, -551.061, 19.3898, 0, 7200, 0, 0, 0, 0, 0, 0, 0, 0),
(@GUID + 5, 49495, 36, 2, 8, 0, 0, -212.606, -567.224, 21.0602, 0, 7200, 0, 0, 0, 0, 0, 0, 0, 0),
(@GUID + 6, 49495, 36, 2, 8, 0, 0, -222.154, -555.108, 19.3898, 0, 7200, 0, 0, 0, 0, 0, 0, 0, 0),
(@GUID + 7, 49495, 36, 2, 8, 0, 0, -233.625, -570.587, 19.3898, 0, 7200, 0, 0, 0, 0, 0, 0, 0, 0),
(@GUID + 8, 49495, 36, 2, 8, 0, 0, -218.877, -581.228, 20.9768, 3.66077, 7200, 0, 0, 0, 0, 0, 0, 0, 0),
(@GUID + 9, 49495, 36, 2, 8, 0, 0, -232.8, -591.18, 19.3898, 0, 7200, 0, 0, 0, 0, 0, 0, 0, 0);
/*---------------------------------------------------------------------------------------------------------------*/

/*---------------------------------------------------------------------------------------------------------------*/
--  Darkweb Devourer
SET @GUID = (SELECT MAX(`guid`) FROM `creature`);
INSERT INTO `creature` (`guid`,`id`,`map`,`spawnMask`,`phaseMask`,`modelid`,`equipment_id`,`position_x`,`position_y`,`position_z`,`orientation`,`spawntimesecs`,`spawndist`,`currentwaypoint`,`curhealth`,`curmana`,`MovementType`,`npcflag`,`unit_flags`,`dynamicflags`) VALUES
(@GUID + 1, 49494, 36, 2, 8, 0, 0, -216.451, -553.979, 51.3078, 0.724321, 7200, 0, 0, 0, 0, 0, 0, 0, 0),
(@GUID + 2, 49494, 36, 2, 8, 0, 0, -229.961, -569.414, 51.3163, 0.82184, 7200, 0, 0, 0, 0, 0, 0, 0, 0),
(@GUID + 3, 49494, 36, 2, 8, 0, 0, -231.839, -584.967, 51.3173, 1.05134, 7200, 0, 0, 0, 0, 0, 0, 0, 0);
/*---------------------------------------------------------------------------------------------------------------*/

/*---------------------------------------------------------------------------------------------------------------*/
--  Nightmare Skitterling
SET @GUID = (SELECT MAX(`guid`) FROM `creature`);
INSERT INTO `creature` (`guid`,`id`,`map`,`spawnMask`,`phaseMask`,`modelid`,`equipment_id`,`position_x`,`position_y`,`position_z`,`orientation`,`spawntimesecs`,`spawndist`,`currentwaypoint`,`curhealth`,`curmana`,`MovementType`,`npcflag`,`unit_flags`,`dynamicflags`) VALUES
(@GUID + 1, 49493, 36, 2, 8, 0, 0, -199.312, -578.2, 21.0602, 0, 7200, 0, 0, 0, 0, 0, 0, 0, 0),
(@GUID + 2, 49493, 36, 2, 8, 0, 0, -184.962, -552.913, 19.3898, 0, 7200, 0, 0, 0, 0, 0, 0, 0, 0),
(@GUID + 3, 49493, 36, 2, 8, 0, 0, -190.109, -557.472, 19.3898, 0, 7200, 0, 0, 0, 0, 0, 0, 0, 0),
(@GUID + 4, 49493, 36, 2, 8, 0, 0, -195.964, -560.889, 20.5814, 0, 7200, 0, 0, 0, 0, 0, 0, 0, 0),
(@GUID + 5, 49493, 36, 2, 8, 0, 0, -202.406, -563.134, 21.0602, 0, 7200, 0, 0, 0, 0, 0, 0, 0, 0),
(@GUID + 6, 49493, 36, 2, 8, 0, 0, -192.116, -550.102, 19.3898, 0, 7200, 0, 0, 0, 0, 0, 0, 0, 0),
(@GUID + 7, 49493, 36, 2, 8, 0, 0, -196.24, -553.693, 19.3898, 0, 7200, 0, 0, 0, 0, 0, 0, 0, 0),
(@GUID + 8, 49493, 36, 2, 8, 0, 0, -200.872, -557.252, 19.3898, 0, 7200, 0, 0, 0, 0, 0, 0, 0, 0),
(@GUID + 9, 49493, 36, 2, 8, 0, 0, -208.929, -563.609, 21.0602, 0, 7200, 0, 0, 0, 0, 0, 0, 0, 0),
(@GUID + 10, 49493, 36, 2, 8, 0, 0, -211.984, -569.542, 21.0602, 0, 7200, 0, 0, 0, 0, 0, 0, 0, 0),
(@GUID + 11, 49493, 36, 2, 8, 0, 0, -224.274, -592.792, 20.2958, 0, 7200, 0, 0, 0, 0, 0, 0, 0, 0),
(@GUID + 12, 49493, 36, 2, 8, 0, 0, -230.377, -592.858, 19.3898, 0, 7200, 0, 0, 0, 0, 0, 0, 0, 0),
(@GUID + 13, 49493, 36, 2, 8, 0, 0, -234.061, -598, 19.9506, 0, 7200, 0, 0, 0, 0, 0, 0, 0, 0),
(@GUID + 14, 49493, 36, 2, 8, 0, 0, -236.512, -591.991, 19.3898, 0, 7200, 0, 0, 0, 0, 0, 0, 0, 0),
(@GUID + 15, 49493, 36, 2, 8, 0, 0, -226.521, -587.257, 19.5327, 0, 7200, 0, 0, 0, 0, 0, 0, 0, 0),
(@GUID + 16, 49493, 36, 2, 8, 0, 0, -232.451, -586.252, 19.3898, 0, 7200, 0, 0, 0, 0, 0, 0, 0, 0),
(@GUID + 17, 49493, 36, 2, 8, 0, 0, -238.802, -584.859, 19.3898, 0, 7200, 0, 0, 0, 0, 0, 0, 0, 0),
(@GUID + 18, 49493, 36, 2, 8, 0, 0, -238.906, -578.153, 19.3898, 0, 7200, 0, 0, 0, 0, 0, 0, 0, 0),
(@GUID + 19, 49493, 36, 2, 8, 0, 0, -231.88, -578.568, 19.3898, 0, 7200, 0, 0, 0, 0, 0, 0, 0, 0),
(@GUID + 20, 49493, 36, 2, 8, 0, 0, -231.566, -572.198, 19.3898, 0, 7200, 0, 0, 0, 0, 0, 0, 0, 0),
(@GUID + 21, 49493, 36, 2, 8, 0, 0, -237.58, -571.59, 19.3898, 0, 7200, 0, 0, 0, 0, 0, 0, 0, 0),
(@GUID + 22, 49493, 36, 2, 8, 0, 0, -236.571, -565.557, 19.3898, 0, 7200, 0, 0, 0, 0, 0, 0, 0, 0),
(@GUID + 23, 49493, 36, 2, 8, 0, 0, -219.708, -588.609, 21.0602, 0, 7200, 0, 0, 0, 0, 0, 0, 0, 0),
(@GUID + 24, 49493, 36, 2, 8, 0, 0, -213.464, -591.625, 21.0602, 0, 7200, 0, 0, 0, 0, 0, 0, 0, 0),
(@GUID + 25, 49493, 36, 2, 8, 0, 0, -207.654, -594.809, 21.0602, 0, 7200, 0, 0, 0, 0, 0, 0, 0, 0),
(@GUID + 26, 49493, 36, 2, 8, 0, 0, -201.259, -593.309, 21.0602, 0, 7200, 0, 0, 0, 0, 0, 0, 0, 0),
(@GUID + 27, 49493, 36, 2, 8, 0, 0, -199.335, -586.795, 21.0602, 0, 7200, 0, 0, 0, 0, 0, 0, 0, 0),
(@GUID + 28, 49493, 36, 2, 8, 0, 0, -206.078, -588.071, 21.0602, 0, 7200, 0, 0, 0, 0, 0, 0, 0, 0),
(@GUID + 29, 49493, 36, 2, 8, 0, 0, -213.2, -585.125, 21.0602, 0, 7200, 0, 0, 0, 0, 0, 0, 0, 0),
(@GUID + 30, 49493, 36, 2, 8, 0, 0, -181.401, -561.684, 19.3898, 0, 7200, 0, 0, 0, 0, 0, 0, 0, 0),
(@GUID + 31, 49493, 36, 2, 8, 0, 0, -185.762, -566.606, 19.3898, 0, 7200, 0, 0, 0, 0, 0, 0, 0, 0),
(@GUID + 32, 49493, 36, 2, 8, 0, 0, -193.326, -569.809, 21.0602, 0, 7200, 0, 0, 0, 0, 0, 0, 0, 0),
(@GUID + 33, 49493, 36, 2, 8, 0, 0, -194.585, -578.339, 21.0602, 0, 7200, 0, 0, 0, 0, 0, 0, 0, 0),
(@GUID + 34, 49493, 36, 2, 8, 0, 0, -199.141, -573.689, 21.0602, 0, 7200, 0, 0, 0, 0, 0, 0, 0, 0),
(@GUID + 35, 49493, 36, 2, 8, 0, 0, -197.741, -564.302, 21.0602, 0, 7200, 0, 0, 0, 0, 0, 0, 0, 0),
(@GUID + 36, 49493, 36, 2, 8, 0, 0, -190.641, -561.441, 19.3898, 0, 7200, 0, 0, 0, 0, 0, 0, 0, 0),
(@GUID + 37, 49493, 36, 2, 8, 0, 0, -185.212, -557.641, 19.3898, 0, 7200, 0, 0, 0, 0, 0, 0, 0, 0),
(@GUID + 38, 49493, 36, 2, 8, 0, 0, -190.137, -553.062, 19.3898, 0, 7200, 0, 0, 0, 0, 0, 0, 0, 0),
(@GUID + 39, 49493, 36, 2, 8, 0, 0, -195.255, -557.009, 19.3898, 0, 7200, 0, 0, 0, 0, 0, 0, 0, 0),
(@GUID + 40, 49493, 36, 2, 8, 0, 0, -199.323, -550.378, 19.3898, 0, 7200, 0, 0, 0, 0, 0, 0, 0, 0),
(@GUID + 41, 49493, 36, 2, 8, 0, 0, -202.545, -546.118, 19.3898, 0, 7200, 0, 0, 0, 0, 0, 0, 0, 0),
(@GUID + 42, 49493, 36, 2, 8, 0, 0, -206.161, -553.351, 19.3898, 0, 7200, 0, 0, 0, 0, 0, 0, 0, 0),
(@GUID + 43, 49493, 36, 2, 8, 0, 0, -205.635, -559.156, 21.0602, 0, 7200, 0, 0, 0, 0, 0, 0, 0, 0),
(@GUID + 44, 49493, 36, 2, 8, 0, 0, -202.726, -572.517, 21.0602, 0, 7200, 0, 0, 0, 0, 0, 0, 0, 0),
(@GUID + 45, 49493, 36, 2, 8, 0, 0, -208.545, -568.115, 21.0602, 0, 7200, 0, 0, 0, 0, 0, 0, 0, 0),
(@GUID + 46, 49493, 36, 2, 8, 0, 0, -193.37, -581.866, 21.0602, 0, 7200, 0, 0, 0, 0, 0, 0, 0, 0),
(@GUID + 47, 49493, 36, 2, 8, 0, 0, -189.019, -571.267, 21.0602, 0, 7200, 0, 0, 0, 0, 0, 0, 0, 0),
(@GUID + 48, 49493, 36, 2, 8, 0, 0, -182.8, -569.368, 19.3917, 0, 7200, 0, 0, 0, 0, 0, 0, 0, 0),
(@GUID + 49, 49493, 36, 2, 8, 0, 0, -178.639, -564.448, 19.39, 0, 7200, 0, 0, 0, 0, 0, 0, 0, 0),
(@GUID + 50, 49493, 36, 2, 8, 0, 0, -188.179, -578.372, 21.0602, 0, 7200, 0, 0, 0, 0, 0, 0, 0, 0),
(@GUID + 51, 49493, 36, 2, 8, 0, 0, -193.767, -574.701, 21.0602, 0, 7200, 0, 0, 0, 0, 0, 0, 0, 0),
(@GUID + 52, 49493, 36, 2, 8, 0, 0, -179.646, -557.906, 19.3898, 0, 7200, 0, 0, 0, 0, 0, 0, 0, 0),
(@GUID + 53, 49493, 36, 2, 8, 0, 0, -185.339, -562.592, 19.3898, 0, 7200, 0, 0, 0, 0, 0, 0, 0, 0),
(@GUID + 54, 49493, 36, 2, 8, 0, 0, -204.684, -569.354, 21.0602, 0, 7200, 0, 0, 0, 0, 0, 0, 0, 0),
(@GUID + 55, 49493, 36, 2, 8, 0, 0, -197.858, -569.349, 21.0602, 0, 7200, 0, 0, 0, 0, 0, 0, 0, 0),
(@GUID + 56, 49493, 36, 2, 8, 0, 0, -191.766, -565.856, 21.0602, 0, 7200, 0, 0, 0, 0, 0, 0, 0, 0),
(@GUID + 57, 49493, 36, 2, 8, 0, 0, -216.122, -564.882, 21.0602, 0, 7200, 0, 0, 0, 0, 0, 0, 0, 0),
(@GUID + 58, 49493, 36, 2, 8, 0, 0, -221.826, -562.279, 19.3898, 0, 7200, 0, 0, 0, 0, 0, 0, 0, 0),
(@GUID + 59, 49493, 36, 2, 8, 0, 0, -227.906, -559.566, 19.3898, 0, 7200, 0, 0, 0, 0, 0, 0, 0, 0),
(@GUID + 60, 49493, 36, 2, 8, 0, 0, -234.521, -559.481, 19.3898, 0, 7200, 0, 0, 0, 0, 0, 0, 0, 0),
(@GUID + 61, 49493, 36, 2, 8, 0, 0, -227.024, -552.674, 19.3898, 0, 7200, 0, 0, 0, 0, 0, 0, 0, 0),
(@GUID + 62, 49493, 36, 2, 8, 0, 0, -198.247, -546.929, 19.3898, 0, 7200, 0, 0, 0, 0, 0, 0, 0, 0),
(@GUID + 63, 49493, 36, 2, 8, 0, 0, -203.123, -550.828, 19.3898, 0, 7200, 0, 0, 0, 0, 0, 0, 0, 0),
(@GUID + 64, 49493, 36, 2, 8, 0, 0, -208.325, -556.583, 19.3898, 0, 7200, 0, 0, 0, 0, 0, 0, 0, 0),
(@GUID + 65, 49493, 36, 2, 8, 0, 0, -206.872, -545.384, 19.3898, 0, 7200, 0, 0, 0, 0, 0, 0, 0, 0),
(@GUID + 66, 49493, 36, 2, 8, 0, 0, -221.257, -549.332, 19.3898, 0, 7200, 0, 0, 0, 0, 0, 0, 0, 0),
(@GUID + 67, 49493, 36, 2, 8, 0, 0, -215.125, -546.049, 19.3898, 0, 7200, 0, 0, 0, 0, 0, 0, 0, 0),
(@GUID + 68, 49493, 36, 2, 8, 0, 0, -210.385, -550.674, 19.3898, 0, 7200, 0, 0, 0, 0, 0, 0, 0, 0),
(@GUID + 69, 49493, 36, 2, 8, 0, 0, -216.502, -553.972, 19.3898, 0, 7200, 0, 0, 0, 0, 0, 0, 0, 0),
(@GUID + 70, 49493, 36, 2, 8, 0, 0, -221.814, -556.398, 19.3898, 0, 7200, 0, 0, 0, 0, 0, 0, 0, 0),
(@GUID + 71, 49493, 36, 2, 8, 0, 0, -213.877, -559.312, 20.0281, 0, 7200, 0, 0, 0, 0, 0, 0, 0, 0),
(@GUID + 72, 49493, 36, 2, 8, 0, 0, -213.234, -561.858, 21.0602, 0, 7200, 0, 0, 0, 0, 0, 0, 0, 0),
(@GUID + 73, 49493, 36, 2, 8, 0, 0, -212.172, -555.023, 19.3898, 0, 7200, 0, 0, 0, 0, 0, 0, 0, 0),
(@GUID + 74, 49493, 36, 2, 8, 0, 0, -215.262, -549.654, 19.3065, 0.4953, 7200, 0, 0, 0, 0, 0, 0, 0, 0),
(@GUID + 75, 49493, 36, 2, 8, 0, 0, -221.406, -553.141, 19.3898, 0, 7200, 0, 0, 0, 0, 0, 0, 0, 0),
(@GUID + 76, 49493, 36, 2, 8, 0, 0, -219.134, -559.79, 19.3898, 0, 7200, 0, 0, 0, 0, 0, 0, 0, 0),
(@GUID + 77, 49493, 36, 2, 8, 0, 0, -197.649, -582.465, 21.0602, 0, 7200, 0, 0, 0, 0, 0, 0, 0, 0),
(@GUID + 78, 49493, 36, 2, 8, 0, 0, -195.438, -586.293, 21.0602, 0, 7200, 0, 0, 0, 0, 0, 0, 0, 0),
(@GUID + 79, 49493, 36, 2, 8, 0, 0, -220.517, -581.814, 21.0602, 0, 7200, 0, 0, 0, 0, 0, 0, 0, 0),
(@GUID + 80, 49493, 36, 2, 8, 0, 0, -226.128, -581.059, 20.7911, 0, 7200, 0, 0, 0, 0, 0, 0, 0, 0),
(@GUID + 81, 49493, 36, 2, 8, 0, 0, -216.109, -576.826, 21.0602, 0, 7200, 0, 0, 0, 0, 0, 0, 0, 0),
(@GUID + 82, 49493, 36, 2, 8, 0, 0, -223.748, -574.99, 21.0602, 0, 7200, 0, 0, 0, 0, 0, 0, 0, 0),
(@GUID + 83, 49493, 36, 2, 8, 0, 0, -224.562, -568.148, 19.9267, 0, 7200, 0, 0, 0, 0, 0, 0, 0, 0),
(@GUID + 84, 49493, 36, 2, 8, 0, 0, -230.495, -566.019, 19.3898, 0, 7200, 0, 0, 0, 0, 0, 0, 0, 0),
(@GUID + 85, 49493, 36, 2, 8, 0, 0, -218.887, -570.564, 21.0602, 0, 7200, 0, 0, 0, 0, 0, 0, 0, 0),
(@GUID + 86, 49493, 36, 2, 8, 0, 0, -198.832, -591.724, 21.0602, 0, 7200, 0, 0, 0, 0, 0, 0, 0, 0),
(@GUID + 87, 49493, 36, 2, 8, 0, 0, -204.009, -590.839, 21.0602, 0, 7200, 0, 0, 0, 0, 0, 0, 0, 0),
(@GUID + 88, 49493, 36, 2, 8, 0, 0, -204.102, -596.752, 21.0602, 0, 7200, 0, 0, 0, 0, 0, 0, 0, 0),
(@GUID + 89, 49493, 36, 2, 8, 0, 0, -208.385, -571.8, 21.0602, 0, 7200, 0, 0, 0, 0, 0, 0, 0, 0),
(@GUID + 90, 49493, 36, 2, 8, 0, 0, -213.856, -574.609, 21.0602, 0, 7200, 0, 0, 0, 0, 0, 0, 0, 0),
(@GUID + 91, 49493, 36, 2, 8, 0, 0, -226.122, -563.038, 19.3898, 0, 7200, 0, 0, 0, 0, 0, 0, 0, 0),
(@GUID + 92, 49493, 36, 2, 8, 0, 0, -232.446, -562.884, 19.3898, 0, 7200, 0, 0, 0, 0, 0, 0, 0, 0);
/*---------------------------------------------------------------------------------------------------------------*/

/*---------------------------------------------------------------------------------------------------------------*/
--  Vanessa Lightning Platter
SET @GUID = (SELECT MAX(`guid`) FROM `creature`);
INSERT INTO `creature` (`guid`,`id`,`map`,`spawnMask`,`phaseMask`,`modelid`,`equipment_id`,`position_x`,`position_y`,`position_z`,`orientation`,`spawntimesecs`,`spawndist`,`currentwaypoint`,`curhealth`,`curmana`,`MovementType`,`npcflag`,`unit_flags`,`dynamicflags`) VALUES
(@GUID + 1, 49520, 36, 2, 16, 0, 0, -100.724, -649.077, 9.07967, 4.12893, 7200, 0, 0, 0, 0, 0, 0, 0, 0),
(@GUID + 2, 49520, 36, 2, 16, 0, 0, -142.982, -574.919, 21.1715, 0.0404007, 7200, 0, 0, 0, 0, 0, 0, 0, 0),
(@GUID + 3, 49520, 36, 2, 16, 0, 0, -136.717, -604.665, 17.5579, 0.0409116, 7200, 0, 0, 0, 0, 0, 0, 0, 0),
(@GUID + 4, 49520, 36, 2, 16, 0, 0, -130.459, -586.5, 20.0056, 0.0406351, 7200, 0, 0, 0, 0, 0, 0, 0, 0),
(@GUID + 5, 49520, 36, 2, 16, 0, 0, -120.137, -617.618, 16.2722, 0.0411175, 7200, 0, 0, 0, 0, 0, 0, 0, 0),
(@GUID + 6, 49520, 36, 2, 16, 0, 0, -120.969, -638.377, 14.3734, 0.0415257, 7200, 0, 0, 0, 0, 0, 0, 0, 0),
(@GUID + 7, 49520, 36, 2, 16, 0, 0, -135.374, -623.05, 16.47, 0.0413518, 7200, 0, 0, 0, 0, 0, 0, 0, 0);

DELETE FROM `creature_template_aura` WHERE `entry` = 49521;
INSERT INTO `creature_template_aura` (`entry`,`aura`)VALUES
(49521, 92277);

DELETE FROM `spell_script_names` WHERE `spell_id` = 92278;
INSERT INTO `spell_script_names` VALUES
(92278, 'spell_deadmines_spark');
/*---------------------------------------------------------------------------------------------------------------*/

/*---------------------------------------------------------------------------------------------------------------*/
--  Calissa Harrington <Ripsnarl's Wife>
SET @GUID = (SELECT MAX(`guid`) FROM `creature`);
INSERT INTO `creature` (`guid`,`id`,`map`,`spawnMask`,`phaseMask`,`modelid`,`equipment_id`,`position_x`,`position_y`,`position_z`,`orientation`,`spawntimesecs`,`spawndist`,`currentwaypoint`,`curhealth`,`curmana`,`MovementType`,`npcflag`,`unit_flags`,`dynamicflags`) VALUES
(@GUID + 1, 49536, 36, 2, 32, 0, 0, -83.8641, -775.284, 28.3791, 1.71042, 7200, 0, 0, 0, 0, 0, 0, 0, 0);
/*---------------------------------------------------------------------------------------------------------------*/

/*---------------------------------------------------------------------------------------------------------------*/
--  Erik Harrington <Ripsnarl's Son>
SET @GUID = 42282;
INSERT INTO `creature` (`guid`,`id`,`map`,`spawnMask`,`phaseMask`,`modelid`,`equipment_id`,`position_x`,`position_y`,`position_z`,`orientation`,`spawntimesecs`,`spawndist`,`currentwaypoint`,`curhealth`,`curmana`,`MovementType`,`npcflag`,`unit_flags`,`dynamicflags`) VALUES
(@GUID + 1, 49535, 36, 2, 32, 0, 0, 5.23958, -763.087, 9.80043, 2.00713, 7200, 0, 0, 0, 0, 0, 0, 0, 0);

DELETE FROM `creature_template_emote` WHERE `entry` = 49535;
INSERT INTO `creature_template_emote` (`entry`,`emote`)VALUES
(49535, 431);
/*---------------------------------------------------------------------------------------------------------------*/

/*---------------------------------------------------------------------------------------------------------------*/
--  Emme Harrington <Ripsnarl's Daughter>
SET @GUID = (SELECT MAX(`guid`) FROM `creature`);
INSERT INTO `creature` (`guid`,`id`,`map`,`spawnMask`,`phaseMask`,`modelid`,`equipment_id`,`position_x`,`position_y`,`position_z`,`orientation`,`spawntimesecs`,`spawndist`,`currentwaypoint`,`curhealth`,`curmana`,`MovementType`,`npcflag`,`unit_flags`,`dynamicflags`) VALUES
(@GUID + 1, 49534, 36, 2, 32, 0, 0, -98.6319, -721.627, 8.54707, 1.53589, 7200, 0, 0, 0, 0, 0, 0, 0, 0);

DELETE FROM `creature_template_emote` WHERE `entry` = 49534;
INSERT INTO `creature_template_emote` (`entry`,`emote`)VALUES
(49534, 431);
/*---------------------------------------------------------------------------------------------------------------*/
/*                                               OTHER EVENTS                                                    */
/*---------------------------------------------------------------------------------------------------------------*/
DELETE FROM `creature_text` WHERE `entry` IN (49429, 49454, 49671, 45979, 49536, 49539, 48280, 48439,49674);
INSERT INTO `creature_text` (`entry`,`groupid`,`id`,`text`,`type`,`emote`,`sound`,`comment`) VALUES
--  Vanessa VanCleef(Vanessas event, ship)
(49429,0,0,'You hear a noise from above the cabin door!',41,0,0,''),
(49429,1,0,'I\'ve been waiting a long time for this, you know.',12,0,0,''),
(49429,2,0,'Biding my time, building my forces, studying the minds of my enemies.',12,0,0,''),
(49429,3,0,'I was never very good at hand-to-hand combat, you know. Not like my father.',12,0,0,''),
(49429,4,0,'But I always excelled at poisons.',12,0,0,''),
(49429,5,0,'Especially venoms that affect the mind.',12,0,0,''),
(49429,6,0,'Vanessa injects you with the Nightmare Elixir!',41,0,0,''),
--  Vanessa's Trap Bunny
(49454,0,0,'Activate the steam valves to free yourself!',12,0,0,''),
--  Vanessa VanCleef(nightmares)
(49671,0,0,'The Nightmare Elixir takes hold!',41,0,0,''),
(49671,1,0,'The nightmare shifts!',41,0,0,''),
(49671,2,0,'Poor Glubtok. When his powers manifested, his own ogre mound was the first to burn.',12,0,0,''),
(49671,3,0,'Deep within his soul, the one thing he feared most of all was...himself.',12,0,0,''),
(49671,4,0,'You have entered Glubtok\'s Nightmare!',41,0,0,''),
(49671,5,0,'Most rogues prefer to cloak themselves in the shadows, but not Helix.',12,0,0,''),
(49671,6,0,'You never know what skitters in the darkness.',12,0,0,''),
(49671,7,0,'Can you imagine the life of a machine?',12,0,0,''),
(49671,8,0,'A simple spark can mean the difference between life...and death.',12,0,0,''),
(49671,9,0,'You have entered the mechanical nightmare!',41,0,0,''),
(49671,10,0,'Ripsnarl wasn\'t always a bloodthirsty savage. Once, he even had a family.',12,0,0,''),
(49671,11,0,'He was called James Harrington. A tragedy in three parts.',12,0,0,''),
(49671,12,0,'You have entered Ripsnarl\'s nightmare!',12,0,0,''),
--  General Purpose Bunny JMF
(45979,0,0,'Save Emme Harrington!',41,0,0,''),
(45979,1,0,'Save Erik Harrington!',41,0,0,''),
(45979,2,0,'Save Calissa Harrington!',41,0,0,''),
(45979,3,0,'The Nightmare Elixir wears off!',41,0,0,''),
(45979,4,0,'The cannon was rigged with an explosive trap!',41,0,0,''),
--  Calissa Harrington
(49536,0,0,'James...please...I love you...',12,0,0,''),
(49536,1,0,'Calissa dies!',41,0,0,''),
--  James Harrington
(49539,0,0,'Calissa...I am so sorry...',12,0,0,''),
--  Goblin Craftsman
(48280,0,0,'They\'re alive..',12,0,0,''),
(48280,1,0,'THEY\'RE ALIVE!!!',12,0,0,''),
(48280,2,0,'NOOOOOOO!!!',12,0,0,''),
--  Goblin Engineer
(48439,0,0,'RUN!',12,0,0,'');

DELETE FROM `npc_spellclick_spells` WHERE `npc_entry` = 49457;
INSERT INTO `npc_spellclick_spells` (`npc_entry`,`spell_id`,`cast_flags`,`user_type`)VALUES
(49457, 92399, 0, 0);

DELETE FROM `conditions` WHERE `SourceTypeOrReferenceId` = 13 AND `SourceEntry` = 92379;
INSERT INTO `conditions` (`SourceTypeOrReferenceId`, `SourceGroup`, `SourceEntry`, `SourceId`, `ElseGroup`, `ConditionTypeOrReference`, `ConditionTarget`, `ConditionValue1`, `ConditionValue2`, `ConditionValue3`, `NegativeCondition`, `ErrorType`, `ErrorTextId`, `ScriptName`, `Comment`) VALUES
(13, 1, 92379, 0, 0, 31, 0, 3, 49454, 0, 0, 0, 0, '', '');

DELETE FROM `spell_target_position` WHERE id = 92438;
INSERT INTO `spell_target_position` VALUES
(92438, 0, 36, -226.073, -567.925, 51.2306, 0);

DELETE FROM `spell_script_names` WHERE `spell_id` IN (92378, 92210);
INSERT INTO `spell_script_names` VALUES
(92378, 'spell_ride_magma_vehicle'),
(92210, 'spell_icicle_targeting');

DELETE FROM `creature_template_aura` WHERE `entry` IN (49457, 49671, 49670, 49674, 49681, 49682);
INSERT INTO `creature_template_aura` (`entry`,`aura`)VALUES
(49457, 95514),
(49671, 69676),
(49671, 48143),
(49670, 69676),
(49670, 48143),
(49674, 69676),
(49674, 48143),
(49681, 69676),
(49681, 48143),
(49682, 69676),
(49682, 48143);

DELETE FROM `creature_template_emote` WHERE `entry` = 49539;
INSERT INTO `creature_template_emote` (`entry`,`emote`)VALUES
(49539, 468);

DELETE FROM `areatrigger_scripts` WHERE `entry` IN (6508);
INSERT INTO `areatrigger_scripts` (`entry`,`ScriptName`)VALUES
(6508, 'at_reaper_room_enter');

DELETE FROM `disables` WHERE `SourceType` = 2 AND `entry` = 36;

DELETE FROM `creature_template_currency` WHERE `entry` IN (48941,48936,48940,48943,48944,49541);
INSERT INTO `creature_template_currency` (`entry`, `currencyId`, `currencyCount`) VALUES
(48941, 395, 70),
(48936, 395, 70),
(48940, 395, 70),
(48943, 395, 70),
(48944, 395, 70),
(49541, 395, 70);

UPDATE gameobject SET spawnMask = 6 WHERE map = 36 AND spawnMask = 3;
UPDATE creature SET spawnMask = 6 WHERE map = 36 AND spawnMask = 3;
UPDATE creature SET spawnMask = 4 WHERE map = 36 AND spawnMask = 2;

DELETE FROM spell_group WHERE id = 3000;
INSERT INTO spell_group (id, spell_id)
VALUES
  (3000, 92016),
  (3000, 92020),
  (3000, 92029);

DELETE FROM spell_group_stack_rules WHERE group_id = 3000;
INSERT INTO spell_group_stack_rules (group_id, stack_rule)
VALUES
  (3000, 1);
