/*---------------------------------------------------------------------------------------------------------------*/
/*                                             Mogu'shan Vaults                                                  */
/*---------------------------------------------------------------------------------------------------------------*/

DELETE FROM `creature` WHERE `map` = 1008;
DELETE FROM `gameobject` WHERE `map` = 1008;

DELETE FROM `instance_template` WHERE `map` = 1008;
INSERT INTO `instance_template` (`map`, `parent`, `script`, `allowMount`) VALUES 
(1008, 0, 'instance_mogu_shan_vault', 0);

DELETE FROM `creature_template` WHERE `entry` IN 
(
60089, 55091, 60051, 59915, 54020, 59481, 61334, 62004, 61989, 60043, 64183,
60047, 60397, 60398, 60143, 60558, 60559, 61139, 60009, 60385, 60402, 60381,
60375, 64529, 64600, 65227, 61352, 61131, 61429, 60984, 60512, 60513, 60576,
61250, 65343, 60776, 59677, 65297, 64947, 64061, 64063, 64068, 60709, 60710, 
60960, 61330, 65293, 60410, 60701, 60708, 60644, 60396, 60648, 60627, 65803,
60399, 60400, 60480, 60304, 60306, 60307, 60308, 62026, 60241, 60793, 62618,
60781, 60438, 61140, 60240, 60184, 60940, 62003, 60958, 60731, 60913
);

INSERT INTO `creature_template` (`entry`, `difficulty_entry_1`, `difficulty_entry_2`, `difficulty_entry_3`, `difficulty_entry_4`, `difficulty_entry_5`, `difficulty_entry_6`, `difficulty_entry_7`, `difficulty_entry_8`, `difficulty_entry_9`, `difficulty_entry_10`, `difficulty_entry_11`, `difficulty_entry_12`, `difficulty_entry_13`, `difficulty_entry_14`, `difficulty_entry_15`, `KillCredit1`, `KillCredit2`, `modelid1`, `modelid2`, `modelid3`, `modelid4`, `name`, `subname`, `IconName`, `gossip_menu_id`, `minlevel`, `maxlevel`, `exp`, `exp_unk`, `faction_A`, `faction_H`, `npcflag`, `speed_walk`, `speed_run`, `scale`, `rank`, `mindmg`, `maxdmg`, `dmgschool`, `attackpower`, `dmg_multiplier`, `baseattacktime`, `rangeattacktime`, `unit_class`, `unit_flags`, `unit_flags2`, `dynamicflags`, `family`, `trainer_type`, `trainer_class`, `trainer_race`, `minrangedmg`, `maxrangedmg`, `rangedattackpower`, `type`, `type_flags`, `type_flags2`, `lootid`, `pickpocketloot`, `skinloot`, `resistance1`, `resistance2`, `resistance3`, `resistance4`, `resistance5`, `resistance6`, `spell1`, `spell2`, `spell3`, `spell4`, `spell5`, `spell6`, `spell7`, `spell8`, `PetSpellDataId`, `VehicleId`, `mingold`, `maxgold`, `AIName`, `MovementType`, `InhabitType`, `HoverHeight`, `Health_mod`, `Mana_mod`, `Mana_mod_extra`, `Armor_mod`, `RacialLeader`, `questItem1`, `questItem2`, `questItem3`, `questItem4`, `questItem5`, `questItem6`, `movementId`, `RegenHealth`, `equipment_id`, `mechanic_immune_mask`, `flags_extra`, `ScriptName`, `WDBVerified`) VALUES
(54020, 0, 0, 0, 0, 0, 0, 0, 0, 0, 0, 0, 0, 0, 0, 0, 0, 0, 31174, 11686, 0, 0, 'General Purpose Bunny JMF (Look 2 - Flying, Huge AOI\)', '', '', 0, 1, 1, 4, 0, 35, 35, 0, 1, 1.14286, 1, 0, 1, 2, 0, 0, 4, 2000, 2000, 1, 0, 37750784, 0, 0, 0, 0, 0, 1, 2, 0, 10, 1024, 0, 0, 0, 0, 0, 0, 0, 0, 0, 0, 0, 0, 0, 0, 0, 0, 0, 0, 0, 0, 0, 0, '', 0, 3, 1, 1, 1, 1, 1, 0, 0, 0, 0, 0, 0, 0, 0, 1, 0, 0, 128, '', 16048),
(55091, 0, 0, 0, 0, 0, 0, 0, 0, 0, 0, 0, 0, 0, 0, 0, 0, 0, 31174, 11686, 0, 0, 'General Purpose Bunny JMF (Look 2 - Flying, Infinite AOI\)', '', '', 0, 1, 1, 4, 0, 35, 35, 0, 1, 1.14286, 1, 0, 1, 2, 0, 1, 4, 2000, 2000, 1, 33554432, 33556480, 0, 0, 0, 0, 0, 1, 2, 1, 10, 1024, 0, 0, 0, 0, 0, 0, 0, 0, 0, 0, 0, 0, 0, 0, 0, 0, 0, 0, 0, 0, 0, 0, '', 0, 3, 1, 1, 1, 1, 1, 0, 0, 0, 0, 0, 0, 0, 0, 1, 0, 0, 128, 'mob_general_purpose_bunnyJMF', 16048),
(59481, 0, 0, 0, 0, 0, 0, 59484, 0, 0, 0, 0, 0, 0, 0, 0, 0, 0, 11686, 11686, 25942, 0, 'World Trigger', '', '', 0, 85, 85, 4, 0, 16, 16, 0, 1, 1.14286, 1, 0, 5431, 6428, 0, 20753, 4, 5000, 2000, 2, 33554496, 2131968, 0, 0, 0, 0, 0, 0, 0, 0, 10, 1091568704, 0, 0, 0, 0, 0, 0, 0, 0, 0, 0, 114400, 0, 0, 0, 0, 0, 0, 0, 0, 0, 0, 0, '', 0, 3, 1, 9, 7, 1, 1, 0, 0, 0, 0, 0, 0, 0, 122, 1, 0, 0, 128, '', 16048),
(59677, 0, 0, 0, 0, 0, 0, 59681, 0, 0, 0, 0, 0, 0, 0, 0, 0, 0, 31174, 11686, 0, 0, 'General Purpose Bunny JMF (Look 2, Flying\)', '', '', 0, 1, 1, 4, 0, 35, 35, 0, 1, 1.14286, 1, 0, 1, 2, 0, 1, 4, 2000, 2000, 1, 33554432, 33556480, 0, 0, 0, 0, 0, 1, 2, 1, 10, 1024, 0, 0, 0, 0, 0, 0, 0, 0, 0, 0, 0, 0, 0, 0, 0, 0, 0, 0, 0, 0, 0, 0, '', 0, 3, 1, 1, 1, 1, 1, 0, 0, 0, 0, 0, 0, 0, 0, 1, 0, 0, 128, '', 16048),
(59915, 0, 0, 0, 59917, 77042, 77083, 59916, 0, 0, 0, 0, 0, 0, 0, 0, 0, 0, 42644, 0, 0, 0, 'Jasper Guardian', '', '', 0, 93, 93, 4, 0, 16, 16, 0, 1.6, 1.71429, 1, 3, 465, 558, 0, 47, 4, 2000, 2000, 4, 0, 0, 0, 0, 0, 0, 0, 465, 558, 47, 1, 4, 1, 59915, 0, 0, 0, 0, 0, 0, 0, 0, 26662, 130395, 115843, 116038, 125206, 115745, 115828, 0, 0, 2115, 0, 0, '', 0, 3, 1, 300, 1, 1, 1, 0, 0, 0, 0, 0, 0, 0, 167, 1, 0, 769638399, 1, 'boss_generic_guardian', 16048),
(60009, 0, 0, 0, 77000, 77051, 77092, 60041, 0, 0, 0, 0, 0, 0, 0, 0, 0, 0, 41192, 0, 0, 0, 'Feng the Accursed', 'Keeper of Champion Spirits', '', 0, 93, 93, 4, 0, 14, 14, 0, 1.6, 1.42857, 1, 3, 5174, 12574, 0, 62114, 4, 2000, 2000, 2, 32832, 0, 0, 0, 0, 0, 0, 0, 0, 0, 6, 270532716, 0, 60009, 0, 0, 0, 0, 0, 0, 0, 0, 116577, 116417, 116574, 116576, 131790, 116364, 26662, 118783, 0, 2149, 3100000, 3200000, '', 0, 3, 1, 350, 100, 1, 1, 0, 0, 0, 0, 0, 0, 0, 150, 1, 0, 769638399, 0, 'boss_feng', 16048),
(60043, 0, 0, 0, 60045, 77045, 77086, 60044, 0, 0, 0, 0, 0, 0, 0, 0, 0, 0, 41894, 0, 0, 0, 'Jade Guardian', '', '', 0, 93, 93, 4, 0, 16, 16, 0, 1.6, 1.71429, 1, 3, 465, 558, 0, 47, 4, 2000, 2000, 4, 0, 0, 0, 0, 0, 0, 0, 465, 558, 47, 1, 4, 1, 60043, 0, 0, 0, 0, 0, 0, 0, 0, 26662, 115842, 116008, 116223, 125206, 115745, 115827, 0, 0, 2114, 2600000, 2700000, '', 0, 3, 1, 300, 1, 1, 1, 0, 0, 0, 0, 0, 0, 0, 167, 1, 0, 769638399, 1, 'boss_generic_guardian', 16048),
(60047, 0, 0, 0, 60049, 77044, 77085, 60048, 0, 0, 0, 0, 0, 0, 0, 0, 0, 0, 41892, 0, 0, 0, 'Amethyst Guardian', '', '', 0, 93, 93, 4, 0, 16, 16, 0, 1.6, 1.71429, 1, 3, 100000, 140000, 0, 125, 1, 2000, 2000, 4, 0, 0, 0, 0, 0, 0, 0, 0, 0, 0, 1, 4, 1, 60043, 0, 0, 0, 0, 0, 0, 0, 0, 115844, 116060, 130774, 26662, 125206, 115745, 115829, 0, 0, 2116, 0, 0, '', 0, 3, 1, 300, 1, 1, 1, 0, 0, 0, 0, 0, 0, 0, 167, 1, 0, 769638399, 1, 'boss_generic_guardian', 16048),
(60051, 0, 0, 0, 60053, 77043, 77084, 60052, 0, 0, 0, 0, 0, 0, 0, 0, 0, 0, 41893, 0, 0, 0, 'Cobalt Guardian', '', '', 0, 93, 93, 4, 0, 16, 16, 0, 1.6, 1.71429, 1, 3, 465, 558, 0, 47, 4, 2000, 2000, 4, 0, 0, 0, 0, 0, 0, 0, 465, 558, 47, 1, 4, 1, 60051, 0, 0, 0, 0, 0, 0, 0, 0, 26662, 115840, 115861, 125206, 115745, 115771, 0, 0, 0, 2113, 3000000, 3100000, '', 0, 3, 1, 300, 1, 1, 1, 0, 0, 0, 0, 0, 0, 0, 167, 1, 0, 769638399, 1, 'boss_generic_guardian', 16048),
(60089, 0, 0, 0, 0, 0, 0, 60091, 0, 0, 0, 0, 0, 0, 0, 0, 0, 0, 169, 11686, 0, 0, 'Stone Guard Controller', '', '', 0, 93, 93, 4, 0, 14, 14, 0, 1, 1.14286, 1, 1, 5174, 12574, 0, 62114, 4, 2000, 2000, 1, 60089, 0, 0, 0, 0, 0, 0, 0, 0, 0, 10, 40, 8, 0, 0, 0, 0, 0, 0, 0, 0, 0, 0, 0, 0, 0, 0, 0, 0, 0, 0, 0, 0, 0, '', 0, 3, 1, 1, 1, 1, 1, 0, 0, 0, 0, 0, 0, 0, 0, 1, 0, 0, 128, 'boss_stone_guard_controller', 16048),
(60143, 0, 0, 0, 77008, 77052, 77095, 60144, 0, 0, 0, 0, 0, 0, 0, 0, 0, 0, 41256, 0, 0, 0, 'Gara\'jal the Spiritbinder', '', '', 0, 93, 93, 4, 0, 14, 14, 0, 3.2, 2, 1, 1, 5174, 12574, 0, 62114, 4, 1500, 2000, 1, 0, 0, 0, 0, 0, 0, 0, 0, 0, 0, 7, 4, 0, 60143, 0, 0, 0, 0, 0, 0, 0, 0, 116272, 118469, 117752, 116174, 122151, 0, 0, 0, 0, 2132, 3000000, 3100000, '', 0, 3, 1, 1000, 1, 1, 1, 0, 0, 0, 0, 0, 0, 0, 187, 1, 0, 769638399, 0, 'boss_garajal', 16048),
(60375, 0, 0, 0, 77005, 77048, 77089, 60377, 0, 0, 0, 0, 0, 0, 0, 0, 0, 0, 43091, 0, 0, 0, 'Zandalari Skullcharger', '', '', 0, 92, 92, 4, 0, 16, 16, 0, 1, 1.14286, 1, 1, 4750, 11118, 0, 55538, 4, 2000, 2000, 1, 0, 0, 0, 0, 0, 0, 0, 0, 0, 0, 7, 2097224, 0, 60375, 0, 0, 0, 0, 0, 0, 0, 0, 122219, 116607, 116606, 0, 0, 0, 0, 0, 0, 154, 11000, 12000, '', 0, 3, 1, 12, 1, 1, 1, 0, 0, 0, 0, 0, 0, 0, 0, 1, 0, 0, 0, 'mob_zandalari_skullcharger', 16048),
(60381, 0, 0, 0, 77007, 77050, 77091, 60417, 0, 0, 0, 0, 0, 0, 0, 0, 0, 0, 41379, 41380, 0, 0, 'Zandalari Infiltrator', '', '', 0, 92, 92, 4, 0, 16, 16, 0, 1.6, 1.71429, 1, 1, 4750, 11118, 0, 55538, 4, 2000, 2000, 1, 0, 0, 0, 0, 0, 0, 0, 0, 0, 0, 7, 2097224, 0, 60381, 0, 0, 0, 0, 0, 0, 0, 0, 0, 116595, 116596, 0, 0, 0, 0, 0, 0, 0, 11000, 12000, '', 0, 3, 1, 10, 1, 1, 1, 0, 0, 0, 0, 0, 0, 0, 167, 1, 0, 0, 0, 'mob_zandalari_infiltrator', 16048),
(60385, 0, 0, 0, 0, 0, 0, 60419, 0, 0, 0, 0, 0, 0, 0, 0, 0, 0, 41385, 0, 0, 0, 'Zandalari War Wyvern', '', '', 0, 92, 92, 4, 0, 16, 16, 0, 1, 1.14286, 1, 1, 4750, 11118, 0, 55538, 4, 2000, 2000, 1, 256, 0, 0, 0, 0, 0, 0, 0, 0, 0, 1, 0, 0, 0, 0, 0, 0, 0, 0, 0, 0, 0, 0, 0, 0, 0, 0, 0, 0, 0, 0, 2448, 0, 0, '', 0, 3, 1, 1, 1, 1, 1, 0, 0, 0, 0, 0, 0, 0, 0, 1, 0, 0, 0, '', 16048),
(60397, 0, 0, 0, 77028, 77067, 77110, 0, 0, 0, 0, 0, 0, 0, 0, 0, 0, 0, 41389, 0, 0, 0, 'Emperor\'s Strength', '', '', 0, 92, 92, 4, 0, 16, 16, 0, 0.888888, 1.42857, 1, 1, 4750, 11118, 0, 55538, 4, 2000, 2000, 1, 33536, 0, 0, 0, 0, 0, 0, 0, 0, 0, 7, 2097224, 0, 0, 0, 0, 0, 0, 0, 0, 0, 0, 0, 0, 0, 0, 0, 0, 0, 0, 0, 0, 0, 0, '', 0, 3, 1, 10, 1, 1, 1, 0, 0, 0, 0, 0, 0, 0, 144, 1, 0, 0, 0, 'mob_woe_add_generic', 16048),
(60398, 0, 0, 0, 77029, 77068, 77111, 0, 0, 0, 0, 0, 0, 0, 0, 0, 0, 0, 41390, 0, 0, 0, 'Emperor\'s Courage', '', '', 0, 92, 92, 4, 0, 16, 16, 0, 2.4, 0.857143, 1, 1, 4750, 11118, 0, 55538, 4, 2000, 2000, 1, 33536, 0, 0, 0, 0, 0, 0, 0, 0, 0, 7, 2097224, 0, 0, 0, 0, 0, 0, 0, 0, 0, 0, 116778, 117485, 0, 0, 0, 0, 0, 0, 0, 0, 0, 0, '', 0, 3, 1, 4.4, 1, 1, 1, 0, 0, 0, 0, 0, 0, 0, 106, 1, 0, 0, 0, 'mob_woe_add_generic', 16048),
(60402, 0, 0, 0, 77006, 77049, 77090, 60439, 0, 0, 0, 0, 0, 0, 0, 0, 0, 0, 41393, 41394, 0, 0, 'Zandalari Fire-Dancer', '', '', 0, 92, 92, 4, 0, 16, 16, 0, 1, 1.71429, 1, 1, 4750, 11118, 0, 55538, 4, 2000, 2000, 2, 32768, 2099200, 0, 0, 0, 0, 0, 0, 0, 0, 7, 2097224, 0, 60402, 0, 0, 0, 0, 0, 0, 0, 0, 116592, 117241, 15228, 120670, 0, 0, 0, 0, 0, 0, 11000, 12000, '', 0, 3, 1, 8, 1, 1, 1, 0, 0, 0, 0, 0, 0, 0, 167, 1, 0, 0, 0, 'mob_zandalari_fire_dancer', 16048),
(60410, 0, 0, 0, 77021, 77065, 77108, 60453, 0, 0, 0, 0, 0, 0, 0, 0, 0, 0, 41399, 0, 0, 0, 'Elegon', '', '', 0, 93, 93, 4, 0, 14, 14, 0, 1.2, 1, 1, 1, 5174, 12574, 0, 62114, 4, 1500, 2000, 1, 0, 0, 0, 0, 0, 0, 0, 0, 0, 0, 9, 2097260, 0, 0, 0, 0, 0, 0, 0, 0, 0, 0, 132256, 117960, 119387, 119360, 124967, 119358, 127362, 117954, 0, 0, 0, 0, '', 0, 4, 1, 675, 1, 1, 1, 0, 0, 0, 0, 0, 0, 0, 501, 1, 0, 769638399, 0, 'boss_elegon', 16048),
(60513, 0, 0, 0, 0, 0, 0, 60517, 0, 0, 0, 0, 0, 0, 0, 0, 0, 0, 27824, 39910, 0, 0, 'Spirit Totem', '', '', 0, 92, 92, 4, 0, 16, 16, 0, 1, 1.14286, 1, 1, 460, 552, 0, 46, 4, 2000, 2000, 1, 256, 69208064, 0, 0, 0, 0, 0, 460, 552, 46, 11, 1048592, 6, 0, 0, 0, 0, 0, 0, 0, 0, 0, 0, 0, 0, 0, 0, 0, 0, 0, 0, 0, 0, 0, '', 0, 4, 1, 10, 1, 1, 1, 0, 0, 0, 0, 0, 0, 0, 122, 1, 0, 0, 0, 'mob_spirit_totem_intro', 16048),
(60558, 0, 0, 0, 0, 0, 0, 60563, 0, 0, 0, 0, 0, 0, 0, 0, 0, 0, 41486, 0, 0, 0, 'Zandalari Spirit', '', '', 0, 92, 92, 4, 0, 16, 16, 0, 1, 1.14286, 1, 1, 4750, 11118, 0, 55538, 4, 2000, 2000, 1, 256, 0, 0, 0, 0, 0, 0, 0, 0, 0, 6, 0, 0, 0, 0, 0, 0, 0, 0, 0, 0, 0, 0, 0, 0, 0, 0, 0, 0, 0, 0, 0, 0, 0, '', 0, 3, 1, 1, 1, 1, 1, 0, 0, 0, 0, 0, 0, 0, 0, 1, 0, 0, 0, '', 16048),
(60559, 0, 0, 0, 0, 0, 0, 60577, 0, 0, 0, 0, 0, 0, 0, 0, 0, 0, 41487, 0, 0, 0, 'Zandalari Spirit', '', '', 0, 92, 92, 4, 0, 16, 16, 0, 1, 1.14286, 1, 1, 4750, 11118, 0, 55538, 4, 2000, 2000, 1, 256, 0, 0, 0, 0, 0, 0, 0, 0, 0, 6, 0, 0, 0, 0, 0, 0, 0, 0, 0, 0, 0, 0, 0, 0, 0, 0, 0, 0, 0, 0, 0, 0, 0, '', 0, 3, 1, 1, 1, 1, 1, 0, 0, 0, 0, 0, 0, 0, 0, 1, 0, 0, 0, '', 16048),
(60576, 0, 0, 0, 77001, 77040, 77081, 0, 0, 0, 0, 0, 0, 0, 0, 0, 0, 0, 40607, 0, 0, 0, 'Stone Quilen', '', '', 0, 91, 91, 4, 0, 16, 16, 0, 1.6, 1.42857, 1, 1, 4357, 6931, 0, 39504, 2, 2000, 2000, 1, 0, 0, 0, 46, 0, 0, 0, 0, 0, 0, 1, 0, 0, 60576, 0, 0, 0, 0, 0, 0, 0, 0, 0, 116980, 116982, 116974, 116977, 116970, 0, 0, 0, 0, 0, 0, 'SmartAI', 0, 3, 1, 5, 1, 1, 1, 0, 0, 0, 0, 0, 0, 0, 150, 1, 0, 0, 0, 'mob_stone_quilen', 16048),
(60701, 0, 0, 0, 0, 0, 0, 0, 0, 0, 0, 0, 0, 0, 0, 0, 0, 0, 41566, 0, 0, 0, 'Zian of the Endless Shadow', '', '', 0, 93, 93, 4, 0, 35, 35, 0, 0.888888, 1.42857, 1, 1, 5174, 12574, 0, 62114, 4, 1500, 2000, 2, 33816576, 0, 0, 0, 0, 0, 0, 0, 0, 0, 10, 2097260, 0, 0, 0, 0, 0, 0, 0, 0, 0, 0, 117685, 117628, 117697, 117506, 0, 0, 0, 0, 0, 0, 2900000, 3000000, '', 0, 3, 1, 100, 100, 1, 1, 0, 0, 0, 0, 0, 0, 0, 144, 1, 0, 769638399, 1, 'boss_spirit_kings', 16048),
(60708, 0, 0, 0, 0, 0, 0, 0, 0, 0, 0, 0, 0, 0, 0, 0, 0, 0, 41813, 0, 0, 0, 'Meng the Demented', '', '', 0, 93, 93, 4, 0, 35, 35, 0, 0.888888, 1.42857, 1, 1, 5174, 12574, 0, 62114, 4, 1500, 2000, 1, 33816576, 0, 0, 0, 0, 0, 0, 0, 0, 0, 10, 2097260, 0, 0, 0, 0, 0, 0, 0, 0, 0, 0, 117756, 117737, 117833, 117837, 117708, 0, 0, 0, 0, 2166, 2700000, 2800000, '', 0, 3, 1, 100, 1, 1, 1, 0, 0, 0, 0, 0, 0, 0, 144, 1, 0, 769638399, 1, 'boss_spirit_kings', 16048),
(60709, 0, 0, 0, 0, 0, 0, 0, 0, 0, 0, 0, 0, 0, 0, 0, 0, 0, 41812, 0, 0, 0, 'Qiang the Merciless', '', '', 0, 93, 93, 4, 0, 35, 35, 0, 0.888888, 1.42857, 1, 1, 5174, 12574, 0, 62114, 4, 5000, 2000, 1, 33816576, 0, 0, 0, 0, 0, 0, 0, 0, 0, 10, 270532716, 0, 0, 0, 0, 0, 0, 0, 0, 0, 0, 117948, 120207, 117910, 117961, 117920, 0, 0, 0, 0, 0, 2700000, 2800000, '', 0, 3, 1, 100, 1, 1, 1, 0, 0, 0, 0, 0, 0, 0, 144, 1, 0, 769638399, 1, 'boss_spirit_kings', 16048),
(60710, 0, 0, 0, 0, 0, 0, 0, 0, 0, 0, 0, 0, 0, 0, 0, 0, 0, 41565, 0, 0, 0, 'Subetai the Swift', '', '', 0, 93, 93, 4, 0, 35, 35, 0, 0.888888, 1.42857, 1, 1, 5174, 12574, 0, 62114, 4, 1500, 2000, 1, 33816576, 0, 0, 0, 0, 0, 0, 0, 0, 0, 10, 2097260, 0, 0, 0, 0, 0, 0, 0, 0, 0, 0, 118049, 118047, 118048, 118163, 118162, 118106, 118105, 118094, 0, 0, 0, 0, '', 0, 3, 1, 100, 1, 1, 1, 0, 0, 0, 0, 0, 0, 0, 144, 1, 0, 769638399, 1, 'boss_spirit_kings', 16048),
(60776, 0, 0, 0, 0, 0, 0, 60778, 0, 0, 0, 0, 0, 0, 0, 0, 0, 0, 43367, 0, 0, 0, 'Empyreal Focus', '', '', 0, 90, 90, 4, 0, 14, 14, 0, 1, 1, 1, 1, 450, 540, 0, 45, 4, 2000, 2000, 1, 33554432, 0, 0, 0, 0, 0, 0, 450, 540, 45, 9, 64, 0, 0, 0, 0, 0, 0, 0, 0, 0, 0, 116598, 132265, 116989, 0, 0, 0, 0, 0, 0, 0, 0, 0, '', 0, 3, 1, 3.5, 1, 1, 1, 0, 0, 0, 0, 0, 0, 0, 0, 1, 0, 0, 0, 'mob_empyreal_focus', 16048),
(60960, 0, 0, 0, 0, 0, 0, 60961, 0, 0, 0, 0, 0, 0, 0, 0, 0, 0, 11686, 11686, 0, 0, 'Core Target Stalker', '', '', 0, 90, 90, 4, 0, 14, 14, 0, 1, 1.14286, 1, 1, 450, 540, 0, 45, 4, 2000, 2000, 1, 33554688, 0, 0, 0, 0, 0, 0, 450, 540, 45, 10, 1024, 0, 0, 0, 0, 0, 0, 0, 0, 0, 0, 0, 0, 0, 0, 0, 0, 0, 0, 0, 0, 0, 0, '', 0, 3, 1, 10, 1, 1, 1, 0, 0, 0, 0, 0, 0, 0, 0, 1, 0, 0, 128, '', 16048),
(60984, 0, 0, 0, 0, 0, 0, 60987, 0, 0, 0, 0, 0, 0, 0, 0, 0, 0, 1126, 11686, 0, 0, 'Controller', '', '', 0, 92, 92, 4, 0, 14, 14, 0, 2, 0.714286, 1, 0, 4750, 11118, 0, 55538, 4, 2000, 2000, 1, 33554432, 0, 0, 0, 0, 0, 0, 0, 0, 0, 10, 1024, 0, 0, 0, 0, 0, 0, 0, 0, 0, 0, 0, 0, 0, 0, 0, 0, 0, 0, 0, 0, 0, 0, '', 0, 3, 1, 2, 1, 1, 1, 0, 0, 0, 0, 0, 0, 0, 94, 1, 0, 0, 128, 'boss_spirit_kings_controler', 16048),
(61131, 0, 0, 0, 77022, 77070, 77113, 61135, 0, 0, 0, 0, 0, 0, 0, 0, 0, 0, 41841, 0, 0, 0, 'Mogu\'shan Secret-Keeper', '', '', 0, 92, 92, 4, 0, 14, 14, 0, 0.888888, 0.952381, 1, 1, 460, 552, 0, 46, 4, 2000, 2000, 2, 32832, 0, 0, 0, 0, 0, 0, 460, 552, 46, 6, 2097224, 0, 61131, 0, 0, 0, 0, 0, 0, 0, 0, 118552, 118529, 0, 0, 0, 0, 0, 0, 0, 0, 11000, 12000, '', 0, 3, 1, 30, 1, 1, 1, 0, 0, 0, 0, 0, 0, 0, 0, 1, 0, 0, 0, 'mob_mogu_secret_keeper', 16048),
(61139, 0, 0, 0, 77023, 77071, 77114, 61144, 0, 0, 0, 0, 0, 0, 0, 0, 0, 0, 41852, 0, 0, 0, 'Shan-xi Watershaper', '', '', 0, 90, 90, 4, 0, 190, 190, 0, 1, 0.992063, 1, 1, 3997, 7691, 0, 40904, 4, 2000, 2000, 2, 32768, 0, 0, 0, 0, 0, 0, 0, 0, 0, 6, 2097224, 0, 0, 0, 0, 0, 0, 0, 0, 0, 0, 0, 0, 0, 0, 0, 0, 0, 0, 0, 0, 0, 0, '', 0, 3, 1, 5, 1, 1, 1, 0, 0, 0, 0, 0, 0, 0, 0, 1, 0, 0, 0, 'mob_shan_xi_watershaper', 16048),
(61250, 0, 0, 0, 77013, 77057, 77100, 61262, 0, 0, 0, 0, 0, 0, 0, 0, 0, 0, 40138, 0, 0, 0, 'Sorcerer Mogu', '', '', 0, 92, 92, 4, 0, 35, 35, 0, 0.888888, 1.42857, 1, 1, 5174, 12574, 0, 62114, 4, 1500, 2000, 2, 0, 0, 0, 0, 0, 0, 0, 0, 0, 0, 7, 270534760, 0, 61250, 0, 0, 0, 0, 0, 0, 0, 0, 119365, 0, 0, 0, 0, 0, 0, 0, 0, 0, 11000, 12000, 'SmartAI', 0, 3, 1, 8, 1, 1, 1, 0, 0, 0, 0, 0, 0, 0, 144, 1, 0, 0, 0, 'mob_sorcerer_mogu', 16048),
(61330, 0, 0, 0, 0, 0, 0, 61331, 0, 0, 0, 0, 0, 0, 0, 0, 0, 0, 14501, 0, 0, 0, 'Energy Vortex Stalker', '', '', 0, 90, 90, 4, 0, 2191, 2191, 0, 1, 1.14286, 1, 1, 450, 540, 0, 45, 4, 2000, 2000, 1, 33555200, 0, 0, 0, 0, 0, 0, 450, 540, 45, 9, 0, 0, 0, 0, 0, 0, 0, 0, 0, 0, 0, 0, 0, 0, 0, 0, 0, 0, 0, 0, 0, 0, 0, '', 0, 3, 1, 10, 1, 1, 1, 0, 0, 0, 0, 0, 0, 0, 0, 1, 0, 0, 0, '', 16048),
(61334, 0, 0, 0, 77003, 77046, 77087, 61335, 0, 0, 0, 0, 0, 0, 0, 0, 0, 0, 41965, 0, 0, 0, 'Cursed Mogu Sculpture', '', '', 0, 90, 90, 4, 0, 16, 16, 0, 1, 0.952381, 1, 1, 3997, 7691, 0, 40904, 4, 2000, 2000, 2, 33587200, 2099200, 0, 0, 0, 0, 0, 0, 0, 0, 6, 0, 0, 61334, 0, 0, 0, 0, 0, 0, 0, 0, 121087, 121224, 0, 0, 0, 0, 0, 0, 0, 0, 10000, 11000, '', 0, 3, 1, 25, 1, 1, 1, 0, 0, 0, 0, 0, 0, 0, 0, 1, 0, 2147483647, 0, 'mob_cursed_mogu_sculture', 16048),
(61352, 0, 0, 0, 0, 0, 0, 61393, 0, 0, 0, 0, 0, 0, 0, 0, 0, 0, 1126, 11686, 0, 0, 'Story Time', '', '', 0, 92, 92, 4, 0, 14, 14, 0, 2, 0.714286, 1, 0, 4750, 11118, 0, 55538, 4, 2000, 2000, 1, 33554432, 0, 0, 0, 0, 0, 0, 0, 0, 0, 10, 1024, 0, 0, 0, 0, 0, 0, 0, 0, 0, 0, 0, 0, 0, 0, 0, 0, 0, 0, 0, 0, 0, 0, '', 0, 3, 1, 2, 1, 1, 1, 0, 0, 0, 0, 0, 0, 0, 94, 1, 0, 0, 128, '', 16048),
(61989, 0, 0, 0, 77004, 77047, 77088, 61990, 0, 0, 0, 0, 0, 0, 0, 0, 0, 0, 42328, 0, 0, 0, 'Cursed Mogu Sculpture', '', '', 0, 90, 90, 4, 0, 16, 16, 0, 1, 0.952381, 1, 1, 3997, 7691, 0, 40904, 4, 2000, 2000, 2, 33587200, 2099200, 0, 0, 0, 0, 0, 0, 0, 0, 6, 0, 0, 61989, 0, 0, 0, 0, 0, 0, 0, 0, 0, 121247, 121229, 0, 0, 0, 0, 0, 0, 0, 10000, 11000, '', 0, 3, 1, 15, 1, 1, 1, 0, 0, 0, 0, 0, 0, 0, 0, 1, 0, 2147483647, 0, 'mob_cursed_mogu_sculture', 16048),
(62004, 0, 0, 0, 0, 0, 0, 62006, 0, 0, 0, 0, 0, 0, 0, 0, 0, 0, 1126, 31379, 25942, 0, 'Ghost Essence', '', '', 0, 85, 85, 4, 0, 16, 16, 0, 0.4, 1.14286, 1, 0, 9839, 14339, 0, 42299, 4, 2000, 2000, 2, 256, 0, 0, 0, 0, 0, 0, 0, 0, 0, 10, 1091568704, 0, 0, 0, 0, 0, 0, 0, 0, 0, 0, 0, 0, 0, 0, 0, 0, 0, 0, 0, 2223, 0, 0, '', 0, 4, 1, 9, 7, 1, 1, 0, 0, 0, 0, 0, 0, 0, 122, 1, 0, 0, 128, '', 16048),
(64061, 0, 0, 0, 77024, 77072, 77115, 0, 0, 0, 0, 0, 0, 0, 0, 0, 0, 0, 43677, 0, 0, 0, 'Mogu\'shan Warden', '', '', 0, 92, 92, 4, 0, 16, 16, 0, 1.6, 1.71429, 1, 1, 11839, 17339, 0, 45299, 4, 2000, 2000, 2, 32832, 0, 0, 0, 0, 0, 0, 0, 0, 0, 6, 2097224, 0, 64061, 0, 0, 0, 0, 0, 0, 0, 0, 126955, 126958, 126970, 0, 0, 0, 0, 0, 0, 0, 11000, 12000, '', 0, 3, 1, 30, 1, 1, 1, 0, 0, 0, 0, 0, 0, 0, 167, 1, 0, 0, 0, 'mob_mogu_warden', 16048),
(64063, 0, 0, 0, 77025, 77073, 77116, 0, 0, 0, 0, 0, 0, 0, 0, 0, 0, 0, 43678, 0, 0, 0, 'Mogu\'shan Arcanist', '', '', 0, 92, 92, 4, 0, 16, 16, 0, 0.888888, 0.952381, 1, 1, 11839, 17339, 0, 45299, 4, 2000, 2000, 2, 32832, 0, 0, 0, 0, 0, 0, 0, 0, 0, 6, 2097224, 0, 64063, 0, 0, 0, 0, 0, 0, 0, 0, 126973, 0, 0, 0, 0, 0, 0, 0, 0, 0, 11000, 12000, '', 0, 3, 1, 18, 1, 1, 1, 0, 0, 0, 0, 0, 0, 0, 0, 1, 0, 0, 0, '', 16048),
(64068, 0, 0, 0, 77026, 77074, 77117, 0, 0, 0, 0, 0, 0, 0, 0, 0, 0, 0, 43679, 0, 0, 0, 'Mogu\'shan Engine Keeper', '', '', 0, 92, 92, 4, 0, 16, 16, 0, 0.888888, 0.952381, 1, 1, 11839, 17339, 0, 45299, 4, 2000, 2000, 2, 32832, 0, 0, 0, 0, 0, 0, 0, 0, 0, 6, 2097224, 0, 64068, 0, 0, 0, 0, 0, 0, 0, 0, 126980, 126985, 0, 0, 0, 0, 0, 0, 0, 0, 11000, 12000, '', 0, 3, 1, 32, 1, 1, 1, 0, 0, 0, 0, 0, 0, 0, 0, 1, 0, 0, 0, 'mob_mogu_engine_keeper', 16048),
(64183, 0, 0, 0, 77002, 77041, 77082, 64190, 0, 0, 0, 0, 0, 0, 0, 0, 0, 0, 41155, 0, 0, 0, 'Enormous Stone Quilen', '', '', 0, 91, 91, 4, 0, 16, 16, 0, 1, 1.42857, 1, 1, 4326, 9662, 0, 48962, 4, 2000, 2000, 1, 0, 0, 0, 128, 0, 0, 0, 0, 0, 0, 1, 0, 0, 64183, 0, 0, 0, 0, 0, 0, 0, 0, 125096, 125092, 0, 0, 0, 0, 0, 0, 0, 0, 0, 0, '', 0, 3, 1, 20, 1, 1, 1, 0, 0, 0, 0, 0, 0, 0, 150, 1, 0, 0, 0, 'mob_enormous_stone_quilen', 16048),
(64529, 0, 0, 0, 0, 0, 0, 64539, 0, 0, 0, 0, 0, 0, 0, 0, 0, 0, 27401, 27401, 0, 0, 'Mogu Runes (Horizontal Visual\)', '', '', 0, 93, 93, 4, 0, 35, 35, 16777216, 1, 1.14286, 1, 0, 5174, 12574, 0, 62114, 4, 2000, 2000, 1, 33554688, 0, 0, 0, 0, 0, 0, 0, 0, 0, 9, 1074790400, 6, 0, 0, 0, 0, 0, 0, 0, 0, 0, 0, 0, 0, 0, 0, 0, 0, 0, 0, 0, 0, 0, '', 0, 4, 1, 1, 1, 1, 1, 0, 0, 0, 0, 0, 0, 0, 0, 1, 0, 0, 0, '', 16048),
(64600, 0, 0, 0, 0, 0, 0, 64624, 0, 0, 0, 0, 0, 0, 0, 0, 0, 0, 27401, 27401, 0, 0, 'Mogu Runes (Vertical Visual\)', '', '', 0, 93, 93, 4, 0, 35, 35, 16777216, 1, 1.14286, 1, 0, 5174, 12574, 0, 62114, 4, 2000, 2000, 1, 33554688, 0, 0, 0, 0, 0, 0, 0, 0, 0, 9, 1074790400, 6, 0, 0, 0, 0, 0, 0, 0, 0, 0, 0, 0, 0, 0, 0, 0, 0, 0, 0, 0, 0, 0, '', 0, 4, 1, 1, 1, 1, 1, 0, 0, 0, 0, 0, 0, 0, 0, 1, 0, 0, 0, '', 16048),
(64947, 0, 0, 0, 77027, 77075, 77118, 64963, 0, 0, 0, 0, 0, 0, 0, 0, 0, 0, 43677, 0, 0, 0, 'Mogu\'shan Warden', '', '', 0, 92, 92, 4, 0, 16, 16, 0, 1.6, 1.71429, 1, 1, 11839, 17339, 0, 45299, 4, 2000, 2000, 2, 32832, 0, 0, 0, 0, 0, 0, 0, 0, 0, 6, 2097224, 0, 64947, 0, 0, 0, 0, 0, 0, 0, 0, 126955, 126958, 126970, 0, 0, 0, 0, 0, 0, 0, 11000, 12000, '', 0, 3, 1, 30, 1, 1, 1, 0, 0, 0, 0, 0, 0, 0, 167, 1, 0, 0, 0, 'mob_mogu_warden', 16048),
(65227, 0, 0, 0, 0, 0, 0, 65230, 0, 0, 0, 0, 0, 0, 0, 0, 0, 0, 27401, 27401, 0, 0, 'Mogu Runes (Pitch Forward 120\) DNT', '', '', 0, 93, 93, 4, 0, 35, 35, 16777216, 1, 1.14286, 1, 0, 5174, 12574, 0, 62114, 4, 2000, 2000, 1, 33554688, 0, 0, 0, 0, 0, 0, 0, 0, 0, 9, 1074790400, 6, 0, 0, 0, 0, 0, 0, 0, 0, 0, 0, 0, 0, 0, 0, 0, 0, 0, 0, 0, 0, 0, '', 0, 4, 1, 1, 1, 1, 1, 0, 0, 0, 0, 0, 0, 0, 0, 1, 0, 0, 0, '', 16048),
(65293, 0, 0, 0, 0, 0, 0, 65296, 0, 0, 0, 0, 0, 0, 0, 0, 0, 0, 43849, 0, 0, 0, 'Infinite Energy', '', '', 0, 90, 90, 4, 0, 35, 35, 0, 2.4, 1.28571, 1, 0, 9839, 14339, 0, 42299, 4, 2000, 2000, 1, 33554432, 0, 0, 0, 0, 0, 0, 0, 0, 0, 9, 0, 0, 0, 0, 0, 0, 0, 0, 0, 0, 0, 0, 0, 0, 0, 0, 0, 0, 0, 0, 0, 0, 0, '', 0, 4, 3, 1.2, 1, 1, 1, 0, 0, 0, 0, 0, 0, 0, 136, 1, 0, 0, 0, 'mob_infinite_energy', 16048),
(65297, 0, 0, 0, 0, 0, 0, 65299, 0, 0, 0, 0, 0, 0, 0, 0, 0, 0, 1126, 11686, 0, 0, 'Invisible Stalker', '', '', 0, 1, 1, 4, 0, 35, 35, 0, 1, 1.14286, 1, 0, 9839, 14339, 0, 42299, 4, 2000, 2000, 1, 33555200, 0, 0, 0, 0, 0, 0, 0, 0, 0, 10, 1024, 0, 0, 0, 0, 0, 0, 0, 0, 0, 0, 0, 0, 0, 0, 0, 0, 0, 0, 0, 0, 0, 0, '', 0, 3, 1, 1, 1, 1, 1, 0, 0, 0, 0, 0, 0, 0, 0, 1, 0, 0, 128, '', 16048),
(65343, 0, 0, 0, 0, 0, 0, 65345, 0, 0, 0, 0, 0, 0, 0, 0, 0, 0, 43897, 43898, 43899, 0, 'Bone Spider', '', '', 0, 1, 1, 4, 0, 31, 31, 0, 1, 0.857143, 1, 0, 9839, 14339, 0, 42299, 4, 2000, 2000, 1, 32768, 0, 0, 0, 0, 0, 0, 0, 0, 0, 8, 0, 0, 0, 0, 0, 0, 0, 0, 0, 0, 0, 0, 0, 0, 0, 0, 0, 0, 0, 0, 0, 0, 0, '', 0, 3, 1, 0.2, 1, 1, 1, 0, 0, 0, 0, 0, 0, 0, 100, 1, 0, 0, 64, '', 16048),
(60184, 0, 0, 0, 0, 0, 0, 0, 0, 0, 0, 0, 0, 0, 0, 0, 0, 0, 41286, 0, 0, 0, 'Shadowy Minion', '', '', 0, 92, 92, 0, 0, 16, 16, 0, 1, 1.14286, 1, 1, 0, 0, 0, 0, 2, 2000, 2000, 8, 0, 0, 0, 0, 0, 0, 0, 0, 0, 0, 6, 2097160, 0, 0, 0, 0, 0, 0, 0, 0, 0, 0, 122118, 0, 0, 0, 0, 0, 0, 0, 0, 0, 0, 0, '', 0, 3, 1, 0.6, 1, 1, 1, 0, 0, 0, 0, 0, 0, 0, 0, 1, 0, 0, 0, 'mob_shadowy_minion', 16048),
(60240, 0, 0, 0, 0, 0, 0, 0, 0, 0, 0, 0, 0, 0, 0, 0, 0, 0, 41320, 41321, 41322, 39314, 'Totem des esprits', '', '', 0, 92, 92, 4, 0, 16, 16, 0, 1, 1, 1, 1, 0, 0, 0, 0, 2, 2000, 2000, 1, 0, 0, 0, 0, 0, 0, 0, 0, 0, 0, 11, 0, 0, 0, 0, 0, 0, 0, 0, 0, 0, 0, 0, 0, 0, 0, 0, 0, 0, 0, 0, 0, 0, 0, '', 0, 3, 1, 0.6, 1, 1, 1, 0, 0, 0, 0, 0, 0, 0, 0, 1, 0, 0, 0, 'mob_spirit_totem', 16048),
(60241, 0, 0, 0, 0, 0, 0, 0, 0, 0, 0, 0, 0, 0, 0, 0, 0, 0, 11686, 31379, 0, 0, 'Lightning Charge', '', '', 0, 1, 1, 4, 0, 35, 35, 0, 1, 1.14286, 1, 1, 0, 0, 0, 0, 2, 2000, 2000, 1, 0, 0, 0, 0, 0, 0, 0, 0, 0, 0, 10, 0, 0, 0, 0, 0, 0, 0, 0, 0, 0, 0, 116374, 115856, 0, 0, 0, 0, 0, 0, 0, 0, 0, 0, '', 0, 3, 1, 1, 1, 1, 1, 0, 0, 0, 0, 0, 0, 0, 129, 1, 0, 769638399, 128, 'mob_lightning_fist', 16048),
(60304, 0, 0, 0, 0, 0, 0, 0, 0, 0, 0, 0, 0, 0, 0, 0, 0, 0, 41366, 0, 0, 0, 'Living Cobalt Crystal', '', 'openhandglow', 0, 1, 1, 4, 0, 35, 35, 0, 1, 1.14286, 1, 0, 0, 0, 0, 0, 1, 2000, 2000, 1, 0, 0, 0, 0, 0, 0, 0, 0, 0, 0, 10, 1074791424, 6, 0, 0, 0, 0, 0, 0, 0, 0, 0, 0, 0, 0, 0, 0, 0, 0, 0, 0, 0, 0, 0, '', 0, 3, 1, 1, 1, 1, 1, 0, 0, 0, 0, 0, 0, 0, 94, 1, 0, 0, 0, 'mob_living_crystal', 16048),
(60306, 0, 0, 0, 0, 0, 0, 0, 0, 0, 0, 0, 0, 0, 0, 0, 0, 0, 42643, 0, 0, 0, 'Living Jade Crystal', '', 'openhandglow', 0, 1, 1, 4, 0, 35, 35, 0, 1, 1.14286, 1, 0, 0, 0, 0, 0, 1, 2000, 2000, 1, 0, 0, 0, 0, 0, 0, 0, 0, 0, 0, 10, 1074791424, 6, 0, 0, 0, 0, 0, 0, 0, 0, 0, 0, 0, 0, 0, 0, 0, 0, 0, 0, 0, 0, 0, '', 0, 3, 1, 1, 1, 1, 1, 0, 0, 0, 0, 0, 0, 0, 94, 1, 0, 0, 0, 'mob_living_crystal', 16048),
(60307, 0, 0, 0, 0, 0, 0, 0, 0, 0, 0, 0, 0, 0, 0, 0, 0, 0, 42641, 0, 0, 0, 'Living Jasper Crystal', '', 'openhandglow', 0, 1, 1, 4, 0, 35, 35, 0, 1, 1.14286, 1, 0, 0, 0, 0, 0, 1, 2000, 2000, 1, 0, 0, 0, 0, 0, 0, 0, 0, 0, 0, 10, 1074791424, 6, 0, 0, 0, 0, 0, 0, 0, 0, 0, 0, 0, 0, 0, 0, 0, 0, 0, 0, 0, 0, 0, '', 0, 3, 1, 1, 1, 1, 1, 0, 0, 0, 0, 0, 0, 0, 94, 1, 0, 0, 0, 'mob_living_crystal', 16048),
(60308, 0, 0, 0, 0, 0, 0, 0, 0, 0, 0, 0, 0, 0, 0, 0, 0, 0, 42642, 0, 0, 0, 'Living Amethyst Crystal', '', 'openhandglow', 0, 1, 1, 4, 0, 35, 35, 0, 1, 1.14286, 1, 0, 0, 0, 0, 0, 1, 2000, 2000, 1, 0, 0, 0, 0, 0, 0, 0, 0, 0, 0, 10, 1074791424, 6, 0, 0, 0, 0, 0, 0, 0, 0, 0, 0, 0, 0, 0, 0, 0, 0, 0, 0, 0, 0, 0, '', 0, 3, 1, 1, 1, 1, 1, 0, 0, 0, 0, 0, 0, 0, 94, 1, 0, 0, 0, 'mob_living_crystal', 16048),
(60396, 0, 0, 0, 0, 0, 0, 60433, 0, 0, 0, 0, 0, 0, 0, 0, 0, 0, 41388, 0, 0, 0, 'Emperor\'s Rage', '', '', 0, 92, 92, 4, 0, 16, 16, 0, 1, 1.14286, 1, 1, 0, 0, 0, 0, 2, 2000, 2000, 1, 0, 0, 0, 0, 0, 0, 0, 0, 0, 0, 7, 2097224, 0, 0, 0, 0, 0, 0, 0, 0, 0, 0, 116525, 0, 0, 0, 0, 0, 0, 0, 0, 0, 0, 0, '', 0, 3, 1, 4, 1, 1, 1, 0, 0, 0, 0, 0, 0, 0, 130, 1, 0, 0, 0, 'mob_woe_add_generic', 16048),
(60399, 0, 0, 0, 0, 0, 0, 0, 0, 0, 0, 0, 0, 0, 0, 0, 0, 0, 41391, 0, 0, 0, 'Qin-xi', 'Emperor\'s Closed Fist', '', 0, 93, 93, 4, 0, 35, 35, 0, 1, 1.14286, 1, 1, 5174, 12574, 0, 62114, 4, 2000, 2000, 1, 0, 0, 0, 0, 0, 0, 0, 0, 0, 0, 7, 2097260, 1, 0, 0, 0, 0, 0, 0, 0, 0, 0, 0, 0, 0, 0, 0, 0, 0, 0, 0, 0, 2900000, 3000000, '', 0, 3, 1, 360, 0.001902, 1, 1, 0, 0, 0, 0, 0, 0, 0, 156, 1, 0, 769638399, 0, 'boss_jin_qin_xi', 16048),
(60400, 0, 0, 0, 0, 0, 0, 0, 0, 0, 0, 0, 0, 0, 0, 0, 0, 0, 41392, 0, 0, 0, 'Jan-xi', 'Emperor\'s Open Hand', '', 0, 93, 93, 4, 0, 35, 35, 0, 1, 1.14286, 1, 1, 5174, 12574, 0, 62114, 4, 2000, 2000, 1, 0, 0, 0, 0, 0, 0, 0, 0, 0, 0, 7, 2097260, 1, 0, 0, 0, 0, 0, 0, 0, 0, 0, 116969, 0, 0, 0, 0, 0, 0, 0, 0, 0, 0, 0, '', 0, 3, 1, 360, 0.001902, 1, 1, 0, 0, 0, 0, 0, 0, 0, 156, 1, 0, 769638399, 0, 'boss_jin_qin_xi', 16048),
(60438, 0, 0, 0, 0, 0, 0, 0, 0, 0, 0, 0, 0, 0, 0, 0, 0, 0, 11686, 11686, 0, 0, 'Wildfire Spark', '', '', 0, 1, 1, 4, 0, 14, 14, 0, 1, 1.14286, 1, 0, 0, 0, 0, 0, 1, 2000, 2000, 1, 0, 0, 0, 0, 0, 0, 0, 0, 0, 0, 10, 1024, 0, 0, 0, 0, 0, 0, 0, 0, 0, 0, 115856, 116821, 0, 0, 0, 0, 0, 0, 0, 0, 0, 0, '', 1, 3, 1, 4, 7, 1, 1, 0, 0, 0, 0, 0, 0, 0, 84, 1, 0, 769638399, 128, 'mob_wild_spark', 16048),
(60480, 0, 0, 0, 0, 0, 0, 0, 0, 0, 0, 0, 0, 0, 0, 0, 0, 0, 41443, 0, 0, 0, 'Titan Spark', '', '', 0, 1, 1, 4, 0, 35, 35, 0, 1, 1.14286, 1, 1, 0, 0, 0, 0, 2, 2000, 2000, 1, 0, 0, 0, 0, 0, 0, 0, 0, 0, 0, 10, 2097224, 0, 0, 0, 0, 0, 0, 0, 0, 0, 0, 116829, 0, 0, 0, 0, 0, 0, 0, 0, 0, 0, 0, '', 0, 3, 1, 4, 1, 1, 1, 0, 0, 0, 0, 0, 0, 0, 88, 1, 0, 0, 0, 'mob_woe_titan_spark', 16048),
(60512, 0, 0, 0, 0, 0, 0, 0, 0, 0, 0, 0, 0, 0, 0, 0, 0, 0, 41320, 41321, 41322, 39314, 'Spirit Totem', '', '', 0, 1, 1, 4, 0, 35, 35, 0, 1, 1.14286, 1, 1, 1, 2, 0, 1, 2, 2000, 2000, 1, 0, 0, 0, 0, 0, 0, 0, 1, 2, 1, 11, 1074790400, 6, 0, 0, 0, 0, 0, 0, 0, 0, 0, 0, 0, 0, 0, 0, 0, 0, 0, 0, 0, 0, 0, '', 0, 4, 1, 10, 1, 1, 1, 0, 0, 0, 0, 0, 0, 0, 122, 1, 0, 0, 0, 'mob_spirit_totem_intro', 16048),
(60627, 0, 0, 0, 0, 0, 0, 0, 0, 0, 0, 0, 0, 0, 0, 0, 0, 0, 11686, 1126, 0, 0, 'Siphoning Shield', '', '', 0, 1, 1, 4, 0, 35, 35, 0, 1, 1.14286, 1, 0, 0, 0, 0, 0, 1, 2000, 2000, 1, 0, 0, 0, 0, 0, 0, 0, 0, 0, 0, 10, 1024, 0, 0, 0, 0, 0, 0, 0, 0, 0, 0, 115856, 118071, 0, 0, 0, 0, 0, 0, 0, 0, 0, 0, '', 0, 3, 1, 4, 7, 1, 1, 0, 0, 0, 0, 0, 0, 0, 84, 1, 0, 0, 128, 'mob_siphon_shield', 16048),
(60644, 0, 0, 0, 0, 0, 0, 0, 0, 0, 0, 0, 0, 0, 0, 0, 0, 0, 43928, 0, 0, 0, 'Troll Explosives', '', '', 0, 1, 1, 4, 0, 35, 35, 0, 1, 1.14286, 1, 1, 0, 0, 0, 0, 2, 2000, 2000, 1, 0, 0, 0, 0, 0, 0, 0, 0, 0, 0, 7, 0, 0, 0, 0, 0, 0, 0, 0, 0, 0, 0, 0, 0, 0, 0, 0, 0, 0, 0, 0, 0, 0, 0, '', 0, 3, 1, 10, 1, 1, 1, 0, 0, 0, 0, 0, 0, 0, 0, 1, 0, 0, 0, '', 16048),
(60648, 0, 0, 0, 0, 0, 0, 0, 0, 0, 0, 0, 0, 0, 0, 0, 0, 0, 19725, 25204, 0, 0, 'Ancient Mogu Machine', '', '', 0, 1, 1, 4, 0, 35, 35, 0, 1, 1.14286, 1, 0, 0, 0, 0, 0, 1, 2000, 2000, 1, 0, 0, 0, 0, 0, 0, 0, 0, 0, 0, 9, 2098252, 8, 0, 0, 0, 0, 0, 0, 0, 0, 0, 0, 0, 0, 0, 0, 0, 0, 0, 0, 0, 0, 0, '', 0, 3, 1, 1, 1, 1, 1, 0, 0, 0, 0, 0, 0, 0, 0, 1, 0, 0, 128, 'mob_ancient_mogu_machine', 16048),
(60731, 0, 0, 0, 0, 0, 0, 0, 0, 0, 0, 0, 0, 0, 0, 0, 0, 0, 41571, 41571, 0, 0, 'Undying Shadows', '', '', 0, 92, 92, 4, 0, 14, 14, 0, 0.8, 0.8, 1, 1, 0, 0, 0, 0, 2, 2000, 2000, 1, 0, 0, 0, 0, 0, 0, 0, 0, 0, 0, 10, 2097256, 0, 0, 0, 0, 0, 0, 0, 0, 0, 0, 117539, 118303, 117514, 0, 0, 0, 0, 0, 0, 0, 0, 0, '', 0, 3, 1, 1.5, 1, 1, 1, 0, 0, 0, 0, 0, 0, 0, 80, 1, 0, 0, 0, 'mob_undying_shadow', 16048),
(60793, 0, 0, 0, 0, 0, 0, 60805, 0, 0, 0, 0, 0, 0, 0, 0, 0, 0, 41593, 0, 0, 0, 'Celestial Protector', '', '', 0, 92, 92, 4, 0, 14, 14, 0, 1.55556, 1.14286, 1, 1, 4750, 11118, 0, 55538, 4, 1500, 2000, 1, 32768, 0, 0, 0, 0, 0, 0, 0, 0, 0, 4, 2097224, 0, 0, 0, 0, 0, 0, 0, 0, 0, 0, 117945, 0, 117911, 129711, 117870, 0, 0, 0, 0, 0, 0, 0, '', 0, 4, 1, 10, 1, 1, 1, 0, 0, 0, 0, 0, 0, 0, 0, 1, 0, 0, 0, 'mob_celestial_protector', 16048),
(60913, 0, 0, 0, 0, 0, 0, 60935, 0, 0, 0, 0, 0, 0, 0, 0, 0, 0, 41689, 0, 0, 0, 'Energy Charge', '', '', 0, 90, 90, 4, 0, 14, 14, 0, 0.92, 0.328571, 1, 0, 0, 0, 0, 0, 4, 2000, 2000, 1, 0, 0, 0, 0, 0, 0, 0, 0, 0, 0, 9, 0, 0, 0, 0, 0, 0, 0, 0, 0, 0, 0, 0, 0, 0, 0, 0, 0, 0, 0, 0, 0, 0, 0, '', 0, 4, 2, 1.25, 1, 1, 1, 0, 0, 0, 0, 0, 0, 0, 923, 1, 0, 0, 0, 'mob_energy_charge', 16048),
(60940, 0, 0, 0, 0, 0, 0, 0, 0, 0, 0, 0, 0, 0, 0, 0, 0, 0, 41286, 0, 0, 0, 'Shadowy Minion', '', '', 0, 1, 1, 4, 0, 35, 35, 0, 1, 1.14286, 1, 1, 0, 0, 0, 0, 2, 2000, 2000, 1, 0, 0, 0, 0, 0, 0, 0, 0, 0, 0, 3, 1074790400, 6, 0, 0, 0, 0, 0, 0, 0, 0, 0, 0, 0, 0, 0, 0, 0, 0, 0, 0, 0, 0, 0, '', 0, 3, 1, 1, 1, 1, 1, 0, 0, 0, 0, 0, 0, 0, 0, 1, 0, 769638399, 0, 'mob_shadowy_minion', 16048),
(60958, 0, 0, 0, 0, 0, 0, 0, 0, 0, 0, 0, 0, 0, 0, 0, 0, 0, 41718, 0, 0, 0, 'Pinning Arrow', '', '', 0, 90, 90, 4, 0, 14, 14, 0, 1, 1.14286, 1, 0, 0, 0, 0, 0, 1, 2000, 2000, 1, 0, 0, 0, 0, 0, 0, 0, 0, 0, 0, 10, 1024, 16, 0, 0, 0, 0, 0, 0, 0, 0, 0, 0, 0, 0, 0, 0, 0, 0, 0, 0, 0, 0, 0, '', 0, 3, 1, 1, 1, 1, 1, 0, 0, 0, 0, 0, 0, 0, 94, 1, 0, 0, 0, 'mob_pinning_arrow', 16048),
(61140, 0, 0, 0, 0, 0, 0, 0, 0, 0, 0, 0, 0, 0, 0, 0, 0, 0, 42429, 0, 0, 0, 'Gara\'jal the Spiritbinder', '', '', 0, 1, 1, 4, 0, 35, 35, 0, 1, 1.14286, 1, 1, 0, 0, 0, 0, 2, 2000, 2000, 1, 0, 0, 0, 0, 0, 0, 0, 0, 0, 0, 7, 36, 0, 0, 0, 0, 0, 0, 0, 0, 0, 0, 0, 0, 0, 0, 0, 0, 0, 0, 0, 0, 0, 0, '', 0, 4, 1, 540, 1, 1, 1, 0, 0, 0, 0, 0, 0, 0, 122, 1, 0, 0, 0, 'mob_garajal_ghost', 16048),
(62003, 0, 0, 0, 0, 0, 0, 0, 0, 0, 0, 0, 0, 0, 0, 0, 0, 0, 42337, 0, 0, 0, 'Severer of Souls', '', '', 0, 92, 92, 4, 0, 14, 14, 0, 1.11111, 1.14286, 1, 1, 0, 0, 0, 0, 2, 2000, 2000, 1, 256, 0, 0, 0, 0, 0, 0, 0, 0, 0, 3, 1074790400, 0, 0, 0, 0, 0, 0, 0, 0, 0, 0, 0, 0, 0, 0, 0, 0, 0, 0, 0, 0, 0, 0, '', 0, 3, 1, 0.4, 1, 1, 1, 0, 0, 0, 0, 0, 0, 0, 0, 1, 0, 0, 0, 'mob_soul_cutter', 16048),
(62026, 0, 0, 0, 0, 0, 0, 0, 0, 0, 0, 0, 0, 0, 0, 0, 0, 0, 1126, 11686, 0, 0, 'General Purpose Bunny ZTO', '', '', 0, 1, 1, 4, 0, 35, 35, 0, 1, 1.14286, 1, 0, 0, 0, 0, 0, 1, 2000, 2000, 1, 0, 0, 0, 0, 0, 0, 0, 0, 0, 0, 10, 1049600, 0, 0, 0, 0, 0, 0, 0, 0, 0, 0, 0, 0, 0, 0, 0, 0, 0, 0, 0, 0, 0, 0, '', 0, 3, 1, 1, 1, 1, 1, 0, 0, 0, 0, 0, 0, 0, 187, 1, 0, 0, 128, 'mob_tiling_creature', 16048),
(62618, 0, 0, 0, 0, 0, 0, 62673, 0, 0, 0, 0, 0, 0, 0, 0, 0, 0, 42095, 0, 0, 0, 'Cosmic Spark', '', '', 0, 90, 90, 4, 0, 14, 14, 0, 2.4, 0.857143, 1, 1, 0, 0, 0, 0, 4, 2000, 2000, 1, 0, 0, 0, 0, 0, 0, 0, 0, 0, 0, 4, 0, 0, 0, 0, 0, 0, 0, 0, 0, 0, 0, 0, 117870, 0, 0, 0, 0, 0, 0, 0, 0, 0, 0, '', 0, 3, 1, 2, 1, 1, 1, 0, 0, 0, 0, 0, 0, 0, 106, 1, 0, 0, 0, 'mob_cosmic_spark', 16048),
(65803, 0, 0, 0, 0, 0, 0, 0, 0, 0, 0, 0, 0, 0, 0, 0, 0, 0, 11686, 11686, 0, 0, 'Cobalt Mine', '', '', 0, 1, 1, 4, 0, 35, 35, 0, 1, 1.14286, 1, 1, 0, 0, 0, 0, 2, 2000, 2000, 1, 0, 0, 0, 0, 0, 0, 0, 0, 0, 0, 4, 8, 0, 0, 0, 0, 0, 0, 0, 0, 0, 0, 116281, 0, 0, 0, 0, 0, 0, 0, 0, 0, 0, 0, '', 0, 3, 1, 1, 1, 1, 1, 0, 0, 0, 0, 0, 0, 0, 0, 1, 0, 0, 128, 'mob_cobalt_mine', 16048);

DELETE FROM `gameobject_template` WHERE `entry` IN
(
210868, 211626, 211628, 211650, 211693, 213245, 213246, 213247, 213248,
213258, 213285, 213373, 213506, 213526, 213527, 213528, 213529, 213933,
213937, 213938, 213939, 213940, 213941, 213942, 213943, 213944, 213945,
213946, 213947, 213948, 213949, 213950, 213951, 213952, 213953, 213954,
213955, 214412, 214441, 214452, 214497, 214526, 214696, 215114, 211584,
211603
);

INSERT INTO `gameobject_template` (`entry`, `type`, `displayId`, `name`, `IconName`, `castBarCaption`, `unk1`, `faction`, `flags`, `size`, `questItem1`, `questItem2`, `questItem3`, `questItem4`, `questItem5`, `questItem6`, `data0`, `data1`, `data2`, `data3`, `data4`, `data5`, `data6`, `data7`, `data8`, `data9`, `data10`, `data11`, `data12`, `data13`, `data14`, `data15`, `data16`, `data17`, `data18`, `data19`, `data20`, `data21`, `data22`, `data23`, `data24`, `data25`, `data26`, `data27`, `data28`, `data29`, `data30`, `data31`, `unkInt32`, `AIName`, `ScriptName`, `WDBVerified`) VALUES
(210868, 0, 11281, 'Outer Doors', '', '', '', 114, 32, 1.54695, 0, 0, 0, 0, 0, 0, 0, 1634, 0, 0, 0, 0, 0, 0, 0, 0, 0, 0, 0, 0, 0, 0, 0, 0, 0, 0, 0, 0, 0, 0, 0, 0, 0, 0, 0, 0, 0, 0, 0, '', '', 17658),
(211626, 10, 2770, 'Nullification Barrier', '', '', '', 0, 0, 2, 0, 0, 0, 0, 0, 0, 86, 0, 0, 3000, 0, 1, 0, 0, 0, 0, 115811, 0, 0, 0, 0, 0, 0, 0, 0, 0, 0, 0, 16311, 1, 0, 0, 0, 0, 0, 0, 0, 0, 0, '', 'go_cancel', 16048),
(211628, 10, 10401, 'Shroud of Reversal', '', '', '', 0, 0, 2, 0, 0, 0, 0, 0, 0, 86, 0, 0, 3000, 0, 1, 0, 0, 0, 0, 115972, 0, 0, 0, 0, 0, 0, 0, 0, 0, 0, 0, 16311, 1, 0, 0, 0, 0, 0, 0, 0, 0, 0, '', 'go_inversion', 16048),
(211650, 10, 8504, 'Celestial Control Console', '', '', '', 0, 32, 3, 0, 0, 0, 0, 0, 0, 0, 0, 0, 3000, 0, 0, 0, 0, 0, 0, 0, 0, 0, 0, 0, 0, 0, 0, 0, 0, 0, 0, 0, 0, 0, 0, 0, 0, 0, 0, 0, 0, 0, '', 'go_celestial_control_console', 16048),
(211693, 0, 11569, 'Inner Doors', '', '', '', 114, 32, 1.05805, 0, 0, 0, 0, 0, 0, 0, 43, 0, 0, 0, 0, 0, 0, 0, 0, 0, 0, 0, 0, 0, 0, 0, 0, 0, 0, 0, 0, 0, 0, 0, 0, 0, 0, 0, 0, 0, 0, 0, '', '', 17658),
(213245, 0, 11639, 'Doodad_Mogu_Statue_MoguShanVaults002', '', '', '', 1375, 32, 35.7236, 0, 0, 0, 0, 0, 0, 0, 0, 0, 0, 0, 0, 0, 0, 0, 1, 0, 0, 0, 0, 0, 0, 0, 0, 0, 0, 0, 0, 0, 0, 0, 0, 0, 0, 0, 0, 0, 0, 0, '', '', 16048),
(213246, 0, 11640, 'Doodad_Mogu_Statue_MoguShanVaults001', '', '', '', 1375, 32, 35.7236, 0, 0, 0, 0, 0, 0, 0, 0, 0, 0, 0, 0, 0, 0, 0, 1, 0, 0, 0, 0, 0, 0, 0, 0, 0, 0, 0, 0, 0, 0, 0, 0, 0, 0, 0, 0, 0, 0, 0, '', '', 16048),
(213247, 0, 11641, 'Doodad_Mogu_Statue_MoguShanVaults004', '', '', '', 1375, 33, 35.7236, 0, 0, 0, 0, 0, 0, 0, 0, 0, 0, 0, 0, 0, 0, 0, 1, 0, 0, 0, 0, 0, 0, 0, 0, 0, 0, 0, 0, 0, 0, 0, 0, 0, 0, 0, 0, 0, 0, 0, '', '', 16048),
(213248, 0, 11642, 'Doodad_Mogu_Statue_MoguShanVaults003', '', '', '', 1375, 32, 35.7236, 0, 0, 0, 0, 0, 0, 0, 0, 0, 0, 0, 0, 0, 0, 0, 1, 0, 0, 0, 0, 0, 0, 0, 0, 0, 0, 0, 0, 0, 0, 0, 0, 0, 0, 0, 0, 0, 0, 0, '', '', 16048),
(213258, 0, 11634, 'Ancient Mogu Door', '', '', '', 1375, 32, 1.08707, 0, 0, 0, 0, 0, 0, 0, 5749660, 0, 0, 0, 0, 0, 0, 0, 0, 0, 0, 0, 0, 0, 0, 0, 0, 0, 0, 0, 0, 0, 0, 0, 0, 0, 0, 0, 0, 0, 0, 0, '', '', 16048),
(213285, 0, 11540, 'Ancient Mogu Door', '', '', '', 1375, 48, 1.08707, 0, 0, 0, 0, 0, 0, 0, 5749660, 0, 0, 0, 0, 0, 0, 0, 0, 0, 0, 0, 0, 0, 0, 0, 0, 0, 0, 0, 0, 0, 0, 0, 0, 0, 0, 0, 0, 0, 0, 0, '', '', 16048),
(213373, 0, 12041, 'Mysterious Wall', '', '', '', 0, 48, 1, 0, 0, 0, 0, 0, 0, 0, 5749660, 0, 0, 0, 0, 0, 0, 0, 0, 0, 0, 0, 0, 0, 0, 0, 0, 0, 0, 0, 0, 0, 0, 0, 0, 0, 0, 0, 0, 0, 0, 0, '', '', 16048),
(213506, 0, 12098, 'Titan Energy Discs', '', '', '', 0, 48, 1, 0, 0, 0, 0, 0, 0, 0, 0, 0, 0, 0, 0, 0, 0, 0, 0, 0, 0, 0, 0, 0, 0, 0, 0, 0, 0, 0, 0, 0, 0, 0, 0, 0, 0, 0, 0, 0, 0, 0, '', '', 16048),
(213526, 35, 12107, 'Energy platform', '', '', '', 0, 0, 1, 0, 0, 0, 0, 0, 0, 0, 0, 0, 0, 0, 0, 0, 0, 0, 0, 0, 0, 0, 0, 0, 0, 0, 0, 0, 0, 0, 0, 0, 0, 0, 0, 0, 0, 0, 0, 0, 0, 0, '', '', 17538),
(213527, 0, 12108, 'Titan Energy Ring', '', '', '', 0, 48, 1.03624, 0, 0, 0, 0, 0, 0, 0, 0, 0, 0, 0, 0, 0, 0, 0, 0, 0, 0, 0, 0, 0, 0, 0, 0, 0, 0, 0, 0, 0, 0, 0, 0, 0, 0, 0, 0, 0, 0, 0, '', '', 16048),
(213528, 0, 12108, 'Titan Energy Ring', '', '', '', 0, 48, 1.03624, 0, 0, 0, 0, 0, 0, 0, 0, 0, 0, 0, 0, 0, 0, 0, 0, 0, 0, 0, 0, 0, 0, 0, 0, 0, 0, 0, 0, 0, 0, 0, 0, 0, 0, 0, 0, 0, 0, 0, '', '', 16048),
(213529, 0, 12108, 'Titan Energy Ring', '', '', '', 0, 48, 1.03624, 0, 0, 0, 0, 0, 0, 0, 0, 0, 0, 0, 0, 0, 0, 0, 0, 0, 0, 0, 0, 0, 0, 0, 0, 0, 0, 0, 0, 0, 0, 0, 0, 0, 0, 0, 0, 0, 0, 0, '', '', 16048),
(213933, 0, 12271, 'Mogu_Raised_Gate01', '', '', '', 1375, 0, 1.17, 0, 0, 0, 0, 0, 0, 1, 0, 0, 0, 0, 0, 0, 0, 0, 0, 0, 0, 0, 0, 0, 0, 0, 0, 0, 0, 0, 0, 0, 0, 0, 0, 0, 0, 0, 0, 0, 0, 0, '', '', 16048),
(213937, 0, 12273, 'Mogu Energy Rune', '', '', '', 0, 48, 4.3282, 0, 0, 0, 0, 0, 0, 0, 0, 0, 0, 0, 0, 0, 0, 0, 0, 0, 0, 0, 0, 0, 0, 0, 0, 0, 0, 0, 0, 0, 0, 0, 0, 0, 0, 0, 0, 0, 0, 0, '', '', 16048),
(213938, 0, 12273, 'Mogu Energy Rune', '', '', '', 0, 48, 4.3282, 0, 0, 0, 0, 0, 0, 0, 0, 0, 0, 0, 0, 0, 0, 0, 0, 0, 0, 0, 0, 0, 0, 0, 0, 0, 0, 0, 0, 0, 0, 0, 0, 0, 0, 0, 0, 0, 0, 0, '', '', 16048),
(213939, 0, 12273, 'Mogu Energy Rune', '', '', '', 0, 48, 4.3282, 0, 0, 0, 0, 0, 0, 0, 0, 0, 0, 0, 0, 0, 0, 0, 0, 0, 0, 0, 0, 0, 0, 0, 0, 0, 0, 0, 0, 0, 0, 0, 0, 0, 0, 0, 0, 0, 0, 0, '', '', 16048),
(213940, 0, 12273, 'Mogu Energy Rune', '', '', '', 0, 48, 4.3282, 0, 0, 0, 0, 0, 0, 0, 0, 0, 0, 0, 0, 0, 0, 0, 0, 0, 0, 0, 0, 0, 0, 0, 0, 0, 0, 0, 0, 0, 0, 0, 0, 0, 0, 0, 0, 0, 0, 0, '', '', 16048),
(213941, 0, 12273, 'Mogu Energy Rune', '', '', '', 0, 48, 4.3282, 0, 0, 0, 0, 0, 0, 0, 0, 0, 0, 0, 0, 0, 0, 0, 0, 0, 0, 0, 0, 0, 0, 0, 0, 0, 0, 0, 0, 0, 0, 0, 0, 0, 0, 0, 0, 0, 0, 0, '', '', 16048),
(213942, 0, 12273, 'Mogu Energy Rune', '', '', '', 0, 48, 4.3282, 0, 0, 0, 0, 0, 0, 0, 0, 0, 0, 0, 0, 0, 0, 0, 0, 0, 0, 0, 0, 0, 0, 0, 0, 0, 0, 0, 0, 0, 0, 0, 0, 0, 0, 0, 0, 0, 0, 0, '', '', 16048),
(213943, 0, 12273, 'Mogu Energy Rune', '', '', '', 0, 48, 4.3282, 0, 0, 0, 0, 0, 0, 0, 0, 0, 0, 0, 0, 0, 0, 0, 0, 0, 0, 0, 0, 0, 0, 0, 0, 0, 0, 0, 0, 0, 0, 0, 0, 0, 0, 0, 0, 0, 0, 0, '', '', 16048),
(213944, 0, 12273, 'Mogu Energy Rune', '', '', '', 0, 48, 4.3282, 0, 0, 0, 0, 0, 0, 0, 0, 0, 0, 0, 0, 0, 0, 0, 0, 0, 0, 0, 0, 0, 0, 0, 0, 0, 0, 0, 0, 0, 0, 0, 0, 0, 0, 0, 0, 0, 0, 0, '', '', 16048),
(213945, 0, 12273, 'Mogu Energy Rune', '', '', '', 0, 48, 4.3282, 0, 0, 0, 0, 0, 0, 0, 0, 0, 0, 0, 0, 0, 0, 0, 0, 0, 0, 0, 0, 0, 0, 0, 0, 0, 0, 0, 0, 0, 0, 0, 0, 0, 0, 0, 0, 0, 0, 0, '', '', 16048),
(213946, 0, 12273, 'Mogu Energy Rune', '', '', '', 0, 48, 4.3282, 0, 0, 0, 0, 0, 0, 0, 0, 0, 0, 0, 0, 0, 0, 0, 0, 0, 0, 0, 0, 0, 0, 0, 0, 0, 0, 0, 0, 0, 0, 0, 0, 0, 0, 0, 0, 0, 0, 0, '', '', 16048),
(213947, 0, 12273, 'Mogu Energy Rune', '', '', '', 0, 48, 4.3282, 0, 0, 0, 0, 0, 0, 0, 0, 0, 0, 0, 0, 0, 0, 0, 0, 0, 0, 0, 0, 0, 0, 0, 0, 0, 0, 0, 0, 0, 0, 0, 0, 0, 0, 0, 0, 0, 0, 0, '', '', 16048),
(213948, 0, 12273, 'Mogu Energy Rune', '', '', '', 0, 48, 4.3282, 0, 0, 0, 0, 0, 0, 0, 0, 0, 0, 0, 0, 0, 0, 0, 0, 0, 0, 0, 0, 0, 0, 0, 0, 0, 0, 0, 0, 0, 0, 0, 0, 0, 0, 0, 0, 0, 0, 0, '', '', 16048),
(213949, 0, 12273, 'Mogu Energy Rune', '', '', '', 0, 48, 4.3282, 0, 0, 0, 0, 0, 0, 0, 0, 0, 0, 0, 0, 0, 0, 0, 0, 0, 0, 0, 0, 0, 0, 0, 0, 0, 0, 0, 0, 0, 0, 0, 0, 0, 0, 0, 0, 0, 0, 0, '', '', 16048),
(213950, 0, 12273, 'Mogu Energy Rune', '', '', '', 0, 48, 4.3282, 0, 0, 0, 0, 0, 0, 0, 0, 0, 0, 0, 0, 0, 0, 0, 0, 0, 0, 0, 0, 0, 0, 0, 0, 0, 0, 0, 0, 0, 0, 0, 0, 0, 0, 0, 0, 0, 0, 0, '', '', 16048),
(213951, 0, 12273, 'Mogu Energy Rune', '', '', '', 0, 48, 4.3282, 0, 0, 0, 0, 0, 0, 0, 0, 0, 0, 0, 0, 0, 0, 0, 0, 0, 0, 0, 0, 0, 0, 0, 0, 0, 0, 0, 0, 0, 0, 0, 0, 0, 0, 0, 0, 0, 0, 0, '', '', 16048),
(213952, 0, 12273, 'Mogu Energy Rune', '', '', '', 0, 48, 4.3282, 0, 0, 0, 0, 0, 0, 0, 0, 0, 0, 0, 0, 0, 0, 0, 0, 0, 0, 0, 0, 0, 0, 0, 0, 0, 0, 0, 0, 0, 0, 0, 0, 0, 0, 0, 0, 0, 0, 0, '', '', 16048),
(213953, 0, 12273, 'Mogu Energy Rune', '', '', '', 0, 32, 4.3282, 0, 0, 0, 0, 0, 0, 0, 0, 0, 0, 0, 0, 0, 0, 0, 0, 0, 0, 0, 0, 0, 0, 0, 0, 0, 0, 0, 0, 0, 0, 0, 0, 0, 0, 0, 0, 0, 0, 0, '', '', 16048),
(213954, 0, 12273, 'Mogu Energy Rune', '', '', '', 0, 48, 4.3282, 0, 0, 0, 0, 0, 0, 0, 0, 0, 0, 0, 0, 0, 0, 0, 0, 0, 0, 0, 0, 0, 0, 0, 0, 0, 0, 0, 0, 0, 0, 0, 0, 0, 0, 0, 0, 0, 0, 0, '', '', 16048),
(213955, 0, 12273, 'Mogu Energy Rune', '', '', '', 0, 48, 4.3282, 0, 0, 0, 0, 0, 0, 0, 0, 0, 0, 0, 0, 0, 0, 0, 0, 0, 0, 0, 0, 0, 0, 0, 0, 0, 0, 0, 0, 0, 0, 0, 0, 0, 0, 0, 0, 0, 0, 0, '', '', 16048),
(214412, 0, 12427, 'Celestial\'s Door', '', '', '', 0, 0, 1, 0, 0, 0, 0, 0, 0, 1, 0, 0, 0, 0, 0, 1, 0, 0, 0, 0, 0, 0, 0, 0, 0, 0, 0, 0, 0, 0, 0, 0, 0, 0, 0, 0, 0, 0, 0, 0, 0, 0, '', '', 16048),
(214441, 31, 11469, 'Instance Portal (Raid 4 Difficulties\)', '', '', '', 0, 0, 2, 0, 0, 0, 0, 0, 0, 2, 216, 217, 216, 217, 11471, 0, 6, 0, 0, 0, 0, 0, 0, 0, 0, 0, 0, 0, 0, 0, 0, 0, 0, 0, 0, 0, 0, 0, 0, 0, 0, 0, '', '', 16048),
(214452, 0, 12271, 'Feng\'s Door', '', '', '', 114, 32, 1, 0, 0, 0, 0, 0, 0, 1, 0, 0, 0, 0, 0, 0, 0, 0, 1, 0, 0, 0, 0, 0, 0, 0, 0, 0, 0, 0, 0, 0, 0, 0, 0, 0, 0, 0, 0, 0, 0, 0, '', '', 16048),
(214497, 0, 12271, 'Stone Guards Door', '', '', '', 114, 16, 0.8, 0, 0, 0, 0, 0, 0, 1, 0, 0, 0, 0, 0, 0, 0, 0, 0, 0, 0, 0, 0, 0, 0, 0, 0, 0, 0, 0, 0, 0, 0, 0, 0, 0, 0, 0, 0, 0, 0, 0, '', '', 16048),
(214526, 0, 11540, 'Ancient Mogu Door', '', '', '', 114, 48, 1.08707, 0, 0, 0, 0, 0, 0, 0, 5755148, 0, 0, 0, 0, 0, 0, 0, 0, 0, 0, 0, 0, 0, 0, 0, 0, 0, 0, 0, 0, 0, 0, 0, 0, 0, 0, 0, 0, 0, 0, 0, '', '', 16048),
(214696, 0, 12632, 'Ancient Mogu Door', '', '', '', 114, 48, 1.08707, 0, 0, 0, 0, 0, 0, 0, 5755148, 0, 0, 0, 0, 0, 0, 0, 0, 0, 0, 0, 0, 0, 0, 0, 0, 0, 0, 0, 0, 0, 0, 0, 0, 0, 0, 0, 0, 0, 0, 0, '', '', 16048),
(215114, 0, 11003, 'Wind Wall', '', '', '', 0, 0, 0.75, 0, 0, 0, 0, 0, 0, 1, 0, 0, 0, 0, 0, 1, 0, 0, 0, 0, 0, 0, 0, 0, 0, 0, 0, 0, 0, 0, 0, 0, 0, 0, 0, 0, 0, 0, 0, 0, 0, 0, '', '', 16048),
(211584, 10, 8504, 'Ancient Control Console', '', 'Activating', '', 0, 0, 3, 0, 0, 0, 0, 0, 0, 93, 0, 0, 2147483647, 0, 0, 0, 0, 0, 0, 0, 0, 0, 0, 27700, 0, 0, 0, 0, 0, 0, 0, 0, 0, 0, 0, 0, 0, 0, 0, 0, 0, 0, '', 'go_ancien_control_console', 18291),
(211603, 0, 11419, 'Terracotta Army Door', '', '', '', 0, 0, 0.4, 0, 0, 0, 0, 0, 0, 1, 0, 0, 0, 0, 0, 0, 0, 0, 0, 0, 0, 0, 0, 0, 0, 0, 0, 0, 0, 0, 0, 0, 0, 0, 0, 0, 0, 0, 0, 0, 0, 0, '', '', 18291);

DELETE FROM `spell_script_names` WHERE `spell_id` IN 
(
117241, 116545, 116510, 120764, 130404, 130395, 116040, 116583, 116821, 116816, 116711, 116365, 116434, 118300,
118302, 118304, 118305, 118307, 118308, 132296, 132297, 132298, 118530, 118469, 120715, 116227, 117921, 118094, 
118105, 118106, 118145, 117708, 117756, 117737, 117833, 117558, 127785, 127783, 127781, 117874, 118313, 122741, 
119360, 124967, 118024, 127362, 132222, 127911, 116994, 127732, 118165, 116818, 117195, 116968, 117006, 117485, 
116803, 118327, 116550, 116556, 116605
);

INSERT INTO `spell_script_names` (`spell_id`, `ScriptName`) VALUES
(116040, 'spell_mogu_epicenter'),
(116227, 'spell_garajal_lifes_thread_periodic'),
(116365, 'spell_mogu_arcane_velocity'),
(116434, 'spell_mogu_arcane_resonance'),
(116510, 'spell_mvault_explosion'),
(116545, 'spell_troll_explosives'),
(116550, 'spell_energizing_smash'),
(116556, 'spell_energizing_visual'),
(116583, 'spell_mogu_wildfire_spark'),
(116605, 'spell_energized'),
(116711, 'spell_draw_flame'),
(116803, 'spell_titan_gas'),
(116816, 'spell_mogu_wildfire_infusion'),
(116818, 'spell_magnetized_qin'),
(116821, 'spell_wildfire_infusion_stacks'),
(116968, 'spell_arc_visual'),
(116994, 'spell_unstable_energy'),
(117006, 'spell_devastating_arc'),
(117195, 'spell_magnetized_jan'),
(117241, 'spell_mvault_detonate'),
(117485, 'spell_impeding_thrust'),
(117558, 'spell_coalescing_shadow'),
(117708, 'spell_maddening_shout'),
(117737, 'spell_crazed_cowardice'),
(117756, 'spell_crazed_cowardice'),
(117833, 'spell_crazy_thought'),
(117874, 'spell_touch_of_titans'),
(117921, 'spell_massive_attacks'),
(118024, 'spell_core_checker'),
(118094, 'spell_volley'),
(118105, 'spell_volley'),
(118106, 'spell_volley'),
(118145, 'spell_pinned_down'),
(118165, 'spell_terracota_spawn'),
(118300, 'spell_mogu_inversion'),
(118302, 'spell_mogu_inversion'),
(118304, 'spell_mogu_inversion'),
(118305, 'spell_mogu_inversion'),
(118307, 'spell_mogu_inversion'),
(118308, 'spell_mogu_inversion'),
(118313, 'spell_radiating_energies'),
(118327, 'spell_titan_gas2'),
(118469, 'spell_final_destination'),
(118530, 'spell_feng_spirit_bolts'),
(119360, 'spell_draw_power'),
(120715, 'spell_soul_back'),
(120764, 'spell_ghost_essence'),
(122741, 'spell_radiating_energies'),
(124967, 'spell_draw_power'),
(127362, 'spell_grasping_energy_tendrils'),
(127732, 'spell_cosmetic_lightning'),
(127781, 'spell_spawn_flash_3_periodic'),
(127783, 'spell_spawn_flash_2_periodic'),
(127785, 'spell_spawn_flash_1_periodic'),
(127911, 'spell_total_annihilation'),
(130395, 'spell_jasper_chains'),
(130404, 'spell_jasper_chains_damage'),
(132222, 'spell_destabilizing_energies'),
(132296, 'spell_mogu_inversion'),
(132297, 'spell_mogu_inversion'),
(132298, 'spell_mogu_inversion');

/*---------------------------------------------------------------------------------------------------------------*/
-- Spirit Totem
SET @GUID = (SELECT MAX(guid) FROM `creature`);
INSERT INTO `creature` (`guid`, `id`, `map`, `zoneId`, `areaId`, `spawnMask`, `phaseMask`, `modelid`, `equipment_id`, `position_x`, `position_y`, `position_z`, `orientation`, `spawntimesecs`, `spawndist`, `currentwaypoint`, `curhealth`, `curmana`, `MovementType`, `npcflag`, `unit_flags`, `dynamicflags`) VALUES 
(@GUID + 1, 60512, 1008, 6125, 6125, 760, 65535, 0, 0, 4248.53, 1313.52, 458.282, 0.799902, 300, 0, 0, 1, 0, 0, 0, 0, 0),
(@GUID + 2, 60512, 1008, 6125, 6125, 760, 65535, 0, 0, 4304.81, 1312.98, 457.941, 2.35734, 300, 0, 0, 1, 0, 0, 0, 0, 0),
(@GUID + 3, 60512, 1008, 6125, 6125, 760, 65535, 0, 0, 4305.59, 1369.29, 458.192, 3.88057, 300, 0, 0, 1, 0, 0, 0, 0, 0),
(@GUID + 4, 60512, 1008, 6125, 6125, 760, 65535, 0, 0, 4249.13, 1369.97, 458.153, 5.49849, 300, 0, 0, 1, 0, 0, 0, 0, 0);
/*---------------------------------------------------------------------------------------------------------------*/

/*---------------------------------------------------------------------------------------------------------------*/
-- Spirit Totem
SET @GUID = (SELECT MAX(guid) FROM `creature`);
INSERT INTO `creature` (`guid`, `id`, `map`, `zoneId`, `areaId`, `spawnMask`, `phaseMask`, `modelid`, `equipment_id`, `position_x`, `position_y`, `position_z`, `orientation`, `spawntimesecs`, `spawndist`, `currentwaypoint`, `curhealth`, `curmana`, `MovementType`, `npcflag`, `unit_flags`, `dynamicflags`) VALUES 
(@GUID + 1, 60513, 1008, 6125, 6125, 760, 65535, 0, 0, 4249.03, 1369.91, 467.063, 5.47662, 300, 0, 0, 10, 0, 0, 0, 0, 0),
(@GUID + 2, 60513, 1008, 6125, 6125, 760, 65535, 0, 0, 4305.45, 1369.34, 467.333, 3.9027, 300, 0, 0, 10, 0, 0, 0, 0, 0),
(@GUID + 3, 60513, 1008, 6125, 6125, 760, 65535, 0, 0, 4305.35, 1312.46, 466.542, 2.34918, 300, 0, 0, 3939410, 0, 0, 0, 0, 0),
(@GUID + 4, 60513, 1008, 6125, 6125, 760, 65535, 0, 0, 4247.64, 1312.42, 470.603, 0.790948, 300, 0, 0, 10, 0, 0, 0, 0, 0);
/*---------------------------------------------------------------------------------------------------------------*/

/*---------------------------------------------------------------------------------------------------------------*/
-- Stone Quilen
SET @GUID = (SELECT MAX(guid) FROM `creature`);
INSERT INTO `creature` (`guid`, `id`, `map`, `zoneId`, `areaId`, `spawnMask`, `phaseMask`, `modelid`, `equipment_id`, `position_x`, `position_y`, `position_z`, `orientation`, `spawntimesecs`, `spawndist`, `currentwaypoint`, `curhealth`, `curmana`, `MovementType`, `npcflag`, `unit_flags`, `dynamicflags`) VALUES 
(@GUID + 1, 60576, 1008, 6125, 6125, 760, 1, 0, 0, 3908.99, 1132.18, 481.134, 4.6941, 7200, 0, 0, 1, 0, 0, 0, 0, 0),
(@GUID + 2, 60576, 1008, 6125, 6125, 760, 1, 0, 0, 3916.61, 1128.52, 481.133, 4.6941, 7200, 0, 0, 1, 0, 0, 0, 0, 0),
(@GUID + 3, 60576, 1008, 6125, 6125, 760, 1, 0, 0, 3912.78, 1132.16, 481.136, 4.6941, 7200, 0, 0, 1, 0, 0, 0, 0, 0),
(@GUID + 4, 60576, 1008, 6125, 6125, 760, 1, 0, 0, 3905.71, 1136.06, 481.129, 4.6941, 7200, 0, 0, 1, 0, 0, 0, 0, 0),
(@GUID + 5, 60576, 1008, 6125, 6125, 760, 1, 0, 0, 3920.46, 1128.57, 481.135, 4.6941, 7200, 0, 0, 1, 0, 0, 0, 0, 0),
(@GUID + 6, 60576, 1008, 6125, 6125, 760, 1, 0, 0, 3916.63, 1135.96, 481.138, 4.6941, 7200, 0, 0, 1, 0, 0, 0, 0, 0),
(@GUID + 7, 60576, 1008, 6125, 6125, 760, 1, 0, 0, 3925.01, 1132.46, 481.138, 4.6941, 7200, 0, 0, 1, 0, 0, 0, 0, 0),
(@GUID + 8, 60576, 1008, 6125, 6125, 760, 1, 0, 0, 3920.8, 1135.94, 481.138, 4.6941, 7200, 0, 0, 1, 0, 0, 0, 0, 0),
(@GUID + 9, 60576, 1008, 6125, 6125, 760, 1, 0, 0, 3929.27, 1132.41, 481.139, 4.6941, 7200, 0, 0, 1, 0, 0, 0, 0, 0),
(@GUID + 10, 60576, 1008, 6125, 6125, 760, 1, 0, 0, 3933.33, 1136.25, 481.139, 4.6941, 7200, 0, 0, 1, 0, 0, 0, 0, 0),
(@GUID + 11, 60576, 1008, 6125, 6125, 760, 1, 0, 0, 3872.94, 1185.22, 466.262, 4.6941, 7200, 0, 0, 1, 0, 0, 0, 0, 0),
(@GUID + 12, 60576, 1008, 6125, 6125, 760, 1, 0, 0, 3876.92, 1185.11, 466.262, 4.6941, 7200, 0, 0, 1, 0, 0, 0, 0, 0),
(@GUID + 13, 60576, 1008, 6125, 6125, 760, 1, 0, 0, 3880.82, 1189.38, 466.262, 4.6941, 7200, 0, 0, 1, 0, 0, 0, 0, 0),
(@GUID + 14, 60576, 1008, 6125, 6125, 760, 1, 0, 0, 3872.98, 1193.28, 466.262, 4.6941, 7200, 0, 0, 1, 0, 0, 0, 0, 0),
(@GUID + 15, 60576, 1008, 6125, 6125, 760, 1, 0, 0, 3876.89, 1193.26, 466.262, 4.6941, 7200, 0, 0, 1, 0, 0, 0, 0, 0),
(@GUID + 16, 60576, 1008, 6125, 6125, 760, 1, 0, 0, 3868.94, 1197.4, 466.262, 4.6941, 7200, 0, 0, 1, 0, 0, 0, 0, 0),
(@GUID + 17, 60576, 1008, 6125, 6125, 760, 1, 0, 0, 3921.94, 1185.22, 466.262, 4.6941, 7200, 0, 0, 1, 0, 0, 0, 0, 0),
(@GUID + 18, 60576, 1008, 6125, 6125, 760, 1, 0, 0, 3880.82, 1197.23, 466.262, 4.6941, 7200, 0, 0, 1, 0, 0, 0, 0, 0),
(@GUID + 19, 60576, 1008, 6125, 6125, 760, 1, 0, 0, 3926.01, 1185.35, 466.262, 4.6941, 7200, 0, 0, 1, 0, 0, 0, 0, 0),
(@GUID + 20, 60576, 1008, 6125, 6125, 760, 1, 0, 0, 3917.95, 1189.41, 466.262, 4.6941, 7200, 0, 0, 1, 0, 0, 0, 0, 0),
(@GUID + 21, 60576, 1008, 6125, 6125, 760, 1, 0, 0, 3893.33, 1136.25, 481.139, 4.6941, 7200, 0, 0, 1, 0, 0, 0, 0, 0),
(@GUID + 22, 60576, 1008, 6125, 6125, 760, 1, 0, 0, 3889.27, 1132.41, 481.139, 4.6941, 7200, 0, 0, 1, 0, 0, 0, 0, 0),
(@GUID + 23, 60576, 1008, 6125, 6125, 760, 1, 0, 0, 3880.8, 1135.94, 481.138, 4.6941, 7200, 0, 0, 1, 0, 0, 0, 0, 0),
(@GUID + 24, 60576, 1008, 6125, 6125, 760, 1, 0, 0, 3885.01, 1132.46, 481.138, 4.6941, 7200, 0, 0, 1, 0, 0, 0, 0, 0),
(@GUID + 25, 60576, 1008, 6125, 6125, 760, 1, 0, 0, 3876.63, 1135.96, 481.138, 4.6941, 7200, 0, 0, 1, 0, 0, 0, 0, 0),
(@GUID + 26, 60576, 1008, 6125, 6125, 760, 1, 0, 0, 3880.46, 1128.57, 481.135, 4.6941, 7200, 0, 0, 1, 0, 0, 0, 0, 0),
(@GUID + 27, 60576, 1008, 6125, 6125, 760, 1, 0, 0, 3865.71, 1136.06, 481.129, 4.6941, 7200, 0, 0, 1, 0, 0, 0, 0, 0),
(@GUID + 28, 60576, 1008, 6125, 6125, 760, 1, 0, 0, 3921.91, 1205.6, 466.262, 4.6941, 7200, 0, 0, 1, 0, 0, 0, 0, 0),
(@GUID + 29, 60576, 1008, 6125, 6125, 760, 1, 0, 0, 3913.52, 1209.67, 466.262, 4.6941, 7200, 0, 0, 1, 0, 0, 0, 0, 0),
(@GUID + 30, 60576, 1008, 6125, 6125, 760, 1, 0, 0, 3872.7, 1217.63, 466.262, 4.6941, 7200, 0, 0, 1, 0, 0, 0, 0, 0),
(@GUID + 31, 60576, 1008, 6125, 6125, 760, 1, 0, 0, 3877.09, 1217.67, 466.262, 4.6941, 7200, 0, 0, 1, 0, 0, 0, 0, 0),
(@GUID + 32, 60576, 1008, 6125, 6125, 760, 1, 0, 0, 3930.18, 1205.61, 466.262, 4.6941, 7200, 0, 0, 1, 0, 0, 0, 0, 0),
(@GUID + 33, 60576, 1008, 6125, 6125, 760, 1, 0, 0, 3926.06, 1209.53, 466.262, 4.6941, 7200, 0, 0, 1, 0, 0, 0, 0, 0),
(@GUID + 34, 60576, 1008, 6125, 6125, 760, 1, 0, 0, 3868.86, 1221.68, 466.262, 4.6941, 7200, 0, 0, 1, 0, 0, 0, 0, 0),
(@GUID + 35, 60576, 1008, 6125, 6125, 760, 1, 0, 0, 3917.91, 1213.86, 466.262, 4.6941, 7200, 0, 0, 1, 0, 0, 0, 0, 0),
(@GUID + 36, 60576, 1008, 6125, 6125, 760, 1, 0, 0, 3880.96, 1222.03, 466.262, 4.6941, 7200, 0, 0, 1, 0, 0, 0, 0, 0),
(@GUID + 37, 60576, 1008, 6125, 6125, 760, 1, 0, 0, 3930.1, 1213.7, 466.262, 4.6941, 7200, 0, 0, 1, 0, 0, 0, 0, 0),
(@GUID + 38, 60576, 1008, 6125, 6125, 760, 1, 0, 0, 3921.82, 1217.81, 466.262, 4.6941, 7200, 0, 0, 1, 0, 0, 0, 0, 0),
(@GUID + 39, 60576, 1008, 6125, 6125, 760, 1, 0, 0, 3925.96, 1217.38, 466.262, 4.6941, 7200, 0, 0, 1, 0, 0, 0, 0, 0),
(@GUID + 40, 60576, 1008, 6125, 6125, 760, 1, 0, 0, 3917.83, 1221.97, 466.262, 4.6941, 7200, 0, 0, 1, 0, 0, 0, 0, 0),
(@GUID + 41, 60576, 1008, 6125, 6125, 760, 1, 0, 0, 3930.22, 1221.98, 466.262, 4.6941, 7200, 0, 0, 1, 0, 0, 0, 0, 0),
(@GUID + 42, 60576, 1008, 6125, 6125, 760, 1, 0, 0, 3884.92, 1201.6, 466.262, 4.6941, 7200, 0, 0, 1, 0, 0, 0, 0, 0),
(@GUID + 43, 60576, 1008, 6125, 6125, 760, 1, 0, 0, 3922.13, 1193.51, 466.262, 4.6941, 7200, 0, 0, 1, 0, 0, 0, 0, 0),
(@GUID + 44, 60576, 1008, 6125, 6125, 760, 1, 0, 0, 3868.77, 1205.5, 466.262, 4.6941, 7200, 0, 0, 1, 0, 0, 0, 0, 0),
(@GUID + 45, 60576, 1008, 6125, 6125, 760, 1, 0, 0, 3877.04, 1205.42, 466.262, 4.6941, 7200, 0, 0, 1, 0, 0, 0, 0, 0),
(@GUID + 46, 60576, 1008, 6125, 6125, 760, 1, 0, 0, 3880.85, 1205.58, 466.262, 4.6941, 7200, 0, 0, 1, 0, 0, 0, 0, 0),
(@GUID + 47, 60576, 1008, 6125, 6125, 760, 1, 0, 0, 3926.06, 1193.45, 466.262, 4.6941, 7200, 0, 0, 1, 0, 0, 0, 0, 0),
(@GUID + 48, 60576, 1008, 6125, 6125, 760, 1, 0, 0, 3917.9, 1197.15, 466.262, 4.6941, 7200, 0, 0, 1, 0, 0, 0, 0, 0),
(@GUID + 49, 60576, 1008, 6125, 6125, 760, 1, 0, 0, 3873.03, 1209.48, 466.262, 4.6941, 7200, 0, 0, 1, 0, 0, 0, 0, 0),
(@GUID + 50, 60576, 1008, 6125, 6125, 760, 1, 0, 0, 3913.49, 1201.49, 466.262, 4.6941, 7200, 0, 0, 1, 0, 0, 0, 0, 0),
(@GUID + 51, 60576, 1008, 6125, 6125, 760, 1, 0, 0, 3884.82, 1209.66, 466.262, 4.6941, 7200, 0, 0, 1, 0, 0, 0, 0, 0),
(@GUID + 52, 60576, 1008, 6125, 6125, 760, 1, 0, 0, 3930.04, 1197.62, 466.262, 4.6941, 7200, 0, 0, 1, 0, 0, 0, 0, 0),
(@GUID + 53, 60576, 1008, 6125, 6125, 760, 1, 0, 0, 3869.01, 1213.77, 466.262, 4.6941, 7200, 0, 0, 1, 0, 0, 0, 0, 0),
(@GUID + 54, 60576, 1008, 6125, 6125, 760, 1, 0, 0, 3926.04, 1201.54, 466.262, 4.6941, 7200, 0, 0, 1, 0, 0, 0, 0, 0),
(@GUID + 55, 60576, 1008, 6125, 6125, 760, 1, 0, 0, 3880.92, 1213.8, 466.262, 4.6941, 7200, 0, 0, 1, 0, 0, 0, 0, 0),
(@GUID + 56, 60576, 1008, 6125, 6125, 760, 1, 0, 0, 3917.97, 1205.61, 466.262, 4.6941, 7200, 0, 0, 1, 0, 0, 0, 0, 0),
(@GUID + 57, 60576, 1008, 6125, 6125, 760, 1, 0, 0, 3876.61, 1128.52, 481.133, 4.6941, 7200, 0, 0, 1, 0, 0, 0, 0, 0),
(@GUID + 58, 60576, 1008, 6125, 6125, 760, 1, 0, 0, 3868.99, 1132.18, 481.134, 4.6941, 7200, 0, 0, 1, 0, 0, 0, 0, 0),
(@GUID + 59, 60576, 1008, 6125, 6125, 760, 1, 0, 0, 3872.9, 1201.39, 466.262, 4.6941, 7200, 0, 0, 1, 0, 0, 0, 0, 0),
(@GUID + 60, 60576, 1008, 6125, 6125, 760, 1, 0, 0, 3872.78, 1132.16, 481.136, 4.6941, 7200, 0, 0, 1, 0, 0, 0, 0, 0);
/*---------------------------------------------------------------------------------------------------------------*/

/*---------------------------------------------------------------------------------------------------------------*/
-- Enormous Stone Quilen
SET @GUID = (SELECT MAX(guid) FROM `creature`);
INSERT INTO `creature` (`guid`, `id`, `map`, `zoneId`, `areaId`, `spawnMask`, `phaseMask`, `modelid`, `equipment_id`, `position_x`, `position_y`, `position_z`, `orientation`, `spawntimesecs`, `spawndist`, `currentwaypoint`, `curhealth`, `curmana`, `MovementType`, `npcflag`, `unit_flags`, `dynamicflags`) VALUES 
(@GUID + 1, 64183, 1008, 6125, 6125, 760, 1, 0, 0, 3903.32, 1197.32, 466.17, 1.57357, 7200, 0, 0, 1, 0, 0, 0, 0, 0),
(@GUID + 2, 64183, 1008, 6125, 6125, 760, 1, 0, 0, 3908.32, 1197.32, 466.17, 1.57357, 7200, 0, 0, 1, 0, 0, 0, 0, 0),
(@GUID + 3, 64183, 1008, 6125, 6125, 760, 1, 0, 0, 3890.33, 1209.09, 466.17, 4.72358, 7200, 0, 0, 1, 0, 0, 0, 0, 0),
(@GUID + 4, 64183, 1008, 6125, 6125, 760, 1, 0, 0, 3895.33, 1209.13, 466.17, 4.72267, 7200, 0, 0, 1, 0, 0, 0, 0, 0);
/*---------------------------------------------------------------------------------------------------------------*/

/*---------------------------------------------------------------------------------------------------------------*/
-- General Purpose Bunny JMF (Look 2 - Flying, Infinite AOI\)
SET @GUID = (SELECT MAX(guid) FROM `creature`);
INSERT INTO `creature` (`guid`, `id`, `map`, `zoneId`, `areaId`, `spawnMask`, `phaseMask`, `modelid`, `equipment_id`, `position_x`, `position_y`, `position_z`, `orientation`, `spawntimesecs`, `spawndist`, `currentwaypoint`, `curhealth`, `curmana`, `MovementType`, `npcflag`, `unit_flags`, `dynamicflags`) VALUES 
(@GUID + 1, 55091, 1008, 6125, 6125, 760, 1, 0, 0, 3874.41, 1488.01, 398.912, 1.48778, 7200, 0, 0, 1, 0, 0, 0, 33554432, 0),
(@GUID + 2, 55091, 1008, 6125, 6125, 760, 1, 0, 0, 3895.32, 1487.57, 398.912, 1.81724, 7200, 0, 0, 1, 0, 0, 0, 33554432, 0),
(@GUID + 3, 55091, 1008, 6125, 6125, 760, 1, 0, 0, 3853.1, 1491.93, 398.912, 1.14406, 7200, 0, 0, 1, 0, 0, 0, 33554432, 0),
(@GUID + 4, 55091, 1008, 6125, 6125, 760, 1, 0, 0, 3874.36, 1487.67, 368.308, 1.48759, 7200, 0, 0, 1, 0, 0, 0, 33554432, 0),
(@GUID + 5, 55091, 1008, 6125, 6125, 760, 1, 0, 0, 3895.4, 1487.82, 368.308, 1.81948, 7200, 0, 0, 1, 0, 0, 0, 33554432, 0),
(@GUID + 6, 55091, 1008, 6125, 6125, 760, 1, 0, 0, 3853.05, 1492.02, 368.308, 1.14278, 7200, 0, 0, 1, 0, 0, 0, 33554432, 0),
(@GUID + 7, 55091, 1008, 6125, 6125, 760, 1, 0, 0, 3835.31, 1502.11, 398.912, 0.826355, 7200, 0, 0, 1, 0, 0, 0, 33554432, 0),
(@GUID + 8, 55091, 1008, 6125, 6125, 760, 1, 0, 0, 3835.23, 1501.86, 368.308, 0.827864, 7200, 0, 0, 1, 0, 0, 0, 33554432, 0),
(@GUID + 9, 55091, 1008, 6125, 6125, 760, 1, 0, 0, 3820.21, 1518.86, 368.328, 0.485, 7200, 0, 0, 1, 0, 0, 0, 33554432, 0),
(@GUID + 10, 55091, 1008, 6125, 6125, 760, 1, 0, 0, 3814.52, 1537.24, 398.334, 0.195844, 7200, 0, 0, 1, 0, 0, 0, 33554432, 0),
(@GUID + 11, 55091, 1008, 6125, 6125, 760, 1, 0, 0, 3814.65, 1537.17, 367.727, 0.197297, 7200, 0, 0, 1, 0, 0, 0, 33554432, 0),
(@GUID + 12, 55091, 1008, 6125, 6125, 760, 1, 0, 0, 3813.39, 1550.42, 398.333, 6.27916, 7200, 0, 0, 1, 0, 0, 0, 33554432, 0),
(@GUID + 13, 55091, 1008, 6125, 6125, 760, 1, 0, 0, 3813.39, 1550.37, 367.725, 6.27987, 7200, 0, 0, 1, 0, 0, 0, 33554432, 0),
(@GUID + 14, 55091, 1008, 6125, 6125, 760, 1, 0, 0, 3814.84, 1563.42, 398.334, 6.08103, 7200, 0, 0, 1, 0, 0, 0, 33554432, 0),
(@GUID + 15, 55091, 1008, 6125, 6125, 760, 1, 0, 0, 3814.87, 1563.53, 367.727, 6.07921, 7200, 0, 0, 1, 0, 0, 0, 33554432, 0),
(@GUID + 16, 55091, 1008, 6125, 6125, 760, 1, 0, 0, 3820.61, 1581.48, 368.328, 5.79479, 7200, 0, 0, 1, 0, 0, 0, 33554432, 0),
(@GUID + 17, 55091, 1008, 6125, 6125, 760, 1, 0, 0, 3835.69, 1598.07, 398.912, 5.45383, 7200, 0, 0, 1, 0, 0, 0, 33554432, 0),
(@GUID + 18, 55091, 1008, 6125, 6125, 760, 1, 0, 0, 3835.51, 1598.21, 368.308, 5.45439, 7200, 0, 0, 1, 0, 0, 0, 33554432, 0),
(@GUID + 19, 55091, 1008, 6125, 6125, 760, 1, 0, 0, 3853.24, 1608.38, 398.912, 5.1372, 7200, 0, 0, 1, 0, 0, 0, 33554432, 0),
(@GUID + 20, 55091, 1008, 6125, 6125, 760, 1, 0, 0, 3874.46, 1612.36, 398.912, 4.7945, 7200, 0, 0, 1, 0, 0, 0, 33554432, 0),
(@GUID + 21, 55091, 1008, 6125, 6125, 760, 1, 0, 0, 3895.21, 1612.17, 398.912, 4.46545, 7200, 0, 0, 1, 0, 0, 0, 33554432, 0),
(@GUID + 22, 55091, 1008, 6125, 6125, 760, 1, 0, 0, 3853.46, 1607.82, 368.308, 5.13761, 7200, 0, 0, 1, 0, 0, 0, 33554432, 0),
(@GUID + 23, 55091, 1008, 6125, 6125, 760, 1, 0, 0, 3874.44, 1611.79, 368.308, 4.79552, 7200, 0, 0, 1, 0, 0, 0, 33554432, 0),
(@GUID + 24, 55091, 1008, 6125, 6125, 760, 1, 0, 0, 3895.31, 1612.19, 368.308, 4.46404, 7200, 0, 0, 1, 0, 0, 0, 33554432, 0);
/*---------------------------------------------------------------------------------------------------------------*/

/*---------------------------------------------------------------------------------------------------------------*/
-- General Purpose Bunny JMF (Look 2 - Flying, Huge AOI\)
SET @GUID = (SELECT MAX(guid) FROM `creature`);
INSERT INTO `creature` (`guid`, `id`, `map`, `zoneId`, `areaId`, `spawnMask`, `phaseMask`, `modelid`, `equipment_id`, `position_x`, `position_y`, `position_z`, `orientation`, `spawntimesecs`, `spawndist`, `currentwaypoint`, `curhealth`, `curmana`, `MovementType`, `npcflag`, `unit_flags`, `dynamicflags`) VALUES 
(@GUID + 1, 54020, 1008, 6125, 6125, 760, 1, 0, 0, 3874.55, 1483.5, 398.912, 1.59109, 7200, 0, 0, 1, 0, 0, 0, 33554432, 0),
(@GUID + 2, 54020, 1008, 6125, 6125, 760, 1, 0, 0, 3895.03, 1483.62, 398.912, 1.48814, 7200, 0, 0, 1, 0, 0, 0, 33554432, 0),
(@GUID + 3, 54020, 1008, 6125, 6125, 760, 1, 0, 0, 3851.71, 1487.36, 398.912, 1.28605, 7200, 0, 0, 1, 0, 0, 0, 33554432, 0),
(@GUID + 4, 54020, 1008, 6125, 6125, 760, 1, 0, 0, 3894.75, 1485.93, 368.308, 1.48814, 7200, 0, 0, 1, 0, 0, 0, 33554432, 0),
(@GUID + 5, 54020, 1008, 6125, 6125, 760, 1, 0, 0, 3874.31, 1483.42, 368.308, 1.55836, 7200, 0, 0, 1, 0, 0, 0, 33554432, 0),
(@GUID + 6, 54020, 1008, 6125, 6125, 760, 1, 0, 0, 3851.34, 1486.52, 368.308, 1.23063, 7200, 0, 0, 1, 0, 0, 0, 33554432, 0),
(@GUID + 7, 54020, 1008, 6125, 6125, 760, 1, 0, 0, 3832.24, 1498.48, 398.912, 0.810256, 7200, 0, 0, 1, 0, 0, 0, 33554432, 0),
(@GUID + 8, 54020, 1008, 6125, 6125, 760, 1, 0, 0, 3832.32, 1498.54, 368.308, 0.842962, 7200, 0, 0, 1, 0, 0, 0, 33554432, 0),
(@GUID + 9, 54020, 1008, 6125, 6125, 760, 1, 0, 0, 3810.9, 1550.59, 398.333, 6.22537, 7200, 0, 0, 1, 0, 0, 0, 33554432, 0),
(@GUID + 10, 54020, 1008, 6125, 6125, 760, 1, 0, 0, 3811, 1550.39, 367.725, 6.2521, 7200, 0, 0, 1, 0, 0, 0, 33554432, 0),
(@GUID + 11, 54020, 1008, 6125, 6125, 760, 1, 0, 0, 3812.21, 1564.12, 398.334, 5.77231, 7200, 0, 0, 1, 0, 0, 0, 33554432, 0),
(@GUID + 12, 54020, 1008, 6125, 6125, 760, 1, 0, 0, 3812.33, 1564.24, 367.727, 6.03922, 7200, 0, 0, 1, 0, 0, 0, 33554432, 0),
(@GUID + 13, 54020, 1008, 6125, 6125, 760, 1, 0, 0, 3816.66, 1583.92, 368.328, 5.70969, 7200, 0, 0, 1, 0, 0, 0, 33554432, 0),
(@GUID + 14, 54020, 1008, 6125, 6125, 760, 1, 0, 0, 3831.79, 1602.73, 398.912, 5.41683, 7200, 0, 0, 1, 0, 0, 0, 33554432, 0),
(@GUID + 15, 54020, 1008, 6125, 6125, 760, 1, 0, 0, 3831.36, 1602.7, 368.308, 5.42361, 7200, 0, 0, 1, 0, 0, 0, 33554432, 0),
(@GUID + 16, 54020, 1008, 6125, 6125, 760, 1, 0, 0, 3850.7, 1613.53, 368.308, 5.07364, 7200, 0, 0, 1, 0, 0, 0, 33554432, 0),
(@GUID + 17, 54020, 1008, 6125, 6125, 760, 1, 0, 0, 3895.79, 1618.04, 368.307, 4.68944, 7200, 0, 0, 1, 0, 0, 0, 33554432, 0),
(@GUID + 18, 54020, 1008, 6125, 6125, 760, 1, 0, 0, 3874.32, 1618.01, 368.308, 4.71767, 7200, 0, 0, 1, 0, 0, 0, 33554432, 0),
(@GUID + 19, 54020, 1008, 6125, 6125, 760, 1, 0, 0, 3850.75, 1613.93, 398.912, 5.05781, 7200, 0, 0, 1, 0, 0, 0, 33554432, 0),
(@GUID + 20, 54020, 1008, 6125, 6125, 760, 1, 0, 0, 3895.53, 1617.47, 398.912, 4.8269, 7200, 0, 0, 1, 0, 0, 0, 33554432, 0),
(@GUID + 21, 54020, 1008, 6125, 6125, 760, 1, 0, 0, 3874.61, 1617.91, 398.912, 4.75497, 7200, 0, 0, 1, 0, 0, 0, 33554432, 0),
(@GUID + 22, 54020, 1008, 6125, 6125, 760, 1, 0, 0, 3811.62, 1536.66, 398.334, 0.749377, 7200, 0, 0, 1, 0, 0, 0, 33554432, 0),
(@GUID + 23, 54020, 1008, 6125, 6125, 760, 1, 0, 0, 3811.99, 1536.68, 367.727, 0.22558, 7200, 0, 0, 1, 0, 0, 0, 33554432, 0),
(@GUID + 24, 54020, 1008, 6125, 6125, 760, 1, 0, 0, 3816.41, 1516.79, 368.328, 0.615614, 7200, 0, 0, 1, 0, 0, 0, 33554432, 0);
/*---------------------------------------------------------------------------------------------------------------*/

/*---------------------------------------------------------------------------------------------------------------*/
-- World Trigger
SET @GUID = (SELECT MAX(guid) FROM `creature`);
INSERT INTO `creature` (`guid`, `id`, `map`, `zoneId`, `areaId`, `spawnMask`, `phaseMask`, `modelid`, `equipment_id`, `position_x`, `position_y`, `position_z`, `orientation`, `spawntimesecs`, `spawndist`, `currentwaypoint`, `curhealth`, `curmana`, `MovementType`, `npcflag`, `unit_flags`, `dynamicflags`) VALUES 
(@GUID + 1, 59481, 1008, 6125, 6125, 760, 1, 0, 0, 4015.41, 1388.6, 477.997, 5.27373, 7200, 0, 0, 1, 0, 0, 0, 33554496, 0),
(@GUID + 2, 59481, 1008, 6125, 6125, 760, 1, 0, 0, 4067.02, 1292.8, 477.094, 2.30378, 7200, 0, 0, 1, 0, 0, 0, 33554496, 0),
(@GUID + 3, 59481, 1008, 6125, 6125, 760, 1, 0, 0, 4014.51, 1297.34, 477.871, 0.986037, 7200, 0, 0, 1, 0, 0, 0, 33554496, 0);
/*---------------------------------------------------------------------------------------------------------------*/

/*---------------------------------------------------------------------------------------------------------------*/
-- Cursed Mogu Sculpture
SET @GUID = (SELECT MAX(guid) FROM `creature`);
INSERT INTO `creature` (`guid`, `id`, `map`, `zoneId`, `areaId`, `spawnMask`, `phaseMask`, `modelid`, `equipment_id`, `position_x`, `position_y`, `position_z`, `orientation`, `spawntimesecs`, `spawndist`, `currentwaypoint`, `curhealth`, `curmana`, `MovementType`, `npcflag`, `unit_flags`, `dynamicflags`) VALUES 
(@GUID + 1, 61334, 1008, 6125, 6125, 760, 1, 0, 0, 3907.96, 1337.48, 466.686, 2.67733, 7200, 0, 0, 1, 0, 0, 0, 33587200, 0),
(@GUID + 2, 61334, 1008, 6125, 6125, 760, 1, 0, 0, 3892.1, 1341.48, 466.738, 6.01387, 7200, 0, 0, 1, 0, 0, 0, 33587200, 0);
/*---------------------------------------------------------------------------------------------------------------*/

/*---------------------------------------------------------------------------------------------------------------*/
-- Cursed Mogu Sculpture
SET @GUID = (SELECT MAX(guid) FROM `creature`);
INSERT INTO `creature` (`guid`, `id`, `map`, `zoneId`, `areaId`, `spawnMask`, `phaseMask`, `modelid`, `equipment_id`, `position_x`, `position_y`, `position_z`, `orientation`, `spawntimesecs`, `spawndist`, `currentwaypoint`, `curhealth`, `curmana`, `MovementType`, `npcflag`, `unit_flags`, `dynamicflags`) VALUES 
(@GUID + 1, 61989, 1008, 6125, 6125, 760, 1, 0, 0, 3989.33, 1330.74, 462.025, 3.12713, 7200, 0, 0, 1, 0, 0, 0, 33587200, 0),
(@GUID + 2, 61989, 1008, 6125, 6125, 760, 1, 0, 0, 3989.48, 1341.72, 462.061, 3.12713, 7200, 0, 0, 1, 0, 0, 0, 33587200, 0),
(@GUID + 3, 61989, 1008, 6125, 6125, 760, 1, 0, 0, 3989.33, 1336.22, 462.056, 3.12452, 7200, 0, 0, 1, 0, 0, 0, 33587200, 0),
(@GUID + 4, 61989, 1008, 6125, 6125, 760, 1, 0, 0, 3989.54, 1347.24, 462.058, 3.13597, 7200, 0, 0, 1, 0, 0, 0, 33587200, 0),
(@GUID + 5, 61989, 1008, 6125, 6125, 760, 1, 0, 0, 3989.39, 1352.75, 462.025, 3.12713, 7200, 0, 0, 1, 0, 0, 0, 33587200, 0);
/*---------------------------------------------------------------------------------------------------------------*/

/*---------------------------------------------------------------------------------------------------------------*/
-- World Trigger
SET @GUID = (SELECT MAX(guid) FROM `creature`);
INSERT INTO `creature` (`guid`, `id`, `map`, `zoneId`, `areaId`, `spawnMask`, `phaseMask`, `modelid`, `equipment_id`, `position_x`, `position_y`, `position_z`, `orientation`, `spawntimesecs`, `spawndist`, `currentwaypoint`, `curhealth`, `curmana`, `MovementType`, `npcflag`, `unit_flags`, `dynamicflags`) VALUES 
(@GUID + 1, 59481, 1008, 6125, 6125, 760, 1, 0, 0, 4069.09, 1389.19, 477.657, 4.19489, 7200, 0, 0, 1, 0, 0, 0, 33554496, 0),
(@GUID + 2, 59481, 1008, 6125, 6125, 760, 1, 0, 0, 4014.51, 1297.34, 477.871, 0.986037, 7200, 0, 0, 1, 0, 0, 0, 33554496, 0),
(@GUID + 3, 59481, 1008, 6125, 6125, 760, 1, 0, 0, 4067.02, 1292.8, 477.094, 2.30378, 7200, 0, 0, 1, 0, 0, 0, 33554496, 0),
(@GUID + 4, 59481, 1008, 6125, 6125, 760, 1, 0, 0, 4015.41, 1388.6, 477.997, 5.27373, 7200, 0, 0, 1, 0, 0, 0, 33554496, 0),
(@GUID + 5, 59481, 1008, 6125, 6125, 760, 1, 0, 0, 4069.09, 1389.19, 477.657, 4.19489, 7200, 0, 0, 1, 0, 0, 0, 33554496, 0),
(@GUID + 6, 59481, 1008, 6125, 6125, 760, 1, 0, 0, 4014.51, 1297.34, 477.871, 0.986037, 7200, 0, 0, 1, 0, 0, 0, 33554496, 0),
(@GUID + 7, 59481, 1008, 6125, 6125, 760, 1, 0, 0, 4067.02, 1292.8, 477.094, 2.30378, 7200, 0, 0, 1, 0, 0, 0, 33554496, 0),
(@GUID + 8, 59481, 1008, 6125, 6125, 760, 1, 0, 0, 4015.41, 1388.6, 477.997, 5.27373, 7200, 0, 0, 1, 0, 0, 0, 33554496, 0),
(@GUID + 9, 59481, 1008, 6125, 6125, 760, 1, 0, 0, 4015.41, 1388.6, 477.997, 5.27373, 7200, 0, 0, 1, 0, 0, 0, 33554496, 0),
(@GUID + 10, 59481, 1008, 6125, 6125, 760, 1, 0, 0, 4069.09, 1389.19, 477.657, 4.19489, 7200, 0, 0, 1, 0, 0, 0, 33554496, 0),
(@GUID + 11, 59481, 1008, 6125, 6125, 760, 1, 0, 0, 4014.51, 1297.34, 477.871, 0.986037, 7200, 0, 0, 1, 0, 0, 0, 33554496, 0),
(@GUID + 12, 59481, 1008, 6125, 6125, 760, 1, 0, 0, 4067.02, 1292.8, 477.094, 2.30378, 7200, 0, 0, 1, 0, 0, 0, 33554496, 0),
(@GUID + 13, 59481, 1008, 6125, 6125, 760, 1, 0, 0, 4069.09, 1389.19, 477.657, 4.19489, 7200, 0, 0, 1, 0, 0, 0, 33554496, 0),
(@GUID + 14, 59481, 1008, 6125, 6125, 760, 1, 0, 0, 4014.51, 1297.34, 477.871, 0.986037, 7200, 0, 0, 1, 0, 0, 0, 33554496, 0),
(@GUID + 15, 59481, 1008, 6125, 6125, 760, 1, 0, 0, 4067.02, 1292.8, 477.094, 2.30378, 7200, 0, 0, 1, 0, 0, 0, 33554496, 0);
/*---------------------------------------------------------------------------------------------------------------*/

/*---------------------------------------------------------------------------------------------------------------*/
-- Zandalari Spirit
SET @GUID = (SELECT MAX(guid) FROM `creature`);
INSERT INTO `creature` (`guid`, `id`, `map`, `zoneId`, `areaId`, `spawnMask`, `phaseMask`, `modelid`, `equipment_id`, `position_x`, `position_y`, `position_z`, `orientation`, `spawntimesecs`, `spawndist`, `currentwaypoint`, `curhealth`, `curmana`, `MovementType`, `npcflag`, `unit_flags`, `dynamicflags`) VALUES 
(@GUID + 1, 60558, 1008, 6125, 6125, 760, 1, 0, 0, 4236.47, 1416.19, 454.417, 2.41795, 7200, 0, 0, 1, 0, 1, 0, 256, 0),
(@GUID + 2, 60558, 1008, 6125, 6125, 760, 1, 0, 0, 4215.48, 1415.93, 454.417, 0.570452, 7200, 0, 0, 1, 0, 1, 0, 256, 0),
(@GUID + 3, 60558, 1008, 6125, 6125, 760, 1, 0, 0, 4217.07, 1433.1, 454.417, 5.5714, 7200, 0, 0, 1, 0, 1, 0, 256, 0);
/*---------------------------------------------------------------------------------------------------------------*/

/*---------------------------------------------------------------------------------------------------------------*/
-- Zandalari Spirit
SET @GUID = (SELECT MAX(guid) FROM `creature`);
INSERT INTO `creature` (`guid`, `id`, `map`, `zoneId`, `areaId`, `spawnMask`, `phaseMask`, `modelid`, `equipment_id`, `position_x`, `position_y`, `position_z`, `orientation`, `spawntimesecs`, `spawndist`, `currentwaypoint`, `curhealth`, `curmana`, `MovementType`, `npcflag`, `unit_flags`, `dynamicflags`) VALUES 
(@GUID + 1, 60559, 1008, 6125, 6125, 760, 1, 0, 0, 4231.94, 1420.63, 454.417, 2.57676, 7200, 0, 0, 1, 0, 1, 0, 256, 0),
(@GUID + 2, 60559, 1008, 6125, 6125, 760, 1, 0, 0, 4231.53, 1426.77, 454.417, 3.61512, 7200, 0, 0, 1, 0, 1, 0, 256, 0);
/*---------------------------------------------------------------------------------------------------------------*/

/*---------------------------------------------------------------------------------------------------------------*/
-- Shan-xi Watershaper
SET @GUID = (SELECT MAX(guid) FROM `creature`);
INSERT INTO `creature` (`guid`, `id`, `map`, `zoneId`, `areaId`, `spawnMask`, `phaseMask`, `modelid`, `equipment_id`, `position_x`, `position_y`, `position_z`, `orientation`, `spawntimesecs`, `spawndist`, `currentwaypoint`, `curhealth`, `curmana`, `MovementType`, `npcflag`, `unit_flags`, `dynamicflags`) VALUES 
(@GUID + 1, 61139, 1008, 6125, 6125, 760, 1, 0, 0, 4051.02, 1533.01, 378.917, 4.3926, 7200, 0, 0, 1, 0, 0, 0, 32768, 0),
(@GUID + 2, 61139, 1008, 6125, 6125, 760, 1, 0, 0, 4034.11, 1533.26, 378.916, 4.54068, 7200, 0, 0, 1, 0, 0, 0, 32768, 0),
(@GUID + 3, 61139, 1008, 6125, 6125, 760, 1, 0, 0, 4034.06, 1567.33, 378.917, 1.65153, 7200, 0, 0, 1, 0, 0, 0, 32768, 0),
(@GUID + 4, 61139, 1008, 6125, 6125, 760, 1, 0, 0, 4051.02, 1567.58, 378.917, 1.85608, 7200, 0, 0, 1, 0, 0, 0, 32768, 0),
(@GUID + 5, 61139, 1008, 6125, 6125, 760, 1, 0, 0, 4095.42, 1567.56, 378.917, 1.54345, 7200, 0, 0, 1, 0, 0, 0, 32768, 0);
/*---------------------------------------------------------------------------------------------------------------*/

/*---------------------------------------------------------------------------------------------------------------*/
-- Zandalari Fire-Dancer
SET @GUID = (SELECT MAX(guid) FROM `creature`);
INSERT INTO `creature` (`guid`, `id`, `map`, `zoneId`, `areaId`, `spawnMask`, `phaseMask`, `modelid`, `equipment_id`, `position_x`, `position_y`, `position_z`, `orientation`, `spawntimesecs`, `spawndist`, `currentwaypoint`, `curhealth`, `curmana`, `MovementType`, `npcflag`, `unit_flags`, `dynamicflags`) VALUES 
(@GUID + 1, 60402, 1008, 6125, 6125, 760, 1, 0, 0, 4194.26, 1334.83, 461.961, 2.84378, 300, 0, 0, 3372736, 10312, 0, 0, 0, 0),
(@GUID + 2, 60402, 1008, 6125, 6125, 760, 1, 0, 0, 4194.42, 1350.17, 462.045, 3.65015, 7200, 0, 0, 1, 0, 0, 0, 32768, 0),
(@GUID + 3, 60402, 1008, 6125, 6125, 760, 1, 0, 0, 4196.27, 1342.11, 461.961, 3.12731, 300, 0, 0, 3372736, 10312, 0, 0, 0, 0),
(@GUID + 4, 60402, 1008, 6125, 6125, 760, 1, 0, 0, 4285.39, 1424.24, 445.378, 4.72952, 300, 0, 0, 3372736, 10312, 0, 0, 0, 0),
(@GUID + 5, 60402, 1008, 6125, 6125, 760, 1, 0, 0, 4276.88, 1424.39, 445.377, 4.76094, 300, 0, 0, 3372736, 10312, 0, 0, 0, 0),
(@GUID + 6, 60402, 1008, 6125, 6125, 760, 1, 0, 0, 4268.99, 1424.13, 445.379, 4.67297, 300, 0, 0, 3372736, 10312, 0, 0, 0, 0);
/*---------------------------------------------------------------------------------------------------------------*/

/*---------------------------------------------------------------------------------------------------------------*/
-- Zandalari Infiltrator
SET @GUID = (SELECT MAX(guid) FROM `creature`);
INSERT INTO `creature` (`guid`, `id`, `map`, `zoneId`, `areaId`, `spawnMask`, `phaseMask`, `modelid`, `equipment_id`, `position_x`, `position_y`, `position_z`, `orientation`, `spawntimesecs`, `spawndist`, `currentwaypoint`, `curhealth`, `curmana`, `MovementType`, `npcflag`, `unit_flags`, `dynamicflags`) VALUES 
(@GUID + 1, 60381, 1008, 6125, 6125, 760, 1, 0, 0, 4277.01, 1430.03, 445.377, 4.71607, 300, 0, 0, 4215920, 0, 0, 0, 0, 0),
(@GUID + 2, 60381, 1008, 6125, 6125, 760, 1, 0, 0, 4200.24, 1353.99, 461.96, 3.41152, 300, 0, 0, 4215920, 0, 0, 0, 0, 0),
(@GUID + 3, 60381, 1008, 6125, 6125, 760, 1, 0, 0, 4198.63, 1327.7, 462.043, 2.66567, 7200, 0, 0, 1, 0, 0, 0, 0, 0),
(@GUID + 4, 60381, 1008, 6125, 6125, 760, 1, 0, 0, 4203.57, 1341.58, 461.962, 3.18847, 300, 0, 0, 4215920, 0, 0, 0, 0, 0),
(@GUID + 5, 60381, 1008, 6125, 6125, 760, 1, 0, 0, 4289.7, 1428.82, 445.377, 4.45688, 300, 0, 0, 4215920, 0, 0, 0, 0, 0),
(@GUID + 6, 60381, 1008, 6125, 6125, 760, 1, 0, 0, 4264.66, 1429.67, 445.375, 4.95404, 300, 0, 0, 4215920, 0, 0, 0, 0, 0);
/*---------------------------------------------------------------------------------------------------------------*/

/*---------------------------------------------------------------------------------------------------------------*/
-- Zandalari Skullcharger
SET @GUID = (SELECT MAX(guid) FROM `creature`);
INSERT INTO `creature` (`guid`, `id`, `map`, `zoneId`, `areaId`, `spawnMask`, `phaseMask`, `modelid`, `equipment_id`, `position_x`, `position_y`, `position_z`, `orientation`, `spawntimesecs`, `spawndist`, `currentwaypoint`, `curhealth`, `curmana`, `MovementType`, `npcflag`, `unit_flags`, `dynamicflags`) VALUES 
(@GUID + 1, 60375, 1008, 6125, 6125, 760, 1, 0, 0, 4189.33, 1350.75, 462.045, 3.23793, 7200, 0, 0, 1, 0, 0, 0, 0, 0),
(@GUID + 2, 60375, 1008, 6125, 6125, 760, 1, 0, 0, 4188.57, 1332.68, 462.045, 3.04629, 7200, 0, 0, 1, 0, 0, 0, 0, 0),
(@GUID + 3, 60375, 1008, 6125, 6125, 760, 1, 0, 0, 4282.09, 1414.33, 445.38, 4.59443, 300, 0, 0, 5059104, 0, 0, 0, 0, 0),
(@GUID + 4, 60375, 1008, 6125, 6125, 760, 1, 0, 0, 4271.98, 1414.58, 445.381, 4.61406, 300, 0, 0, 5059104, 0, 0, 0, 0, 0);
/*---------------------------------------------------------------------------------------------------------------*/

/*---------------------------------------------------------------------------------------------------------------*/
-- Mogu Runes (Vertical Visual\)
SET @GUID = (SELECT MAX(guid) FROM `creature`);
INSERT INTO `creature` (`guid`, `id`, `map`, `zoneId`, `areaId`, `spawnMask`, `phaseMask`, `modelid`, `equipment_id`, `position_x`, `position_y`, `position_z`, `orientation`, `spawntimesecs`, `spawndist`, `currentwaypoint`, `curhealth`, `curmana`, `MovementType`, `npcflag`, `unit_flags`, `dynamicflags`) VALUES 
(@GUID + 1, 64600, 1008, 6125, 6125, 760, 2, 0, 0, 4231.44, 1341.77, 465.775, 6.27484, 7200, 0, 0, 1, 0, 0, 16777216, 33554688, 0),
(@GUID + 2, 64600, 1008, 6125, 6125, 760, 2, 0, 0, 4310.77, 1306.64, 465.775, 2.31009, 7200, 0, 0, 1, 0, 0, 16777216, 33554688, 0),
(@GUID + 3, 64600, 1008, 6125, 6125, 760, 2, 0, 0, 4310.12, 1373.95, 465.775, 3.91861, 7200, 0, 0, 1, 0, 0, 16777216, 33554688, 0),
(@GUID + 4, 64600, 1008, 6125, 6125, 760, 2, 0, 0, 4323.97, 1340.7, 465.775, 3.10306, 7200, 0, 0, 1, 0, 0, 16777216, 33554688, 0),
(@GUID + 5, 64600, 1008, 6125, 6125, 760, 2, 0, 0, 4276.99, 1387.54, 465.775, 4.7077, 7200, 0, 0, 1, 0, 0, 16777216, 33554688, 0),
(@GUID + 6, 64600, 1008, 6125, 6125, 760, 2, 0, 0, 4276.99, 1293.52, 465.775, 1.54814, 7200, 0, 0, 1, 0, 0, 16777216, 33554688, 0);
/*---------------------------------------------------------------------------------------------------------------*/

/*---------------------------------------------------------------------------------------------------------------*/
-- Mogu Runes (Pitch Forward 120\) DNT
SET @GUID = (SELECT MAX(guid) FROM `creature`);
INSERT INTO `creature` (`guid`, `id`, `map`, `zoneId`, `areaId`, `spawnMask`, `phaseMask`, `modelid`, `equipment_id`, `position_x`, `position_y`, `position_z`, `orientation`, `spawntimesecs`, `spawndist`, `currentwaypoint`, `curhealth`, `curmana`, `MovementType`, `npcflag`, `unit_flags`, `dynamicflags`) VALUES 
(@GUID + 1, 65227, 1008, 6125, 6125, 760, 2, 0, 0, 4236.93, 1341.77, 485.554, 6.27484, 7200, 0, 0, 1, 0, 0, 16777216, 33554688, 0),
(@GUID + 2, 65227, 1008, 6125, 6125, 760, 2, 0, 0, 4248.43, 1313.66, 485.554, 0.782998, 7200, 0, 0, 1, 0, 0, 16777216, 33554688, 0),
(@GUID + 3, 65227, 1008, 6125, 6125, 760, 2, 0, 0, 4276.56, 1301.63, 485.554, 1.54814, 7200, 0, 0, 1, 0, 0, 16777216, 33554688, 0),
(@GUID + 4, 65227, 1008, 6125, 6125, 760, 2, 0, 0, 4276.99, 1381.8, 485.554, 4.7077, 7200, 0, 0, 1, 0, 0, 16777216, 33554688, 0),
(@GUID + 5, 65227, 1008, 6125, 6125, 760, 2, 0, 0, 4304.83, 1312.96, 485.554, 2.31009, 7200, 0, 0, 1, 0, 0, 16777216, 33554688, 0),
(@GUID + 6, 65227, 1008, 6125, 6125, 760, 2, 0, 0, 4305.43, 1369.18, 485.554, 3.91861, 7200, 0, 0, 1, 0, 0, 16777216, 33554688, 0),
(@GUID + 7, 65227, 1008, 6125, 6125, 760, 2, 0, 0, 4316.87, 1340.9, 485.554, 3.10306, 7200, 0, 0, 1, 0, 0, 16777216, 33554688, 0);
/*---------------------------------------------------------------------------------------------------------------*/

/*---------------------------------------------------------------------------------------------------------------*/
-- Mogu'shan Secret-Keeper
SET @GUID = (SELECT MAX(guid) FROM `creature`);
INSERT INTO `creature` (`guid`, `id`, `map`, `zoneId`, `areaId`, `spawnMask`, `phaseMask`, `modelid`, `equipment_id`, `position_x`, `position_y`, `position_z`, `orientation`, `spawntimesecs`, `spawndist`, `currentwaypoint`, `curhealth`, `curmana`, `MovementType`, `npcflag`, `unit_flags`, `dynamicflags`) VALUES 
(@GUID + 1, 61131, 1008, 6125, 6125, 760, 1, 0, 0, 3955.47, 1537.91, 369.645, 2.99139, 7200, 0, 0, 1, 0, 0, 0, 32832, 0),
(@GUID + 2, 61131, 1008, 6125, 6125, 760, 1, 0, 0, 3951.66, 1549.92, 369.645, 3.10212, 7200, 0, 0, 1, 0, 0, 0, 32832, 0),
(@GUID + 3, 61131, 1008, 6125, 6125, 760, 1, 0, 0, 3955.4, 1563.09, 369.645, 3.14108, 7200, 0, 0, 1, 0, 0, 0, 32832, 0),
(@GUID + 4, 61131, 1008, 6125, 6125, 760, 1, 0, 0, 4083.79, 1550.24, 378.834, 6.28128, 7200, 0, 0, 1, 0, 2, 0, 32832, 0),
(@GUID + 5, 61131, 1008, 6125, 6125, 760, 1, 0, 0, 4044.59, 1560.88, 378.917, 1.4935, 7200, 0, 0, 1, 0, 2, 0, 32832, 0);

DELETE FROM `waypoint_data` WHERE `id` = @GUID + 5;
INSERT INTO `waypoint_data` (`id`, `point`, `position_x`, `position_y`, `position_z`, `orientation`, `delay`, `move_flag`, `action`, `action_chance`, `wpguid`) VALUES 
(@GUID + 5, 1, 4042.3, 1535.84, 378.833, 0, 0, 0, 0, 100, 0),
(@GUID + 5, 2, 4048.25, 1549.58, 378.833, 0, 10000, 0, 0, 100, 0),
(@GUID + 5, 3, 4091.34, 1547.75, 378.833, 0, 0, 0, 0, 100, 0),
(@GUID + 5, 4, 4104.77, 1564.33, 378.833, 0, 10000, 0, 0, 100, 0),
(@GUID + 5, 5, 4084.9, 1554.53, 378.833, 0, 0, 0, 0, 100, 0),
(@GUID + 5, 6, 4046.1, 1558.39, 378.833, 0, 0, 0, 0, 100, 0);

DELETE FROM `waypoint_data` WHERE `id` = @GUID + 4;
INSERT INTO `waypoint_data` (`id`, `point`, `position_x`, `position_y`, `position_z`, `orientation`, `delay`, `move_flag`, `action`, `action_chance`, `wpguid`) VALUES 
(@GUID + 4, 1, 4093.06, 1551.23, 378.834, 0, 0, 0, 0, 100, 0),
(@GUID + 4, 2, 4090.19, 1551.69, 378.834, 0, 0, 0, 0, 100, 0),
(@GUID + 4, 3, 4074.18, 1568.44, 378.829, 0, 0, 0, 0, 100, 0),
(@GUID + 4, 4, 4073.42, 1599.66, 376.905, 0, 0, 0, 0, 100, 0),
(@GUID + 4, 5, 4073.2, 1625.19, 376.909, 0, 0, 0, 0, 100, 0),
(@GUID + 4, 6, 4073.15, 1600.88, 376.909, 0, 0, 0, 0, 100, 0),
(@GUID + 4, 7, 4072.82, 1590.39, 379.75, 0, 0, 0, 0, 100, 0),
(@GUID + 4, 8, 4072.06, 1565.9, 378.83, 0, 0, 0, 0, 100, 0),
(@GUID + 4, 9, 4064.88, 1557.04, 378.833, 0, 0, 0, 0, 100, 0),
(@GUID + 4, 10, 4040.83, 1551.23, 378.833, 0, 0, 0, 0, 100, 0),
(@GUID + 4, 11, 4045, 1551.16, 378.833, 0, 0, 0, 0, 100, 0),
(@GUID + 4, 12, 4106.44, 1552.09, 378.833, 0, 0, 0, 0, 100, 0);

DELETE FROM `creature_path` WHERE `guid` BETWEEN @GUID + 4 AND @GUID + 5;
INSERT INTO `creature_path` (`guid`, `path`) VALUES
(@GUID + 4, @GUID + 4),
(@GUID + 5, @GUID + 5);

/*---------------------------------------------------------------------------------------------------------------*/

/*---------------------------------------------------------------------------------------------------------------*/
-- Sorcerer Mogu
SET @GUID = (SELECT MAX(guid) FROM `creature`);
INSERT INTO `creature` (`guid`, `id`, `map`, `zoneId`, `areaId`, `spawnMask`, `phaseMask`, `modelid`, `equipment_id`, `position_x`, `position_y`, `position_z`, `orientation`, `spawntimesecs`, `spawndist`, `currentwaypoint`, `curhealth`, `curmana`, `MovementType`, `npcflag`, `unit_flags`, `dynamicflags`) VALUES 
(@GUID + 1, 61250, 1008, 6125, 6125, 760, 1, 0, 0, 4195.52, 1495.25, 424.018, 1.47879, 7200, 0, 0, 1, 0, 0, 0, 33816576, 0),
(@GUID + 2, 61250, 1008, 6125, 6125, 760, 1, 0, 0, 4183.19, 1495.07, 424.018, 1.58427, 7200, 0, 0, 1, 0, 0, 0, 33816576, 0),
(@GUID + 3, 61250, 1008, 6125, 6125, 760, 1, 0, 0, 4207.33, 1494.25, 424.018, 1.47879, 7200, 0, 0, 1, 0, 0, 0, 33816576, 0),
(@GUID + 4, 61250, 1008, 6125, 6125, 760, 1, 0, 0, 4188.12, 1495.42, 424.018, 1.47879, 7200, 0, 0, 1, 0, 0, 0, 33816576, 0),
(@GUID + 5, 61250, 1008, 6125, 6125, 760, 1, 0, 0, 4201.6, 1494.65, 424.018, 1.47879, 7200, 0, 0, 1, 0, 0, 0, 33816576, 0);
/*---------------------------------------------------------------------------------------------------------------*/

/*---------------------------------------------------------------------------------------------------------------*/
-- Bone Spider
SET @GUID = (SELECT MAX(guid) FROM `creature`);
INSERT INTO `creature` (`guid`, `id`, `map`, `zoneId`, `areaId`, `spawnMask`, `phaseMask`, `modelid`, `equipment_id`, `position_x`, `position_y`, `position_z`, `orientation`, `spawntimesecs`, `spawndist`, `currentwaypoint`, `curhealth`, `curmana`, `MovementType`, `npcflag`, `unit_flags`, `dynamicflags`) VALUES 
(@GUID + 1, 65343, 1008, 6125, 6125, 760, 1, 0, 0, 4233.5, 1609.28, 410.444, 1.64426, 7200, 0, 0, 1, 0, 0, 0, 32768, 0),
(@GUID + 2, 65343, 1008, 6125, 6125, 760, 1, 0, 0, 4231.43, 1604.59, 410.362, 4.68638, 7200, 0, 0, 1, 0, 0, 0, 32768, 0),
(@GUID + 3, 65343, 1008, 6125, 6125, 760, 1, 0, 0, 4170.36, 1542.88, 383.228, 5.33641, 7200, 0, 0, 1, 0, 0, 0, 32768, 0),
(@GUID + 4, 65343, 1008, 6125, 6125, 760, 1, 0, 0, 4176.5, 1553.8, 383.228, 4.3614, 7200, 0, 0, 1, 0, 0, 0, 32768, 0),
(@GUID + 5, 65343, 1008, 6125, 6125, 760, 1, 0, 0, 4175.82, 1546.69, 383.228, 2.10538, 7200, 0, 0, 1, 0, 0, 0, 32768, 0),
(@GUID + 6, 65343, 1008, 6125, 6125, 760, 1, 0, 0, 4172.22, 1550.63, 383.228, 3.61859, 7200, 0, 0, 1, 0, 0, 0, 32768, 0),
(@GUID + 7, 65343, 1008, 6125, 6125, 760, 1, 0, 0, 4218.24, 1601.5, 410.36, 0.220755, 7200, 0, 0, 1, 0, 0, 0, 32768, 0),
(@GUID + 8, 65343, 1008, 6125, 6125, 760, 1, 0, 0, 4228.82, 1614.21, 410.473, 6.19513, 7200, 0, 0, 1, 0, 0, 0, 32768, 0),
(@GUID + 9, 65343, 1008, 6125, 6125, 760, 1, 0, 0, 4141.31, 1535.53, 383.249, 3.97171, 7200, 0, 0, 1, 0, 0, 0, 32768, 0),
(@GUID + 10, 65343, 1008, 6125, 6125, 760, 1, 0, 0, 4140.81, 1531.59, 383.256, 4.00881, 7200, 0, 0, 1, 0, 0, 0, 32768, 0),
(@GUID + 11, 65343, 1008, 6125, 6125, 760, 1, 0, 0, 4136.17, 1534.63, 383.269, 2.34027, 7200, 0, 0, 1, 0, 0, 0, 32768, 0),
(@GUID + 12, 65343, 1008, 6125, 6125, 760, 1, 0, 0, 4137.77, 1570.01, 383.268, 0.809125, 7200, 0, 0, 1, 0, 0, 0, 32768, 0),
(@GUID + 13, 65343, 1008, 6125, 6125, 760, 1, 0, 0, 4164.86, 1602.38, 396.767, 3.36168, 7200, 0, 0, 1, 0, 0, 0, 32768, 0),
(@GUID + 14, 65343, 1008, 6125, 6125, 760, 1, 0, 0, 4163.45, 1606.2, 396.766, 5.73101, 7200, 0, 0, 1, 0, 0, 0, 32768, 0),
(@GUID + 15, 65343, 1008, 6125, 6125, 760, 1, 0, 0, 4175.6, 1552.45, 383.228, 5.69304, 7200, 0, 0, 1, 0, 0, 0, 32768, 0),
(@GUID + 16, 65343, 1008, 6125, 6125, 760, 1, 0, 0, 4173.1, 1552.37, 383.228, 5.86426, 7200, 0, 0, 1, 0, 0, 0, 32768, 0),
(@GUID + 17, 65343, 1008, 6125, 6125, 760, 1, 0, 0, 4163.44, 1605.81, 396.766, 4.92499, 7200, 0, 0, 1, 0, 0, 0, 32768, 0),
(@GUID + 18, 65343, 1008, 6125, 6125, 760, 1, 0, 0, 4174.42, 1553.15, 383.228, 3.89554, 7200, 0, 0, 1, 0, 0, 0, 32768, 0),
(@GUID + 19, 65343, 1008, 6125, 6125, 760, 1, 0, 0, 4163.42, 1606.07, 396.766, 5.87176, 7200, 0, 0, 1, 0, 0, 0, 32768, 0);
/*---------------------------------------------------------------------------------------------------------------*/

/*---------------------------------------------------------------------------------------------------------------*/
-- Empyreal Focus
SET @GUID = (SELECT MAX(guid) FROM `creature`);
INSERT INTO `creature` (`guid`, `id`, `map`, `zoneId`, `areaId`, `spawnMask`, `phaseMask`, `modelid`, `equipment_id`, `position_x`, `position_y`, `position_z`, `orientation`, `spawntimesecs`, `spawndist`, `currentwaypoint`, `curhealth`, `curmana`, `MovementType`, `npcflag`, `unit_flags`, `dynamicflags`) VALUES 
(@GUID + 1, 60776, 1008, 6125, 6125, 760, 1, 0, 0, 4054.24, 1876.64, 358.872, 5.49779, 7200, 0, 0, 1, 0, 0, 0, 33554432, 0),
(@GUID + 2, 60776, 1008, 6125, 6125, 760, 1, 0, 0, 3992.02, 1876.64, 358.872, 3.92699, 7200, 0, 0, 1, 0, 0, 0, 33554432, 0),
(@GUID + 3, 60776, 1008, 6125, 6125, 760, 1, 0, 0, 4067.13, 1907.75, 358.872, 0, 7200, 0, 0, 1, 0, 0, 0, 33554432, 0),
(@GUID + 4, 60776, 1008, 6125, 6125, 760, 1, 0, 0, 3992.02, 1938.86, 358.872, 2.35619, 7200, 0, 0, 1, 0, 0, 0, 33554432, 0),
(@GUID + 5, 60776, 1008, 6125, 6125, 760, 1, 0, 0, 4054.24, 1938.86, 358.872, 0.785398, 7200, 0, 0, 1, 0, 0, 0, 33554432, 0),
(@GUID + 6, 60776, 1008, 6125, 6125, 760, 1, 0, 0, 3979.13, 1907.75, 358.872, 3.14159, 7200, 0, 0, 1, 0, 0, 0, 33554432, 0);
/*---------------------------------------------------------------------------------------------------------------*/

/*---------------------------------------------------------------------------------------------------------------*/
-- General Purpose Bunny JMF (Look 2, Flying\)
SET @GUID = (SELECT MAX(guid) FROM `creature`);
INSERT INTO `creature` (`guid`, `id`, `map`, `zoneId`, `areaId`, `spawnMask`, `phaseMask`, `modelid`, `equipment_id`, `position_x`, `position_y`, `position_z`, `orientation`, `spawntimesecs`, `spawndist`, `currentwaypoint`, `curhealth`, `curmana`, `MovementType`, `npcflag`, `unit_flags`, `dynamicflags`) VALUES 
(@GUID + 1, 59677, 1008, 6125, 6125, 760, 1, 0, 0, 4101.95, 1517.09, 375.731, 0, 7200, 0, 0, 1, 0, 0, 0, 33554432, 0),
(@GUID + 2, 59677, 1008, 6125, 6125, 760, 1, 0, 0, 4101.83, 1596.03, 376.201, 0, 7200, 0, 0, 1, 0, 0, 0, 33554432, 0),
(@GUID + 3, 59677, 1008, 6125, 6125, 760, 1, 0, 0, 4044.16, 1518.42, 376.107, 0, 7200, 0, 0, 1, 0, 0, 0, 33554432, 0),
(@GUID + 4, 59677, 1008, 6125, 6125, 760, 1, 0, 0, 4044.86, 1595.62, 376.14, 0, 7200, 0, 0, 1, 0, 0, 0, 33554432, 0);
/*---------------------------------------------------------------------------------------------------------------*/

/*---------------------------------------------------------------------------------------------------------------*/
-- Mogu'shan Warden
SET @GUID = (SELECT MAX(guid) FROM `creature`);
INSERT INTO `creature` (`guid`, `id`, `map`, `zoneId`, `areaId`, `spawnMask`, `phaseMask`, `modelid`, `equipment_id`, `position_x`, `position_y`, `position_z`, `orientation`, `spawntimesecs`, `spawndist`, `currentwaypoint`, `curhealth`, `curmana`, `MovementType`, `npcflag`, `unit_flags`, `dynamicflags`) VALUES 
(@GUID + 1, 64947, 1008, 6125, 6125, 760, 1, 0, 0, 4059.69, 1692.13, 363.301, 0.0000399968, 7200, 0, 0, 1, 0, 0, 0, 32832, 0),
(@GUID + 2, 64947, 1008, 6125, 6125, 760, 1, 0, 0, 4015.55, 1828.8, 358.867, 4.61707, 7200, 0, 0, 1, 0, 0, 0, 32832, 0),
(@GUID + 3, 64947, 1008, 6125, 6125, 760, 1, 0, 0, 4017.13, 1847.62, 358.875, 4.71423, 7200, 0, 0, 1, 0, 0, 0, 32832, 0);
/*---------------------------------------------------------------------------------------------------------------*/

/*---------------------------------------------------------------------------------------------------------------*/
-- Mogu'shan Warden
SET @GUID = (SELECT MAX(guid) FROM `creature`);
INSERT INTO `creature` (`guid`, `id`, `map`, `zoneId`, `areaId`, `spawnMask`, `phaseMask`, `modelid`, `equipment_id`, `position_x`, `position_y`, `position_z`, `orientation`, `spawntimesecs`, `spawndist`, `currentwaypoint`, `curhealth`, `curmana`, `MovementType`, `npcflag`, `unit_flags`, `dynamicflags`) VALUES 
(@GUID + 1, 64061, 1008, 6125, 6125, 760, 1, 0, 0, 4059.66, 1700.13, 363.304, 0.0000623791, 7200, 0, 0, 1, 0, 0, 0, 32832, 0),
(@GUID + 2, 64061, 1008, 6125, 6125, 760, 1, 0, 0, 4030.54, 1829.01, 358.867, 4.61707, 7200, 0, 0, 1, 0, 0, 0, 32832, 0),
(@GUID + 3, 64061, 1008, 6125, 6125, 760, 1, 0, 0, 4029.98, 1847.68, 358.875, 4.71423, 7200, 0, 0, 1, 0, 0, 0, 32832, 0);
/*---------------------------------------------------------------------------------------------------------------*/

/*---------------------------------------------------------------------------------------------------------------*/
-- Mogu'shan Arcanist
SET @GUID = (SELECT MAX(guid) FROM `creature`);
INSERT INTO `creature` (`guid`, `id`, `map`, `zoneId`, `areaId`, `spawnMask`, `phaseMask`, `modelid`, `equipment_id`, `position_x`, `position_y`, `position_z`, `orientation`, `spawntimesecs`, `spawndist`, `currentwaypoint`, `curhealth`, `curmana`, `MovementType`, `npcflag`, `unit_flags`, `dynamicflags`) VALUES 
(@GUID + 1, 64063, 1008, 6125, 6125, 760, 1, 0, 0, 4023.23, 1828.29, 358.858, 4.61707, 7200, 0, 0, 1, 0, 0, 0, 32832, 0),
(@GUID + 2, 64063, 1008, 6125, 6125, 760, 1, 0, 0, 4009.41, 1852.47, 358.873, 4.71423, 7200, 0, 0, 1, 0, 0, 0, 32832, 0),
(@GUID + 3, 64063, 1008, 6125, 6125, 760, 1, 0, 0, 4036.97, 1853.23, 358.872, 4.71423, 7200, 0, 0, 1, 0, 0, 0, 32832, 0);
/*---------------------------------------------------------------------------------------------------------------*/

/*---------------------------------------------------------------------------------------------------------------*/
-- Core Target Stalker
SET @GUID = (SELECT MAX(guid) FROM `creature`);
INSERT INTO `creature` (`guid`, `id`, `map`, `zoneId`, `areaId`, `spawnMask`, `phaseMask`, `modelid`, `equipment_id`, `position_x`, `position_y`, `position_z`, `orientation`, `spawntimesecs`, `spawndist`, `currentwaypoint`, `curhealth`, `curmana`, `MovementType`, `npcflag`, `unit_flags`, `dynamicflags`) VALUES 
(@GUID + 1, 60960, 1008, 6125, 6125, 760, 1, 0, 0, 3988.48, 1873.1, 358.872, 3.91917, 7200, 0, 0, 1, 0, 0, 0, 33554688, 0),
(@GUID + 2, 60960, 1008, 6125, 6125, 760, 1, 0, 0, 4057.78, 1873.1, 358.872, 5.48581, 7200, 0, 0, 1, 0, 0, 0, 33554688, 0),
(@GUID + 3, 60960, 1008, 6125, 6125, 760, 1, 0, 0, 3974.13, 1907.75, 358.872, 3.14504, 7200, 0, 0, 1, 0, 0, 0, 33554688, 0),
(@GUID + 4, 60960, 1008, 6125, 6125, 760, 1, 0, 0, 4072.13, 1907.75, 358.872, 0.0145568, 7200, 0, 0, 1, 0, 0, 0, 33554688, 0),
(@GUID + 5, 60960, 1008, 6125, 6125, 760, 1, 0, 0, 3988.48, 1942.4, 358.872, 2.28128, 7200, 0, 0, 1, 0, 0, 0, 33554688, 0),
(@GUID + 6, 60960, 1008, 6125, 6125, 760, 1, 0, 0, 4057.78, 1942.4, 358.872, 0.752778, 7200, 0, 0, 1, 0, 0, 0, 33554688, 0);
/*---------------------------------------------------------------------------------------------------------------*/

/*---------------------------------------------------------------------------------------------------------------*/
-- Elegon
SET @GUID = (SELECT MAX(guid) FROM `creature`);
INSERT INTO `creature` (`guid`, `id`, `map`, `zoneId`, `areaId`, `spawnMask`, `phaseMask`, `modelid`, `equipment_id`, `position_x`, `position_y`, `position_z`, `orientation`, `spawntimesecs`, `spawndist`, `currentwaypoint`, `curhealth`, `curmana`, `MovementType`, `npcflag`, `unit_flags`, `dynamicflags`) VALUES 
(@GUID + 1, 60410, 1008, 6125, 6125, 760, 1, 0, 0, 4023.13, 1907.75, 360, 4.71239, 7200, 0, 0, 1, 0, 0, 0, 0, 0),
(@GUID + 2, 60410, 1008, 6125, 6125, 760, 1, 0, 0, 4023.13, 1907.75, 360, 4.71239, 7200, 0, 0, 1, 0, 0, 0, 0, 0),
(@GUID + 3, 60410, 1008, 6125, 6125, 760, 1, 0, 0, 4023.13, 1907.75, 360, 4.71239, 7200, 0, 0, 1, 0, 0, 0, 0, 0);
/*---------------------------------------------------------------------------------------------------------------*/

/*---------------------------------------------------------------------------------------------------------------*/
-- Stone Guard Controller
SET @GUID = (SELECT MAX(guid) FROM `creature`);
INSERT INTO `creature` (`guid`, `id`, `map`, `zoneId`, `areaId`, `spawnMask`, `phaseMask`, `modelid`, `equipment_id`, `position_x`, `position_y`, `position_z`, `orientation`, `spawntimesecs`, `spawndist`, `currentwaypoint`, `curhealth`, `curmana`, `MovementType`, `npcflag`, `unit_flags`, `dynamicflags`) VALUES 
(@GUID + 1, 60089, 1008, 6125, 6125, 760, 1, 0, 0, 3899.2, 1234.37, 466.262, 4.70953, 7200, 0, 0, 1, 0, 0, 0, 33554432, 0);
/*---------------------------------------------------------------------------------------------------------------*/

/*---------------------------------------------------------------------------------------------------------------*/
-- Cobalt Guardian
SET @GUID = (SELECT MAX(guid) FROM `creature`);
INSERT INTO `creature` (`guid`, `id`, `map`, `zoneId`, `areaId`, `spawnMask`, `phaseMask`, `modelid`, `equipment_id`, `position_x`, `position_y`, `position_z`, `orientation`, `spawntimesecs`, `spawndist`, `currentwaypoint`, `curhealth`, `curmana`, `MovementType`, `npcflag`, `unit_flags`, `dynamicflags`) VALUES 
(@GUID + 1, 60051, 1008, 6125, 6125, 760, 1, 0, 0, 3870.75, 1246.28, 466.364, 4.54348, 28800, 0, 0, 1, 0, 0, 0, 64, 0);
/*---------------------------------------------------------------------------------------------------------------*/

/*---------------------------------------------------------------------------------------------------------------*/
-- Jasper Guardian
SET @GUID = (SELECT MAX(guid) FROM `creature`);
INSERT INTO `creature` (`guid`, `id`, `map`, `zoneId`, `areaId`, `spawnMask`, `phaseMask`, `modelid`, `equipment_id`, `position_x`, `position_y`, `position_z`, `orientation`, `spawntimesecs`, `spawndist`, `currentwaypoint`, `curhealth`, `curmana`, `MovementType`, `npcflag`, `unit_flags`, `dynamicflags`) VALUES 
(@GUID + 1, 59915, 1008, 6125, 6125, 760, 1, 0, 0, 3919.89, 1258.59, 466.363, 4.66991, 28800, 0, 0, 1, 0, 0, 0, 64, 0);
/*---------------------------------------------------------------------------------------------------------------*/

/*---------------------------------------------------------------------------------------------------------------*/
-- Ghost Essence
SET @GUID = (SELECT MAX(guid) FROM `creature`);
INSERT INTO `creature` (`guid`, `id`, `map`, `zoneId`, `areaId`, `spawnMask`, `phaseMask`, `modelid`, `equipment_id`, `position_x`, `position_y`, `position_z`, `orientation`, `spawntimesecs`, `spawndist`, `currentwaypoint`, `curhealth`, `curmana`, `MovementType`, `npcflag`, `unit_flags`, `dynamicflags`) VALUES 
(@GUID + 1, 62004, 1008, 6125, 6125, 760, 1, 0, 0, 3900.33, 1340.38, 474.136, 0, 7200, 0, 0, 1, 0, 0, 0, 33554496, 0);
/*---------------------------------------------------------------------------------------------------------------*/

/*---------------------------------------------------------------------------------------------------------------*/
-- Jade Guardian
SET @GUID = (SELECT MAX(guid) FROM `creature`);
INSERT INTO `creature` (`guid`, `id`, `map`, `zoneId`, `areaId`, `spawnMask`, `phaseMask`, `modelid`, `equipment_id`, `position_x`, `position_y`, `position_z`, `orientation`, `spawntimesecs`, `spawndist`, `currentwaypoint`, `curhealth`, `curmana`, `MovementType`, `npcflag`, `unit_flags`, `dynamicflags`) VALUES 
(@GUID + 1, 60043, 1008, 6125, 6125, 760, 1, 0, 0, 3878.93, 1258.49, 466.363, 4.69497, 28800, 0, 0, 1, 0, 0, 0, 64, 0);
/*---------------------------------------------------------------------------------------------------------------*/

/*---------------------------------------------------------------------------------------------------------------*/
-- Amethyst Guardian
SET @GUID = (SELECT MAX(guid) FROM `creature`);
INSERT INTO `creature` (`guid`, `id`, `map`, `zoneId`, `areaId`, `spawnMask`, `phaseMask`, `modelid`, `equipment_id`, `position_x`, `position_y`, `position_z`, `orientation`, `spawntimesecs`, `spawndist`, `currentwaypoint`, `curhealth`, `curmana`, `MovementType`, `npcflag`, `unit_flags`, `dynamicflags`) VALUES 
(@GUID + 1, 60047, 1008, 6125, 6125, 760, 1, 0, 0, 3928, 1246.34, 466.363, 4.71147, 28800, 0, 0, 1, 0, 0, 0, 64, 0);
/*---------------------------------------------------------------------------------------------------------------*/

/*---------------------------------------------------------------------------------------------------------------*/
-- Gara'jal the Spiritbinder
SET @GUID = (SELECT MAX(guid) FROM `creature`);
INSERT INTO `creature` (`guid`, `id`, `map`, `zoneId`, `areaId`, `spawnMask`, `phaseMask`, `modelid`, `equipment_id`, `position_x`, `position_y`, `position_z`, `orientation`, `spawntimesecs`, `spawndist`, `currentwaypoint`, `curhealth`, `curmana`, `MovementType`, `npcflag`, `unit_flags`, `dynamicflags`) VALUES 
(@GUID + 1, 60143, 1008, 6125, 6125, 760, 1, 0, 0, 4276.96, 1341.28, 454.459, 3.13439, 7200, 0, 0, 1, 0, 0, 0, 0, 0);
/*---------------------------------------------------------------------------------------------------------------*/

/*---------------------------------------------------------------------------------------------------------------*/
-- Feng the Accursed
SET @GUID = (SELECT MAX(guid) FROM `creature`);
INSERT INTO `creature` (`guid`, `id`, `map`, `zoneId`, `areaId`, `spawnMask`, `phaseMask`, `modelid`, `equipment_id`, `position_x`, `position_y`, `position_z`, `orientation`, `spawntimesecs`, `spawndist`, `currentwaypoint`, `curhealth`, `curmana`, `MovementType`, `npcflag`, `unit_flags`, `dynamicflags`) VALUES 
(@GUID + 1, 60009, 1008, 6125, 6125, 760, 1, 0, 0, 4041.98, 1341.86, 466.388, 3.14016, 28800, 0, 0, 1, 0, 0, 0, 32832, 0);
/*---------------------------------------------------------------------------------------------------------------*/

/*---------------------------------------------------------------------------------------------------------------*/
-- Zandalari War Wyvern
SET @GUID = (SELECT MAX(guid) FROM `creature`);
INSERT INTO `creature` (`guid`, `id`, `map`, `zoneId`, `areaId`, `spawnMask`, `phaseMask`, `modelid`, `equipment_id`, `position_x`, `position_y`, `position_z`, `orientation`, `spawntimesecs`, `spawndist`, `currentwaypoint`, `curhealth`, `curmana`, `MovementType`, `npcflag`, `unit_flags`, `dynamicflags`) VALUES 
(@GUID + 1, 60385, 1008, 6125, 6125, 760, 1, 0, 0, 4220.87, 1416.62, 454.417, 5.10825, 7200, 0, 0, 1, 0, 0, 0, 256, 0);
/*---------------------------------------------------------------------------------------------------------------*/

/*---------------------------------------------------------------------------------------------------------------*/
-- Mogu Runes (Horizontal Visual\)
SET @GUID = (SELECT MAX(guid) FROM `creature`);
INSERT INTO `creature` (`guid`, `id`, `map`, `zoneId`, `areaId`, `spawnMask`, `phaseMask`, `modelid`, `equipment_id`, `position_x`, `position_y`, `position_z`, `orientation`, `spawntimesecs`, `spawndist`, `currentwaypoint`, `curhealth`, `curmana`, `MovementType`, `npcflag`, `unit_flags`, `dynamicflags`) VALUES 
(@GUID + 1, 64529, 1008, 6125, 6125, 760, 2, 0, 0, 4277.09, 1341.36, 454.543, 1.5708, 7200, 0, 0, 1, 0, 0, 16777216, 33554688, 0);
/*---------------------------------------------------------------------------------------------------------------*/

/*---------------------------------------------------------------------------------------------------------------*/
-- Story Time
SET @GUID = (SELECT MAX(guid) FROM `creature`);
INSERT INTO `creature` (`guid`, `id`, `map`, `zoneId`, `areaId`, `spawnMask`, `phaseMask`, `modelid`, `equipment_id`, `position_x`, `position_y`, `position_z`, `orientation`, `spawntimesecs`, `spawndist`, `currentwaypoint`, `curhealth`, `curmana`, `MovementType`, `npcflag`, `unit_flags`, `dynamicflags`) VALUES 
(@GUID + 1, 61352, 1008, 6125, 6125, 760, 1, 0, 0, 4226.74, 1486.16, 432.797, 1.51494, 7200, 0, 0, 1, 0, 0, 0, 33554432, 0);
/*---------------------------------------------------------------------------------------------------------------*/

/*---------------------------------------------------------------------------------------------------------------*/
-- Invisible Stalker
SET @GUID = (SELECT MAX(guid) FROM `creature`);
INSERT INTO `creature` (`guid`, `id`, `map`, `zoneId`, `areaId`, `spawnMask`, `phaseMask`, `modelid`, `equipment_id`, `position_x`, `position_y`, `position_z`, `orientation`, `spawntimesecs`, `spawndist`, `currentwaypoint`, `curhealth`, `curmana`, `MovementType`, `npcflag`, `unit_flags`, `dynamicflags`) VALUES 
(@GUID + 1, 65297, 1008, 6125, 6125, 760, 1, 0, 0, 4023.13, 1907.75, 378.083, 4.71239, 7200, 0, 0, 1, 0, 0, 0, 33555200, 0);
/*---------------------------------------------------------------------------------------------------------------*/

/*---------------------------------------------------------------------------------------------------------------*/
-- Mogu'shan Engine Keeper
SET @GUID = (SELECT MAX(guid) FROM `creature`);
INSERT INTO `creature` (`guid`, `id`, `map`, `zoneId`, `areaId`, `spawnMask`, `phaseMask`, `modelid`, `equipment_id`, `position_x`, `position_y`, `position_z`, `orientation`, `spawntimesecs`, `spawndist`, `currentwaypoint`, `curhealth`, `curmana`, `MovementType`, `npcflag`, `unit_flags`, `dynamicflags`) VALUES 
(@GUID + 1, 64068, 1008, 6125, 6125, 760, 1, 0, 0, 4023.67, 1844.99, 358.872, 4.71423, 7200, 0, 0, 1, 0, 0, 0, 32832, 0);
/*---------------------------------------------------------------------------------------------------------------*/

/*---------------------------------------------------------------------------------------------------------------*/
-- Energy Vortex Stalker
SET @GUID = (SELECT MAX(guid) FROM `creature`);
INSERT INTO `creature` (`guid`, `id`, `map`, `zoneId`, `areaId`, `spawnMask`, `phaseMask`, `modelid`, `equipment_id`, `position_x`, `position_y`, `position_z`, `orientation`, `spawntimesecs`, `spawndist`, `currentwaypoint`, `curhealth`, `curmana`, `MovementType`, `npcflag`, `unit_flags`, `dynamicflags`) VALUES 
(@GUID + 1, 61330, 1008, 6125, 6125, 760, 1, 0, 0, 4023.13, 1907.75, 358.872, 4.71239, 7200, 0, 0, 1, 0, 0, 0, 33555200, 0);
/*---------------------------------------------------------------------------------------------------------------*/

/*---------------------------------------------------------------------------------------------------------------*/
-- Infinite Energy
SET @GUID = (SELECT MAX(guid) FROM `creature`);
INSERT INTO `creature` (`guid`, `id`, `map`, `zoneId`, `areaId`, `spawnMask`, `phaseMask`, `modelid`, `equipment_id`, `position_x`, `position_y`, `position_z`, `orientation`, `spawntimesecs`, `spawndist`, `currentwaypoint`, `curhealth`, `curmana`, `MovementType`, `npcflag`, `unit_flags`, `dynamicflags`) VALUES 
(@GUID + 1, 65293, 1008, 6125, 6125, 760, 1, 0, 0, 4023.13, 1907.75, 378.167, 4.71239, 7200, 0, 0, 1, 0, 0, 0, 33554432, 0);
/*---------------------------------------------------------------------------------------------------------------*/

/*---------------------------------------------------------------------------------------------------------------*/
-- Zian of the Endless Shadow
SET @GUID = (SELECT MAX(guid) FROM `creature`);
INSERT INTO `creature` (`guid`, `id`, `map`, `zoneId`, `areaId`, `spawnMask`, `phaseMask`, `modelid`, `equipment_id`, `position_x`, `position_y`, `position_z`, `orientation`, `spawntimesecs`, `spawndist`, `currentwaypoint`, `curhealth`, `curmana`, `MovementType`, `npcflag`, `unit_flags`, `dynamicflags`) VALUES 
(@GUID + 1, 60701, 1008, 6125, 6125, 760, 1, 0, 0, 4227.49, 1558.18, 438.804, 1.54848, 300, 0, 0, 43613700, 1051400, 0, 0, 0, 0);
/*---------------------------------------------------------------------------------------------------------------*/

/*---------------------------------------------------------------------------------------------------------------*/
-- Meng the Demented
SET @GUID = (SELECT MAX(guid) FROM `creature`);
INSERT INTO `creature` (`guid`, `id`, `map`, `zoneId`, `areaId`, `spawnMask`, `phaseMask`, `modelid`, `equipment_id`, `position_x`, `position_y`, `position_z`, `orientation`, `spawntimesecs`, `spawndist`, `currentwaypoint`, `curhealth`, `curmana`, `MovementType`, `npcflag`, `unit_flags`, `dynamicflags`) VALUES 
(@GUID + 1, 60708, 1008, 6125, 6125, 760, 1, 0, 0, 4197.54, 1591.49, 438.804, 6.24044, 300, 0, 0, 43613700, 0, 0, 0, 0, 0);
/*---------------------------------------------------------------------------------------------------------------*/

/*---------------------------------------------------------------------------------------------------------------*/
-- Qiang the Merciless
SET @GUID = (SELECT MAX(guid) FROM `creature`);
INSERT INTO `creature` (`guid`, `id`, `map`, `zoneId`, `areaId`, `spawnMask`, `phaseMask`, `modelid`, `equipment_id`, `position_x`, `position_y`, `position_z`, `orientation`, `spawntimesecs`, `spawndist`, `currentwaypoint`, `curhealth`, `curmana`, `MovementType`, `npcflag`, `unit_flags`, `dynamicflags`) VALUES 
(@GUID + 1, 60709, 1008, 6125, 6125, 760, 1, 0, 0, 4226.33, 1626.28, 438.804, 4.59662, 300, 0, 0, 43613700, 0, 0, 0, 0, 0);
/*---------------------------------------------------------------------------------------------------------------*/

/*---------------------------------------------------------------------------------------------------------------*/
-- Subetai the Swift
SET @GUID = (SELECT MAX(guid) FROM `creature`);
INSERT INTO `creature` (`guid`, `id`, `map`, `zoneId`, `areaId`, `spawnMask`, `phaseMask`, `modelid`, `equipment_id`, `position_x`, `position_y`, `position_z`, `orientation`, `spawntimesecs`, `spawndist`, `currentwaypoint`, `curhealth`, `curmana`, `MovementType`, `npcflag`, `unit_flags`, `dynamicflags`) VALUES 
(@GUID + 1, 60710, 1008, 6125, 6125, 760, 1, 0, 0, 4257.35, 1591.36, 438.805, 3.23001, 300, 0, 0, 43613700, 0, 0, 0, 0, 0);
/*---------------------------------------------------------------------------------------------------------------*/

/*---------------------------------------------------------------------------------------------------------------*/
-- Troll Explosives
SET @GUID = (SELECT MAX(guid) FROM `creature`);
INSERT INTO `creature` (`guid`, `id`, `map`, `zoneId`, `areaId`, `spawnMask`, `phaseMask`, `modelid`, `equipment_id`, `position_x`, `position_y`, `position_z`, `orientation`, `spawntimesecs`, `spawndist`, `currentwaypoint`, `curhealth`, `curmana`, `MovementType`, `npcflag`, `unit_flags`, `dynamicflags`) VALUES 
(@GUID + 1, 60644, 1008, 6125, 6125, 760, 1, 0, 0, 4196.7, 1372.44, 461.955, 4.52337, 300, 0, 0, 10, 0, 0, 0, 0, 0),
(@GUID + 2, 60644, 1008, 6125, 6125, 760, 1, 0, 0, 4253.97, 1437.71, 445.37, 6.2693, 300, 0, 0, 10, 0, 0, 0, 0, 0),
(@GUID + 3, 60644, 1008, 6125, 6125, 760, 1, 0, 0, 4196.72, 1310.78, 461.949, 1.6009, 300, 0, 0, 10, 0, 0, 0, 0, 0),
(@GUID + 4, 60644, 1008, 6125, 6125, 760, 1, 0, 0, 4299.75, 1437.73, 445.373, 3.20664, 300, 0, 0, 10, 0, 0, 0, 0, 0),
(@GUID + 5, 60644, 1008, 6125, 6125, 760, 1, 0, 0, 4187.24, 1347.68, 461.961, 3.15559, 300, 0, 0, 10, 0, 0, 0, 0, 0),
(@GUID + 6, 60644, 1008, 6125, 6125, 760, 1, 0, 0, 4186.96, 1335.28, 461.961, 3.0904, 300, 0, 0, 10, 0, 0, 0, 0, 0),
(@GUID + 7, 60644, 1008, 6125, 6125, 760, 1, 0, 0, 4202.1, 1360.21, 461.957, 4.69811, 300, 0, 0, 10, 0, 0, 0, 0, 0),
(@GUID + 8, 60644, 1008, 6125, 6125, 760, 1, 0, 0, 4201.89, 1322.99, 461.958, 1.53609, 300, 0, 0, 10, 0, 0, 0, 0, 0),
(@GUID + 9, 60644, 1008, 6125, 6125, 760, 1, 0, 0, 4254.59, 1422.13, 445.37, 6.25712, 300, 0, 0, 10, 0, 0, 0, 0, 0),
(@GUID + 10, 60644, 1008, 6125, 6125, 760, 1, 0, 0, 4299.61, 1421.95, 445.375, 3.0794, 300, 0, 0, 10, 0, 0, 0, 0, 0),
(@GUID + 11, 60644, 1008, 6125, 6125, 760, 1, 0, 0, 4262.79, 1414.4, 445.381, 1.56672, 300, 0, 0, 10, 0, 0, 0, 0, 0),
(@GUID + 12, 60644, 1008, 6125, 6125, 760, 1, 0, 0, 4291.51, 1414.24, 445.38, 3.2027, 300, 0, 0, 10, 0, 0, 0, 0, 0);
/*---------------------------------------------------------------------------------------------------------------*/

/*---------------------------------------------------------------------------------------------------------------*/
-- Qin-xi
SET @GUID = (SELECT MAX(guid) FROM `creature`);
INSERT INTO `creature` (`guid`, `id`, `map`, `zoneId`, `areaId`, `spawnMask`, `phaseMask`, `modelid`, `equipment_id`, `position_x`, `position_y`, `position_z`, `orientation`, `spawntimesecs`, `spawndist`, `currentwaypoint`, `curhealth`, `curmana`, `MovementType`, `npcflag`, `unit_flags`, `dynamicflags`) VALUES 
(@GUID + 1, 60399, 1008, 6125, 6125, 760, 1, 0, 0, 3817.66, 1517.56, 368.22, 3.17812, 300, 0, 0, 360, 0, 0, 0, 0, 0);
/*---------------------------------------------------------------------------------------------------------------*/

/*---------------------------------------------------------------------------------------------------------------*/
-- Jan-xi
SET @GUID = (SELECT MAX(guid) FROM `creature`);
INSERT INTO `creature` (`guid`, `id`, `map`, `zoneId`, `areaId`, `spawnMask`, `phaseMask`, `modelid`, `equipment_id`, `position_x`, `position_y`, `position_z`, `orientation`, `spawntimesecs`, `spawndist`, `currentwaypoint`, `curhealth`, `curmana`, `MovementType`, `npcflag`, `unit_flags`, `dynamicflags`) VALUES 
(@GUID + 1, 60400, 1008, 6125, 6125, 760, 1, 0, 0, 3817.58, 1583.18, 368.22, 3.17812, 300, 0, 0, 360, 0, 0, 0, 0, 0);

DELETE FROM `spell_target_position` WHERE `id` = 127712;
INSERT INTO `spell_target_position` (`id`, `effIndex`, `target_map`, `target_position_x`, `target_position_y`, `target_position_z`, `target_orientation`) VALUES 
(127712, 0, 1008, 3870, 1550, 362.3, 0);
/*---------------------------------------------------------------------------------------------------------------*/

/*---------------------------------------------------------------------------------------------------------------*/
-- Ancient Mogu Machine
SET @GUID = (SELECT MAX(guid) FROM `creature`);
INSERT INTO `creature` (`guid`, `id`, `map`, `zoneId`, `areaId`, `spawnMask`, `phaseMask`, `modelid`, `equipment_id`, `position_x`, `position_y`, `position_z`, `orientation`, `spawntimesecs`, `spawndist`, `currentwaypoint`, `curhealth`, `curmana`, `MovementType`, `npcflag`, `unit_flags`, `dynamicflags`) VALUES 
(@GUID + 1, 60648, 1008, 6125, 6125, 760, 1, 0, 0, 3869.82, 1550.58, 362.283, 3.24919, 300, 0, 0, 1, 0, 0, 0, 0, 0);
/*---------------------------------------------------------------------------------------------------------------*/

/*---------------------------------------------------------------------------------------------------------------*/
-- Controller
SET @GUID = (SELECT MAX(guid) FROM `creature`);
INSERT INTO `creature` (`guid`, `id`, `map`, `zoneId`, `areaId`, `spawnMask`, `phaseMask`, `modelid`, `equipment_id`, `position_x`, `position_y`, `position_z`, `orientation`, `spawntimesecs`, `spawndist`, `currentwaypoint`, `curhealth`, `curmana`, `MovementType`, `npcflag`, `unit_flags`, `dynamicflags`) VALUES 
(@GUID + 1, 60984, 1008, 6125, 6125, 760, 1, 0, 0, 4227.09, 1592.15, 438.804, 1.4834, 300, 0, 0, 843184, 0, 0, 0, 0, 0);
/*---------------------------------------------------------------------------------------------------------------*/

/*---------------------------------------------------------------------------------------------------------------*/
-- Wind Wall
SET @GUID = (SELECT MAX(guid) FROM `gameobject`);
INSERT INTO `gameobject` (`guid`, `id`, `map`, `zoneId`, `areaId`, `spawnMask`, `phaseMask`, `position_x`, `position_y`, `position_z`, `orientation`, `rotation0`, `rotation1`, `rotation2`, `rotation3`, `spawntimesecs`, `animprogress`, `state`) VALUES 
(@GUID + 1, 215114, 1008, 6125, 6125, 760, 1, 4262.08, 1577.39, 438.804, 2.74763, 0, 0, 0, 1, 7200, 255, 0),
(@GUID + 2, 215114, 1008, 6125, 6125, 760, 1, 4192.52, 1577.41, 438.804, 0.334916, 0, 0, 0, 1, 7200, 255, 0),
(@GUID + 3, 215114, 1008, 6125, 6125, 760, 1, 4262.08, 1577.39, 438.804, 2.74763, 0, 0, 0, 1, 7200, 255, 0),
(@GUID + 4, 215114, 1008, 6125, 6125, 760, 1, 4192.52, 1577.41, 438.804, 0.334916, 0, 0, 0, 1, 7200, 255, 0),
(@GUID + 5, 215114, 1008, 6125, 6125, 760, 1, 4262.08, 1577.39, 438.804, 2.74763, 0, 0, 0, 1, 7200, 255, 0),
(@GUID + 6, 215114, 1008, 6125, 6125, 760, 1, 4192.52, 1577.41, 438.804, 0.334916, 0, 0, 0, 1, 7200, 255, 0),
(@GUID + 7, 215114, 1008, 6125, 6125, 760, 1, 4262.08, 1577.39, 438.804, 2.74763, 0, 0, 0, 1, 7200, 255, 0),
(@GUID + 8, 215114, 1008, 6125, 6125, 760, 1, 4192.52, 1577.41, 438.804, 0.334916, 0, 0, 0, 1, 7200, 255, 0);
/*---------------------------------------------------------------------------------------------------------------*/

/*---------------------------------------------------------------------------------------------------------------*/
-- Mogu_Raised_Gate01
SET @GUID = (SELECT MAX(guid) FROM `gameobject`);
INSERT INTO `gameobject` (`guid`, `id`, `map`, `zoneId`, `areaId`, `spawnMask`, `phaseMask`, `position_x`, `position_y`, `position_z`, `orientation`, `rotation0`, `rotation1`, `rotation2`, `rotation3`, `spawntimesecs`, `animprogress`, `state`) VALUES 
(@GUID + 1, 213933, 1008, 6125, 6125, 760, 1, 4276.79, 1382.72, 454.158, 4.71239, 0, 0, 0, 1, 7200, 255, 0),
(@GUID + 2, 213933, 1008, 6125, 6125, 760, 1, 4236.15, 1341.33, 454.158, 0, 0, 0, 0, 1, 7200, 255, 0);
/*---------------------------------------------------------------------------------------------------------------*/

/*---------------------------------------------------------------------------------------------------------------*/
-- Feng's Door
SET @GUID = (SELECT MAX(guid) FROM `gameobject`);
INSERT INTO `gameobject` (`guid`, `id`, `map`, `zoneId`, `areaId`, `spawnMask`, `phaseMask`, `position_x`, `position_y`, `position_z`, `orientation`, `rotation0`, `rotation1`, `rotation2`, `rotation3`, `spawntimesecs`, `animprogress`, `state`) VALUES 
(@GUID + 1, 214452, 1008, 6125, 6125, 760, 1, 4077.35, 1341.2, 466.305, 0.0109063, 0, 0, 0, 1, 7200, 255, 0),
(@GUID + 2, 214452, 1008, 6125, 6125, 760, 1, 4005.69, 1341.5, 466.304, 0.0109063, 0, 0, 0, 1, 7200, 255, 0);
/*---------------------------------------------------------------------------------------------------------------*/

/*---------------------------------------------------------------------------------------------------------------*/
-- Celestial Control Console
SET @GUID = (SELECT MAX(guid) FROM `gameobject`);
INSERT INTO `gameobject` (`guid`, `id`, `map`, `zoneId`, `areaId`, `spawnMask`, `phaseMask`, `position_x`, `position_y`, `position_z`, `orientation`, `rotation0`, `rotation1`, `rotation2`, `rotation3`, `spawntimesecs`, `animprogress`, `state`) VALUES 
(@GUID + 1, 211650, 1008, 6125, 6125, 760, 1, 4023.13, 1863.6, 358.788, 4.70866, 0, 0, 0, 1, 7200, 255, 1);
/*---------------------------------------------------------------------------------------------------------------*/

/*---------------------------------------------------------------------------------------------------------------*/
-- Celestial's Door
SET @GUID = (SELECT MAX(guid) FROM `gameobject`);
INSERT INTO `gameobject` (`guid`, `id`, `map`, `zoneId`, `areaId`, `spawnMask`, `phaseMask`, `position_x`, `position_y`, `position_z`, `orientation`, `rotation0`, `rotation1`, `rotation2`, `rotation3`, `spawntimesecs`, `animprogress`, `state`) VALUES 
(@GUID + 1, 214412, 1008, 6125, 6125, 760, 1, 4023.78, 1834.62, 358.788, 1.56657, 0, 0, 0, 1, 7200, 255, 0);
/*---------------------------------------------------------------------------------------------------------------*/

/*---------------------------------------------------------------------------------------------------------------*/
-- Nullification Barrier
SET @GUID = (SELECT MAX(guid) FROM `gameobject`);
INSERT INTO `gameobject` (`guid`, `id`, `map`, `zoneId`, `areaId`, `spawnMask`, `phaseMask`, `position_x`, `position_y`, `position_z`, `orientation`, `rotation0`, `rotation1`, `rotation2`, `rotation3`, `spawntimesecs`, `animprogress`, `state`) VALUES 
(@GUID + 1, 211626, 1008, 6125, 6125, 760, 65535, 4027.3, 1331.39, 466.3, 3.11775, 0, 0, 0.999929, 0.0119199, 300, 0, 1);
/*---------------------------------------------------------------------------------------------------------------*/

/*---------------------------------------------------------------------------------------------------------------*/
-- Shroud of Reversal
SET @GUID = (SELECT MAX(guid) FROM `gameobject`);
INSERT INTO `gameobject` (`guid`, `id`, `map`, `zoneId`, `areaId`, `spawnMask`, `phaseMask`, `position_x`, `position_y`, `position_z`, `orientation`, `rotation0`, `rotation1`, `rotation2`, `rotation3`, `spawntimesecs`, `animprogress`, `state`) VALUES 
(@GUID + 1, 211628, 1008, 6125, 6125, 760, 1, 4028.32, 1352.85, 468.809, 5.25201, 0, 0, 0, 1, 7200, 255, 1);
/*---------------------------------------------------------------------------------------------------------------*/

/*---------------------------------------------------------------------------------------------------------------*/
-- Titan Energy Ring
SET @GUID = (SELECT MAX(guid) FROM `gameobject`);
INSERT INTO `gameobject` (`guid`, `id`, `map`, `zoneId`, `areaId`, `spawnMask`, `phaseMask`, `position_x`, `position_y`, `position_z`, `orientation`, `rotation0`, `rotation1`, `rotation2`, `rotation3`, `spawntimesecs`, `animprogress`, `state`) VALUES 
(@GUID + 1, 213528, 1008, 6125, 6125, 760, 1, 4023.16, 1907.61, 300.17, 3.14159, 0, 0, 1, -0.0000000437114, 7200, 255, 0);
/*---------------------------------------------------------------------------------------------------------------*/

/*---------------------------------------------------------------------------------------------------------------*/
-- Stone Guards Door
SET @GUID = (SELECT MAX(guid) FROM `gameobject`);
INSERT INTO `gameobject` (`guid`, `id`, `map`, `zoneId`, `areaId`, `spawnMask`, `phaseMask`, `position_x`, `position_y`, `position_z`, `orientation`, `rotation0`, `rotation1`, `rotation2`, `rotation3`, `spawntimesecs`, `animprogress`, `state`) VALUES 
(@GUID + 1, 214497, 1008, 6125, 6125, 760, 1, 3899.17, 1140.78, 481.129, 4.71198, 0, 0, 0, 1, 7200, 255, 0);
/*---------------------------------------------------------------------------------------------------------------*/

/*---------------------------------------------------------------------------------------------------------------*/
-- Mogu Energy Rune
SET @GUID = (SELECT MAX(guid) FROM `gameobject`);
INSERT INTO `gameobject` (`guid`, `id`, `map`, `zoneId`, `areaId`, `spawnMask`, `phaseMask`, `position_x`, `position_y`, `position_z`, `orientation`, `rotation0`, `rotation1`, `rotation2`, `rotation3`, `spawntimesecs`, `animprogress`, `state`) VALUES 
(@GUID + 1, 213955, 1008, 6125, 6125, 760, 1, 4023.26, 1934.44, 95.6294, 3.1431, 0, 0, 1, -0.0000000437114, 7200, 255, 2);
/*---------------------------------------------------------------------------------------------------------------*/

/*---------------------------------------------------------------------------------------------------------------*/
-- Mogu Energy Rune
SET @GUID = (SELECT MAX(guid) FROM `gameobject`);
INSERT INTO `gameobject` (`guid`, `id`, `map`, `zoneId`, `areaId`, `spawnMask`, `phaseMask`, `position_x`, `position_y`, `position_z`, `orientation`, `rotation0`, `rotation1`, `rotation2`, `rotation3`, `spawntimesecs`, `animprogress`, `state`) VALUES 
(@GUID + 1, 213952, 1008, 6125, 6125, 760, 1, 4023.26, 1936.81, 137.717, 3.1431, 0, 0, 1, -0.0000000437114, 7200, 255, 2);
/*---------------------------------------------------------------------------------------------------------------*/

/*---------------------------------------------------------------------------------------------------------------*/
-- Mogu Energy Rune
SET @GUID = (SELECT MAX(guid) FROM `gameobject`);
INSERT INTO `gameobject` (`guid`, `id`, `map`, `zoneId`, `areaId`, `spawnMask`, `phaseMask`, `position_x`, `position_y`, `position_z`, `orientation`, `rotation0`, `rotation1`, `rotation2`, `rotation3`, `spawntimesecs`, `animprogress`, `state`) VALUES 
(@GUID + 1, 213948, 1008, 6125, 6125, 760, 1, 4023.26, 1939.19, 181.318, 3.1431, 0, 0, 1, -0.0000000437114, 7200, 255, 2);
/*---------------------------------------------------------------------------------------------------------------*/

/*---------------------------------------------------------------------------------------------------------------*/
-- Mogu Energy Rune
SET @GUID = (SELECT MAX(guid) FROM `gameobject`);
INSERT INTO `gameobject` (`guid`, `id`, `map`, `zoneId`, `areaId`, `spawnMask`, `phaseMask`, `position_x`, `position_y`, `position_z`, `orientation`, `rotation0`, `rotation1`, `rotation2`, `rotation3`, `spawntimesecs`, `animprogress`, `state`) VALUES 
(@GUID + 1, 213954, 1008, 6125, 6125, 760, 1, 3996.32, 1907.69, 95.6294, 4.71239, 0, 0, 1, -0.0000000437114, 7200, 255, 2);
/*---------------------------------------------------------------------------------------------------------------*/

/*---------------------------------------------------------------------------------------------------------------*/
-- Mogu Energy Rune
SET @GUID = (SELECT MAX(guid) FROM `gameobject`);
INSERT INTO `gameobject` (`guid`, `id`, `map`, `zoneId`, `areaId`, `spawnMask`, `phaseMask`, `position_x`, `position_y`, `position_z`, `orientation`, `rotation0`, `rotation1`, `rotation2`, `rotation3`, `spawntimesecs`, `animprogress`, `state`) VALUES 
(@GUID + 1, 213949, 1008, 6125, 6125, 760, 1, 4052.37, 1907.5, 137.717, 1.5708, 0, 0, 1, -0.0000000437114, 7200, 255, 2);
/*---------------------------------------------------------------------------------------------------------------*/

/*---------------------------------------------------------------------------------------------------------------*/
-- Mogu Energy Rune
SET @GUID = (SELECT MAX(guid) FROM `gameobject`);
INSERT INTO `gameobject` (`guid`, `id`, `map`, `zoneId`, `areaId`, `spawnMask`, `phaseMask`, `position_x`, `position_y`, `position_z`, `orientation`, `rotation0`, `rotation1`, `rotation2`, `rotation3`, `spawntimesecs`, `animprogress`, `state`) VALUES 
(@GUID + 1, 213944, 1008, 6125, 6125, 760, 1, 4023.26, 1941.81, 224.676, 3.1431, 0, 0, 1, -0.0000000437114, 7200, 255, 2);
/*---------------------------------------------------------------------------------------------------------------*/

/*---------------------------------------------------------------------------------------------------------------*/
-- Mogu Energy Rune
SET @GUID = (SELECT MAX(guid) FROM `gameobject`);
INSERT INTO `gameobject` (`guid`, `id`, `map`, `zoneId`, `areaId`, `spawnMask`, `phaseMask`, `position_x`, `position_y`, `position_z`, `orientation`, `rotation0`, `rotation1`, `rotation2`, `rotation3`, `spawntimesecs`, `animprogress`, `state`) VALUES 
(@GUID + 1, 213937, 1008, 6125, 6125, 760, 1, 4023.26, 1943.66, 260.993, 3.1431, 0, 0, 1, -0.0000000437114, 7200, 255, 2);
/*---------------------------------------------------------------------------------------------------------------*/

/*---------------------------------------------------------------------------------------------------------------*/
-- Mogu Energy Rune
SET @GUID = (SELECT MAX(guid) FROM `gameobject`);
INSERT INTO `gameobject` (`guid`, `id`, `map`, `zoneId`, `areaId`, `spawnMask`, `phaseMask`, `position_x`, `position_y`, `position_z`, `orientation`, `rotation0`, `rotation1`, `rotation2`, `rotation3`, `spawntimesecs`, `animprogress`, `state`) VALUES 
(@GUID + 1, 213951, 1008, 6125, 6125, 760, 1, 3993.95, 1907.69, 137.717, 4.71239, 0, 0, 1, -0.0000000437114, 7200, 255, 2);
/*---------------------------------------------------------------------------------------------------------------*/

/*---------------------------------------------------------------------------------------------------------------*/
-- Mogu Energy Rune
SET @GUID = (SELECT MAX(guid) FROM `gameobject`);
INSERT INTO `gameobject` (`guid`, `id`, `map`, `zoneId`, `areaId`, `spawnMask`, `phaseMask`, `position_x`, `position_y`, `position_z`, `orientation`, `rotation0`, `rotation1`, `rotation2`, `rotation3`, `spawntimesecs`, `animprogress`, `state`) VALUES 
(@GUID + 1, 213953, 1008, 6125, 6125, 760, 1, 4023.06, 1880.76, 95.6294, 0, 0, 0, 1, -0.0000000437114, 7200, 255, 2);
/*---------------------------------------------------------------------------------------------------------------*/

/*---------------------------------------------------------------------------------------------------------------*/
-- Mogu Energy Rune
SET @GUID = (SELECT MAX(guid) FROM `gameobject`);
INSERT INTO `gameobject` (`guid`, `id`, `map`, `zoneId`, `areaId`, `spawnMask`, `phaseMask`, `position_x`, `position_y`, `position_z`, `orientation`, `rotation0`, `rotation1`, `rotation2`, `rotation3`, `spawntimesecs`, `animprogress`, `state`) VALUES 
(@GUID + 1, 213945, 1008, 6125, 6125, 760, 1, 4054.75, 1907.5, 181.318, 1.5708, 0, 0, 1, -0.0000000437114, 7200, 255, 2);
/*---------------------------------------------------------------------------------------------------------------*/

/*---------------------------------------------------------------------------------------------------------------*/
-- Mogu Energy Rune
SET @GUID = (SELECT MAX(guid) FROM `gameobject`);
INSERT INTO `gameobject` (`guid`, `id`, `map`, `zoneId`, `areaId`, `spawnMask`, `phaseMask`, `position_x`, `position_y`, `position_z`, `orientation`, `rotation0`, `rotation1`, `rotation2`, `rotation3`, `spawntimesecs`, `animprogress`, `state`) VALUES 
(@GUID + 1, 213947, 1008, 6125, 6125, 760, 1, 3991.57, 1907.69, 181.318, 4.71239, 0, 0, 1, -0.0000000437114, 7200, 255, 2);
/*---------------------------------------------------------------------------------------------------------------*/

/*---------------------------------------------------------------------------------------------------------------*/
-- Mogu Energy Rune
SET @GUID = (SELECT MAX(guid) FROM `gameobject`);
INSERT INTO `gameobject` (`guid`, `id`, `map`, `zoneId`, `areaId`, `spawnMask`, `phaseMask`, `position_x`, `position_y`, `position_z`, `orientation`, `rotation0`, `rotation1`, `rotation2`, `rotation3`, `spawntimesecs`, `animprogress`, `state`) VALUES 
(@GUID + 1, 213941, 1008, 6125, 6125, 760, 1, 4057.38, 1907.5, 224.676, 1.5708, 0, 0, 1, -0.0000000437114, 7200, 255, 2);
/*---------------------------------------------------------------------------------------------------------------*/

/*---------------------------------------------------------------------------------------------------------------*/
-- Mogu Energy Rune
SET @GUID = (SELECT MAX(guid) FROM `gameobject`);
INSERT INTO `gameobject` (`guid`, `id`, `map`, `zoneId`, `areaId`, `spawnMask`, `phaseMask`, `position_x`, `position_y`, `position_z`, `orientation`, `rotation0`, `rotation1`, `rotation2`, `rotation3`, `spawntimesecs`, `animprogress`, `state`) VALUES 
(@GUID + 1, 213950, 1008, 6125, 6125, 760, 1, 4023.06, 1878.39, 137.717, 0, 0, 0, 1, -0.0000000437114, 7200, 255, 2);
/*---------------------------------------------------------------------------------------------------------------*/

/*---------------------------------------------------------------------------------------------------------------*/
-- Mogu Energy Rune
SET @GUID = (SELECT MAX(guid) FROM `gameobject`);
INSERT INTO `gameobject` (`guid`, `id`, `map`, `zoneId`, `areaId`, `spawnMask`, `phaseMask`, `position_x`, `position_y`, `position_z`, `orientation`, `rotation0`, `rotation1`, `rotation2`, `rotation3`, `spawntimesecs`, `animprogress`, `state`) VALUES 
(@GUID + 1, 213940, 1008, 6125, 6125, 760, 1, 4059.22, 1907.5, 260.993, 1.5708, 0, 0, 1, -0.0000000437114, 7200, 255, 2);
/*---------------------------------------------------------------------------------------------------------------*/

/*---------------------------------------------------------------------------------------------------------------*/
-- Mogu Energy Rune
SET @GUID = (SELECT MAX(guid) FROM `gameobject`);
INSERT INTO `gameobject` (`guid`, `id`, `map`, `zoneId`, `areaId`, `spawnMask`, `phaseMask`, `position_x`, `position_y`, `position_z`, `orientation`, `rotation0`, `rotation1`, `rotation2`, `rotation3`, `spawntimesecs`, `animprogress`, `state`) VALUES 
(@GUID + 1, 213943, 1008, 6125, 6125, 760, 1, 3988.94, 1907.69, 224.676, 4.71239, 0, 0, 1, -0.0000000437114, 7200, 255, 2);
/*---------------------------------------------------------------------------------------------------------------*/

/*---------------------------------------------------------------------------------------------------------------*/
-- Mogu Energy Rune
SET @GUID = (SELECT MAX(guid) FROM `gameobject`);
INSERT INTO `gameobject` (`guid`, `id`, `map`, `zoneId`, `areaId`, `spawnMask`, `phaseMask`, `position_x`, `position_y`, `position_z`, `orientation`, `rotation0`, `rotation1`, `rotation2`, `rotation3`, `spawntimesecs`, `animprogress`, `state`) VALUES 
(@GUID + 1, 213938, 1008, 6125, 6125, 760, 1, 3987.1, 1907.69, 260.993, 4.71239, 0, 0, 1, -0.0000000437114, 7200, 255, 2);
/*---------------------------------------------------------------------------------------------------------------*/

/*---------------------------------------------------------------------------------------------------------------*/
-- Mogu Energy Rune
SET @GUID = (SELECT MAX(guid) FROM `gameobject`);
INSERT INTO `gameobject` (`guid`, `id`, `map`, `zoneId`, `areaId`, `spawnMask`, `phaseMask`, `position_x`, `position_y`, `position_z`, `orientation`, `rotation0`, `rotation1`, `rotation2`, `rotation3`, `spawntimesecs`, `animprogress`, `state`) VALUES 
(@GUID + 1, 213946, 1008, 6125, 6125, 760, 1, 4023.06, 1876.01, 181.318, 0, 0, 0, 1, -0.0000000437114, 7200, 255, 2);
/*---------------------------------------------------------------------------------------------------------------*/

/*---------------------------------------------------------------------------------------------------------------*/
-- Titan Energy Ring
SET @GUID = (SELECT MAX(guid) FROM `gameobject`);
INSERT INTO `gameobject` (`guid`, `id`, `map`, `zoneId`, `areaId`, `spawnMask`, `phaseMask`, `position_x`, `position_y`, `position_z`, `orientation`, `rotation0`, `rotation1`, `rotation2`, `rotation3`, `spawntimesecs`, `animprogress`, `state`) VALUES 
(@GUID + 1, 213527, 1008, 6125, 6125, 760, 1, 4023.16, 1907.61, 326.197, 3.14159, 0, 0, 1, -0.0000000437114, 7200, 255, 0);
/*---------------------------------------------------------------------------------------------------------------*/

/*---------------------------------------------------------------------------------------------------------------*/
-- Titan Energy Discs
SET @GUID = (SELECT MAX(guid) FROM `gameobject`);
INSERT INTO `gameobject` (`guid`, `id`, `map`, `zoneId`, `areaId`, `spawnMask`, `phaseMask`, `position_x`, `position_y`, `position_z`, `orientation`, `rotation0`, `rotation1`, `rotation2`, `rotation3`, `spawntimesecs`, `animprogress`, `state`) VALUES 
(@GUID + 1, 213506, 1008, 6125, 6125, 760, 1, 4022.84, 1908.99, 358.941, 3.14159, 0, 0, 1, -0.0000000437114, 7200, 255, 0);
/*---------------------------------------------------------------------------------------------------------------*/

/*---------------------------------------------------------------------------------------------------------------*/
-- Titan Energy Ring
SET @GUID = (SELECT MAX(guid) FROM `gameobject`);
INSERT INTO `gameobject` (`guid`, `id`, `map`, `zoneId`, `areaId`, `spawnMask`, `phaseMask`, `position_x`, `position_y`, `position_z`, `orientation`, `rotation0`, `rotation1`, `rotation2`, `rotation3`, `spawntimesecs`, `animprogress`, `state`) VALUES 
(@GUID + 1, 213529, 1008, 6125, 6125, 760, 1, 4023.16, 1907.61, 353.23, 3.14159, 0, 0, 1, -0.0000000437114, 7200, 255, 0);
/*---------------------------------------------------------------------------------------------------------------*/

/*---------------------------------------------------------------------------------------------------------------*/
-- Mogu Energy Rune
SET @GUID = (SELECT MAX(guid) FROM `gameobject`);
INSERT INTO `gameobject` (`guid`, `id`, `map`, `zoneId`, `areaId`, `spawnMask`, `phaseMask`, `position_x`, `position_y`, `position_z`, `orientation`, `rotation0`, `rotation1`, `rotation2`, `rotation3`, `spawntimesecs`, `animprogress`, `state`) VALUES 
(@GUID + 1, 213942, 1008, 6125, 6125, 760, 1, 4023.06, 1873.38, 224.676, 0, 0, 0, 1, -0.0000000437114, 7200, 255, 2);
/*---------------------------------------------------------------------------------------------------------------*/

/*---------------------------------------------------------------------------------------------------------------*/
-- Mogu Energy Rune
SET @GUID = (SELECT MAX(guid) FROM `gameobject`);
INSERT INTO `gameobject` (`guid`, `id`, `map`, `zoneId`, `areaId`, `spawnMask`, `phaseMask`, `position_x`, `position_y`, `position_z`, `orientation`, `rotation0`, `rotation1`, `rotation2`, `rotation3`, `spawntimesecs`, `animprogress`, `state`) VALUES 
(@GUID + 1, 213939, 1008, 6125, 6125, 760, 1, 4023.06, 1871.54, 260.993, 0, 0, 0, 1, -0.0000000437114, 7200, 255, 2);
/*---------------------------------------------------------------------------------------------------------------*/

/*---------------------------------------------------------------------------------------------------------------*/
-- Mysterious Wall
SET @GUID = (SELECT MAX(guid) FROM `gameobject`);
INSERT INTO `gameobject` (`guid`, `id`, `map`, `zoneId`, `areaId`, `spawnMask`, `phaseMask`, `position_x`, `position_y`, `position_z`, `orientation`, `rotation0`, `rotation1`, `rotation2`, `rotation3`, `spawntimesecs`, `animprogress`, `state`) VALUES 
(@GUID + 1, 213373, 1008, 6125, 6125, 760, 1, 4227.27, 1560.16, 423.97, 3.14159, 0, 0, 1, -0.0000000437114, 7200, 255, 1);
/*---------------------------------------------------------------------------------------------------------------*/

/*---------------------------------------------------------------------------------------------------------------*/
-- Ancient Mogu Door
SET @GUID = (SELECT MAX(guid) FROM `gameobject`);
INSERT INTO `gameobject` (`guid`, `id`, `map`, `zoneId`, `areaId`, `spawnMask`, `phaseMask`, `position_x`, `position_y`, `position_z`, `orientation`, `rotation0`, `rotation1`, `rotation2`, `rotation3`, `spawntimesecs`, `animprogress`, `state`) VALUES 
(@GUID + 1, 213285, 1008, 6125, 6125, 760, 1, 4277.06, 1443.34, 445.364, 4.71239, 0, 0, 1, -0.0000000437114, 7200, 255, 1);
/*---------------------------------------------------------------------------------------------------------------*/

/*---------------------------------------------------------------------------------------------------------------*/
-- Outer Doors
SET @GUID = (SELECT MAX(guid) FROM `gameobject`);
INSERT INTO `gameobject` (`guid`, `id`, `map`, `zoneId`, `areaId`, `spawnMask`, `phaseMask`, `position_x`, `position_y`, `position_z`, `orientation`, `rotation0`, `rotation1`, `rotation2`, `rotation3`, `spawntimesecs`, `animprogress`, `state`) VALUES 
(@GUID + 1, 210868, 1008, 0, 0, 760, 1, 3699.75, 545.34, 639.629, 3.01941, 0, 0, 0.998135, 0.0610487, 7200, 255, 1);
/*---------------------------------------------------------------------------------------------------------------*/

/*---------------------------------------------------------------------------------------------------------------*/
-- Inner Doors
SET @GUID = (SELECT MAX(guid) FROM `gameobject`);
INSERT INTO `gameobject` (`guid`, `id`, `map`, `zoneId`, `areaId`, `spawnMask`, `phaseMask`, `position_x`, `position_y`, `position_z`, `orientation`, `rotation0`, `rotation1`, `rotation2`, `rotation3`, `spawntimesecs`, `animprogress`, `state`) VALUES 
(@GUID + 1, 211693, 1008, 0, 0, 760, 1, 3745.49, 539.723, 639.013, 3.01941, 0, 0, 0.998135, 0.0610487, 7200, 255, 1);
/*---------------------------------------------------------------------------------------------------------------*/

/*---------------------------------------------------------------------------------------------------------------*/
-- Ancient Mogu Door
SET @GUID = (SELECT MAX(guid) FROM `gameobject`);
INSERT INTO `gameobject` (`guid`, `id`, `map`, `zoneId`, `areaId`, `spawnMask`, `phaseMask`, `position_x`, `position_y`, `position_z`, `orientation`, `rotation0`, `rotation1`, `rotation2`, `rotation3`, `spawntimesecs`, `animprogress`, `state`) VALUES 
(@GUID + 1, 213258, 1008, 6125, 6125, 760, 1, 3998.88, 1550.36, 374.166, 0, 0, 0, 1, -0.0000000437114, 7200, 255, 1);
/*---------------------------------------------------------------------------------------------------------------*/

/*---------------------------------------------------------------------------------------------------------------*/
-- Ancient Mogu Door
SET @GUID = (SELECT MAX(guid) FROM `gameobject`);
INSERT INTO `gameobject` (`guid`, `id`, `map`, `zoneId`, `areaId`, `spawnMask`, `phaseMask`, `position_x`, `position_y`, `position_z`, `orientation`, `rotation0`, `rotation1`, `rotation2`, `rotation3`, `spawntimesecs`, `animprogress`, `state`) VALUES 
(@GUID + 1, 214696, 1008, 6125, 6125, 760, 1, 4177.42, 1341.57, 461.907, 0, 0, 0, 1, -0.0000000437114, 7200, 255, 1);
/*---------------------------------------------------------------------------------------------------------------*/

/*---------------------------------------------------------------------------------------------------------------*/
-- Doodad_Mogu_Statue_MoguShanVaults004
SET @GUID = (SELECT MAX(guid) FROM `gameobject`);
INSERT INTO `gameobject` (`guid`, `id`, `map`, `zoneId`, `areaId`, `spawnMask`, `phaseMask`, `position_x`, `position_y`, `position_z`, `orientation`, `rotation0`, `rotation1`, `rotation2`, `rotation3`, `spawntimesecs`, `animprogress`, `state`) VALUES 
(@GUID + 1, 213247, 1008, 6125, 6125, 760, 1, 4069.48, 1389.81, 401.449, 4.27606, 0, 0, 1, -0.0000000437114, 7200, 255, 2);
/*---------------------------------------------------------------------------------------------------------------*/

/*---------------------------------------------------------------------------------------------------------------*/
-- Doodad_Mogu_Statue_MoguShanVaults003
SET @GUID = (SELECT MAX(guid) FROM `gameobject`);
INSERT INTO `gameobject` (`guid`, `id`, `map`, `zoneId`, `areaId`, `spawnMask`, `phaseMask`, `position_x`, `position_y`, `position_z`, `orientation`, `rotation0`, `rotation1`, `rotation2`, `rotation3`, `spawntimesecs`, `animprogress`, `state`) VALUES 
(@GUID + 1, 213248, 1008, 6125, 6125, 760, 1, 4014.91, 1389.01, 401.449, 5.32326, 0, 0, 1, -0.0000000437114, 7200, 255, 1);
/*---------------------------------------------------------------------------------------------------------------*/

/*---------------------------------------------------------------------------------------------------------------*/
-- Doodad_Mogu_Statue_MoguShanVaults001
SET @GUID = (SELECT MAX(guid) FROM `gameobject`);
INSERT INTO `gameobject` (`guid`, `id`, `map`, `zoneId`, `areaId`, `spawnMask`, `phaseMask`, `position_x`, `position_y`, `position_z`, `orientation`, `rotation0`, `rotation1`, `rotation2`, `rotation3`, `spawntimesecs`, `animprogress`, `state`) VALUES 
(@GUID + 1, 213246, 1008, 6125, 6125, 760, 1, 4069.11, 1293.33, 401.449, 2.09439, 0, 0, 1, -0.0000000437114, 7200, 255, 1);
/*---------------------------------------------------------------------------------------------------------------*/

/*---------------------------------------------------------------------------------------------------------------*/
-- Doodad_Mogu_Statue_MoguShanVaults002
SET @GUID = (SELECT MAX(guid) FROM `gameobject`);
INSERT INTO `gameobject` (`guid`, `id`, `map`, `zoneId`, `areaId`, `spawnMask`, `phaseMask`, `position_x`, `position_y`, `position_z`, `orientation`, `rotation0`, `rotation1`, `rotation2`, `rotation3`, `spawntimesecs`, `animprogress`, `state`) VALUES 
(@GUID + 1, 213245, 1008, 6125, 6125, 760, 1, 4014.96, 1295.43, 401.449, 0.872664, 0, 0, 1, -0.0000000437114, 7200, 255, 1);
/*---------------------------------------------------------------------------------------------------------------*/

/*---------------------------------------------------------------------------------------------------------------*/
-- Ancient Mogu Door
SET @GUID = (SELECT MAX(guid) FROM `gameobject`);
INSERT INTO `gameobject` (`guid`, `id`, `map`, `zoneId`, `areaId`, `spawnMask`, `phaseMask`, `position_x`, `position_y`, `position_z`, `orientation`, `rotation0`, `rotation1`, `rotation2`, `rotation3`, `spawntimesecs`, `animprogress`, `state`) VALUES 
(@GUID + 1, 214526, 1008, 6125, 6125, 760, 1, 3899.39, 1290.8, 470.851, 4.71239, 0, 0, 1, -0.0000000437114, 7200, 255, 1);
/*---------------------------------------------------------------------------------------------------------------*/

/*---------------------------------------------------------------------------------------------------------------*/
-- Instance Portal (Raid 4 Difficulties\)
SET @GUID = (SELECT MAX(guid) FROM `gameobject`);
INSERT INTO `gameobject` (`guid`, `id`, `map`, `zoneId`, `areaId`, `spawnMask`, `phaseMask`, `position_x`, `position_y`, `position_z`, `orientation`, `rotation0`, `rotation1`, `rotation2`, `rotation3`, `spawntimesecs`, `animprogress`, `state`) VALUES 
(@GUID + 1, 214441, 1008, 6125, 6125, 760, 1, 3848.87, 1044.63, 492.389, 0.0197337, 0, 0, 0, 1, 7200, 255, 1);
/*---------------------------------------------------------------------------------------------------------------*/

/*---------------------------------------------------------------------------------------------------------------*/
-- Energy platform
SET @GUID = (SELECT MAX(guid) FROM `gameobject`);
INSERT INTO `gameobject` (`guid`, `id`, `map`, `zoneId`, `areaId`, `spawnMask`, `phaseMask`, `position_x`, `position_y`, `position_z`, `orientation`, `rotation0`, `rotation1`, `rotation2`, `rotation3`, `spawntimesecs`, `animprogress`, `state`) VALUES 
(@GUID + 1, 213526, 1008, 6125, 6125, 760, 1, 4023.15, 1907.6, 360, 3.14159, 0.000488281, 0.00030613, 0.292623, 0.995623, 300, 0, 1);
/*---------------------------------------------------------------------------------------------------------------*/

/*---------------------------------------------------------------------------------------------------------------*/
-- Ancient Control Console
SET @GUID = (SELECT MAX(guid) FROM `gameobject`);
INSERT INTO `gameobject` (`guid`, `id`, `map`, `zoneId`, `areaId`, `spawnMask`, `phaseMask`, `position_x`, `position_y`, `position_z`, `orientation`, `rotation0`, `rotation1`, `rotation2`, `rotation3`, `spawntimesecs`, `animprogress`, `state`) VALUES 
(@GUID + 1, 211584, 1008, 6125, 6125, 760, 1, 3942.39, 1550.27, 369.561, 0.0175383, 0, 0, 0, 1, 7200, 255, 1);
/*---------------------------------------------------------------------------------------------------------------*/

/*---------------------------------------------------------------------------------------------------------------*/
-- Terracotta Army Door
SET @GUID = (SELECT MAX(guid) FROM `gameobject`);
INSERT INTO `gameobject` (`guid`, `id`, `map`, `zoneId`, `areaId`, `spawnMask`, `phaseMask`, `position_x`, `position_y`, `position_z`, `orientation`, `rotation0`, `rotation1`, `rotation2`, `rotation3`, `spawntimesecs`, `animprogress`, `state`) VALUES 
(@GUID + 1, 211603, 1008, 6125, 6125, 760, 1, 3934.41, 1524.99, 362.313, 3.12434, 0, 0, 0, 1, 7200, 255, 0),
(@GUID + 2, 211603, 1008, 6125, 6125, 760, 1, 3934.33, 1575.06, 362.313, 3.12187, 0, 0, 0, 1, 7200, 255, 0);
/*---------------------------------------------------------------------------------------------------------------*/
